player,hard_elo,clay_elo,grass_elo,overall_elo,hard_matches,clay_matches,grass_matches,current_rank,days_since_last_match,recent_form_residual
Abanda F.,1492.8725082754668,1495.533036673915,1495.5184511837244,1494.2463273354538,24,2,2,361.0,1832.0,0.11594653595446941
Abdala N.,1499.7012120132354,1499.7012713902532,1499.7012120132354,1499.7012120132354,0,1,0,542.0,5296.0,
Abduraimova N.,1484.0982320258536,1473.0193562750667,1470.3017334603705,1470.3017334603705,21,3,0,181.0,1132.0,-0.15352643656107245
Abramovic I.,1499.9478228503735,1499.9478228503735,1499.9478228503735,1499.9478228503735,0,1,0,166.0,7131.0,
Abramovic M.,1499.998299062275,1499.9984293836628,1499.9984293836628,1499.9984293836628,2,0,0,361.0,5302.0,
Adamczak M.,1499.434161015278,1499.5311370547429,1499.3972010723487,1499.3972010723487,10,2,0,141.0,5982.0,-0.20537384448894241
Adkar V.,1486.4888266400837,1486.594095505125,1486.594095505125,1486.594095505125,1,0,0,697.0,305.0,
Afinogenova K.,1499.999842825884,1499.999859722068,1499.999842825884,1499.999842825884,0,2,0,302.0,7039.0,
Ahn A.,1493.5252284771295,1493.8998534500702,1493.8998534500702,1493.8998534500702,1,0,0,714.0,370.0,
Ahn K.,1489.2417903463158,1482.270254570155,1493.6047694077479,1483.2210954458194,26,7,8,117.0,1887.0,-0.1775623735457612
Ahn K.H.,1497.5172404528641,1497.5430298534638,1497.5430298534638,1497.5430298534638,2,0,0,160.0,2953.0,
Aiava D.,1475.825881378503,1475.0215338615044,1479.5436780477196,1473.668516388629,17,2,2,166.0,370.0,-0.0536426797639552
Aksu A.,1499.3226939005597,1497.9286261542143,1498.9079155958605,1498.9079155958605,2,4,0,216.0,39.0,
Al Nabhani F.,1486.8095089887452,1487.081381704155,1487.081381704155,1487.081381704155,10,0,0,406.0,2751.0,-0.26923539414432257
Albanese L.,1498.219815769414,1498.360922416112,1498.1477618494298,1498.1477618494298,5,1,0,277.0,3694.0,
Albano S.,1499.7593113998885,1499.7595294924558,1499.7593113998885,1499.7593113998885,0,1,0,1014.0,5529.0,
Albie A.,1496.1705270653883,1496.1791607799303,1496.1705270653883,1496.1705270653883,0,1,0,289.0,2652.0,
Alexandrova E.,1625.882218485668,1589.531030795503,1622.8960208452208,1639.531030795503,259,100,64,19.0,3.0,0.10292996640456376
Allertova D.,1491.8499355334884,1491.1355741613538,1489.55458120954,1483.870354017083,62,15,10,247.0,2510.0,-0.1988488735452903
Allgurin E.,1499.1199902230746,1499.119437463314,1499.1199902230746,1499.1199902230746,0,3,0,447.0,4793.0,
Altick F.,1498.7417722009461,1498.7433972326764,1498.7417722009461,1498.7417722009461,0,1,0,924.0,3800.0,
Alves C.,1454.9042980300162,1456.9703288301544,1450.7477691771614,1450.7477691771614,1,5,0,237.0,356.0,
Alves C.M.,1499.0053763142203,1499.003543002184,1499.003543002184,1499.003543002184,1,0,0,525.0,4051.0,
Alves M.F.,1497.2219790760134,1497.218044938285,1497.218044938285,1497.218044938285,3,0,0,969.0,3682.0,
Amanmuradova A.,1490.560434134285,1496.3572548394156,1493.3693248674167,1487.0126097620218,89,41,9,447.0,2532.0,-0.041313441132829976
Amariei I.D.,1481.6598491156233,1481.5341493121716,1481.6598491156233,1481.6598491156233,0,1,0,586.0,47.0,
Ancic S.,1499.9463664052794,1499.9463664052792,1499.9463664052792,1499.9463664052792,1,0,0,169.0,7102.0,
Anderson R.,1482.8429893315563,1483.1058090992653,1481.9247817300995,1481.9247817300995,1,1,0,178.0,1608.0,
Andreescu B.,1458.8173142141334,1556.9142676067813,1508.801029172573,1506.9142676067813,101,37,36,174.0,27.0,-0.2991547475647344
Andreeva E.,1431.9105384426166,1420.8278976801364,1436.2875677705174,1416.8256258431688,32,13,2,102.0,460.0,-0.2780409076878949
Andreeva M.,1804.565607695151,1847.1278461250881,1715.2275967180558,1854.565607695151,93,67,16,6.0,11.0,-0.14468515917376068
Andrianjafitrimo T.,1468.3999348371076,1463.883474059773,1464.0371161964028,1464.0371161964028,1,5,0,388.0,1140.0,
Ani M.,1499.355761772491,1499.5262706935284,1499.2437815206042,1499.1476123480002,7,19,1,156.0,6185.0,-0.049752623640121785
Anisimova A.,1832.3558912551193,1683.4113521787403,1772.7838465942702,1855.0051262798768,165,64,38,10.0,10.0,-0.06425783520899675
Anshba A.,1505.1510131284413,1504.8329296516272,1506.2057567420247,1506.2057567420247,2,2,0,424.0,1047.0,
Antonitsch M.,1498.6997993769953,1498.6996265514608,1498.6997993769953,1498.6997993769953,0,1,0,980.0,3759.0,
Antoniychuk K.,1499.9355986974483,1499.9498573309488,1499.9355683545978,1499.9355683545978,1,2,0,198.0,6037.0,
Aoyama S.,1497.4926981203494,1497.4073707619214,1497.7026003584087,1497.4073707619214,4,0,1,335.0,3247.0,
Appleton E.,1468.8704419263802,1468.8704419263802,1469.5540884846498,1468.8704419263802,0,0,2,356.0,811.0,
Arango E.,1471.3241033053723,1464.4416995491656,1463.0365848685315,1463.6813404612674,40,26,5,95.0,14.0,-0.12828707348914697
Arcangioli M.,1499.0709625165173,1499.0722411241793,1499.0709625165173,1499.0709625165173,0,1,0,276.0,4114.0,
Arconada U.M.,1474.0908072678967,1473.6250137322313,1469.4854962112518,1469.4854962112518,6,2,0,189.0,1787.0,
Arefyeva T.,1499.1024538933566,1499.1093423139896,1499.016003296747,1499.016003296747,4,1,0,254.0,4737.0,
Argyrokastriti M.,1484.7426739856674,1484.5645938581376,1484.5645938581376,1484.5645938581376,1,0,0,725.0,48.0,
Arn G.,1489.7936238319926,1497.544935038291,1493.5159329581877,1488.435599210232,44,52,6,369.0,2547.0,-0.24996990890396506
Arruabarrena L.,1449.643340644109,1484.6314539903644,1479.6922453819627,1451.0793545568629,69,91,12,178.0,1868.0,-0.26564111880137503
Arruabarrena Vecino L.,1499.9995761654984,1499.9999639703224,1499.9995761654984,1499.9995761654984,0,2,0,175.0,5526.0,
Arruabarrena-Vecino L.,1498.3156383993683,1498.938918600372,1497.8873784676982,1497.6528822381463,15,18,1,102.0,4612.0,-0.1256087983761915
Arseneault A.,1478.1398362282923,1478.8348229464834,1478.8348229464834,1478.8348229464834,2,0,0,407.0,28.0,
Arvidsson S.,1496.059160839738,1494.9128108878222,1495.8827824247683,1490.9325083200436,124,51,12,294.0,4065.0,-0.15379976826603214
Atik R.,1498.4790540901604,1498.479959162762,1498.4790540901604,1498.4790540901604,0,2,0,1149.0,4142.0,
Augustine B.,1499.9392580435672,1499.939258056546,1499.939258056546,1499.939258056546,1,0,0,1042.0,6971.0,
Avanesyan E.,1537.1568452143379,1559.8451614744215,1515.3550679392263,1535.8697720036562,54,43,7,208.0,36.0,-0.09727127458170304
Avdeeva J.,1496.229270903032,1495.6215134408724,1496.229270903032,1496.229270903032,0,1,0,208.0,825.0,
Azarenka V.,1687.116372022518,1607.3637110018994,1607.3637110018994,1657.3637110018994,498,167,75,132.0,366.0,-0.07946500085677966
Babel O.,1495.987927737086,1495.748364643733,1495.987927737086,1495.987927737086,0,1,0,1111.0,1916.0,
Babos T.,1426.2492032722587,1424.8375009397978,1426.2492032722587,1376.2492032722587,191,73,28,259.0,775.0,-0.17870116399044964
Bachmann A.,1499.732540061149,1499.7919594954442,1499.732570901321,1499.732570901321,4,2,0,175.0,6689.0,
Back D.,1466.9667091359495,1468.332411962061,1468.332411962061,1468.332411962061,5,0,0,306.0,347.0,
Bacquet E.,1499.9431087531361,1499.943108751343,1499.9431087531361,1499.9431087531361,0,1,0,508.0,7040.0,
Bacsinszky T.,1496.1411226636958,1524.2802262933171,1502.3999502757752,1513.6193953648922,146,112,22,94.0,2540.0,-0.3532045258998216
Badosa Gibert P.,1493.9826297690738,1496.4984047584178,1495.4404163960758,1494.0722083568464,3,3,3,133.0,2634.0,
Badosa Gibert. P.,1499.880966370368,1499.8768528852404,1499.8768528852404,1499.8768528852404,4,0,0,198.0,3995.0,
Badosa P.,1692.7978896256207,1646.8911926764588,1625.2947486260807,1675.2947486260807,136,88,29,93.0,37.0,0.09234066998064161
Bai A.,1496.8365379371735,1496.8394606938577,1496.8394606938577,1496.8394606938577,1,0,0,380.0,2791.0,
Bai Z.,1455.292642900216,1442.0224517015236,1447.7841386850544,1431.5883339370066,11,5,4,702.0,221.0,-0.1298279636193127
Baindl K.,1416.9658719893398,1462.3469202809897,1424.607559705721,1412.3469202809897,13,14,4,329.0,733.0,-0.29789382263608855
Bains N.,1489.1180558209458,1488.7377379035188,1489.696851871589,1488.7377379035188,1,0,1,282.0,1874.0,
Baker L.,1499.900473724745,1499.8995810939596,1499.8933641848075,1499.8933641848075,1,1,0,292.0,7040.0,
Baltacha E.,1497.95193015648,1497.6373772033357,1498.3801740031054,1495.8748947237907,53,15,26,167.0,4815.0,0.049509216133720835
Bammer S.,1499.7334590969883,1499.6691468379083,1499.2269233148536,1498.8868055919324,136,48,16,148.0,5526.0,-0.1872285949775649
Bandecchi S.,1478.987950607893,1481.2413473949991,1479.755812721599,1478.987950607893,0,6,1,215.0,94.0,
Baptiste H.,1676.9583744241477,1676.9583744241477,1676.9583744241477,1726.9583744241477,73,37,3,26.0,98.0,0.21678280989409981
Bara I.,1436.6990619533474,1442.813369606996,1434.9327995316614,1416.3975104513268,10,32,2,242.0,516.0,-0.07430218027412744
Barbat K.,1499.690702269619,1499.6907022814137,1499.6907022814137,1499.6907022814137,1,0,0,656.0,5256.0,
Barbieri G.,1499.3986883583034,1499.3967858567066,1499.3986883583034,1499.3986883583034,0,1,0,228.0,4513.0,
Bardina V.,1499.6857721271135,1499.5843822937545,1499.541387088238,1499.419935410932,14,6,3,984.0,6564.0,-0.33015378056525724
Barrois K.,1495.9205767025867,1498.8189294282834,1498.2057914723925,1495.3093551582474,35,39,13,282.0,4800.0,-0.40748964226260354
Barros V.L.,1480.5400431420317,1480.5547127477068,1480.5547127477068,1480.5547127477068,1,0,0,566.0,356.0,
Barry E.,1499.9295940160582,1499.9295940169168,1499.9295940169168,1499.9295940169168,1,0,0,387.0,6816.0,
Barry M.,1471.7907622212622,1472.700874681515,1472.700874681515,1472.700874681515,2,0,0,726.0,236.0,
Barte H.,1499.5865284643153,1499.5865529163564,1499.5865529163564,1499.5865529163564,2,0,0,959.0,5514.0,
Barthel M.,1431.0646314671078,1429.107455928399,1431.0646314671078,1381.0646314671078,202,85,33,223.0,40.0,-0.23783936398467734
Bartoli M.,1515.8392451561006,1501.5691040486242,1509.1279443007254,1522.0666404731599,264,80,58,7.0,4763.0,0.28769177236295274
Bartunkova N.,1600.8634229886445,1595.8711948870512,1595.8711948870512,1645.8711948870512,27,5,7,38.0,1.0,0.048871629929142846
Barty A.,1803.842806339901,1734.3692989572219,1722.6738013780973,1853.842806339901,168,50,41,1.0,1674.0,0.13992020456136134
Basiletti N.,1515.1655707803952,1513.787112678798,1515.1655707803952,1515.1655707803952,0,2,0,427.0,114.0,
Bassols M.,1389.1703650204126,1429.144747395713,1384.6982175995095,1384.6982175995095,9,9,0,130.0,33.0,-0.07793883247906458
Bassols Ribera M.,1492.403337764295,1492.4060470616064,1492.403337764295,1492.403337764295,0,1,0,291.0,1868.0,
Baszak W.,1492.3116619970647,1492.315097460435,1492.3116619970647,1492.3116619970647,0,1,0,1202.0,1867.0,
Bechri C.,1486.032429783177,1486.2622783551246,1486.2622783551246,1486.2622783551246,1,0,0,1206.0,720.0,
Beck A.,1484.357738210465,1486.8381765792617,1490.6104368196172,1474.731127905052,119,64,15,140.0,3289.0,-0.20372446214459278
Beck An.,1499.9953640930164,1499.9948380926874,1499.9948380926874,1499.9948380926874,2,0,0,141.0,5100.0,
Begu I.,1494.7266491247972,1594.7266491247972,1494.7266491247972,1544.7266491247972,226,201,35,173.0,61.0,0.0524371675405072
Bejlek S.,1682.0283019626813,1638.1335772783311,1638.1335772783311,1688.1335772783311,33,14,4,35.0,7.0,0.34696192475185783
Bektas E.,1409.6768744849817,1441.1795214535139,1463.220914493307,1418.7870812702063,14,3,9,301.0,387.0,-0.10874237519737079
Bellis C.,1510.1805776743372,1502.9807595969505,1506.8755796373043,1510.5047056019337,59,11,5,171.0,2162.0,-0.04199447407411161
Bencic B.,1804.2025828103694,1755.69526848613,1747.926101529241,1844.5852110496305,293,94,73,14.0,20.0,0.1302506226954523
Benesova I.,1497.5302298241356,1498.0859640046053,1497.3946421868322,1494.8241762698333,124,74,14,63.0,5116.0,-0.36584900288674294
Bennani L.,1499.843449866316,1499.8434728929751,1499.843449866316,1499.843449866316,0,1,0,781.0,5969.0,
Benoit M.,1478.4421718514945,1479.0895796006962,1478.4421718514945,1478.4421718514945,0,2,0,250.0,769.0,
Berberovic N.,1500.7581375353222,1500.5503816033895,1500.7581375353222,1500.7581375353222,0,2,0,306.0,1565.0,
Bertea E.R.,1484.4226062559899,1484.5999387149388,1484.5999387149388,1484.5999387149388,1,0,0,295.0,209.0,
Bertens K.,1557.0723046815742,1577.8496491968149,1529.547956218323,1579.547956218323,191,133,38,21.0,1888.0,-0.5402520903048385
Betova M.,1470.810327505453,1468.9905523359923,1471.0063097402724,1468.9905523359923,1,0,1,1022.0,1098.0,
Beygelzimer Y.,1495.7034641054424,1496.1914094705642,1494.5210945360377,1493.8054338893237,11,15,1,199.0,3974.0,-0.17910535638472888
Bhamidipaty S.R.,1498.9374920043565,1498.7243251811726,1498.7243251811726,1498.7243251811726,2,0,0,434.0,304.0,
Bhatia R.,1492.7337938575215,1492.7337938575215,1492.6961244859422,1492.7337938575215,0,0,1,362.0,1896.0,
Birnerova E.,1498.4000033941616,1497.3527349978037,1498.260731692062,1496.7683350727882,24,22,5,115.0,4738.0,-0.051157732708526193
Birrell K.,1491.8735882006838,1466.7430725681072,1469.8451224622968,1487.6213914381271,82,9,17,69.0,5.0,-0.2567037903672646
Bjorklund M.,1476.9088290702757,1488.8991995774663,1479.1457630183181,1477.2726440584233,9,7,1,155.0,1098.0,0.057818324005728894
Black C.,1499.9139748306065,1499.9139537895064,1499.9139537895064,1499.9139537895064,1,0,0,1063.0,6607.0,
Black T.A.,1498.794372487116,1498.8057200536741,1498.7202626228648,1498.7202626228648,1,1,0,718.0,4415.0,
Blinkova A.,1487.964930140936,1412.1350161687171,1481.1226193888403,1462.1350161687171,161,55,35,111.0,14.0,-0.1561637000067449
Bobusic B.,1498.542578025702,1498.5454871691022,1498.5454871691022,1498.5454871691022,4,0,0,307.0,4976.0,
Bogdan A.,1448.048903064069,1516.1386667711993,1478.4578708079396,1472.5059193778202,98,67,15,538.0,209.0,-0.21153605228354794
Bogdan E.,1499.5173188266017,1499.5134599626117,1499.5173188266017,1499.5173188266017,0,3,0,527.0,4204.0,
Bohmova K.,1499.947807964496,1499.9478098252307,1499.947807964496,1499.947807964496,0,1,0,181.0,7131.0,
Boisson L.,1532.4378025992964,1576.227649515622,1549.3692374472112,1570.513212245673,9,18,2,281.0,13.0,-0.2048485962521247
Bolkvadze M.,1487.3113229960722,1485.6512125334657,1487.314118343067,1485.1306295457064,3,1,3,545.0,59.0,
Bolsova A.,1446.711129643663,1451.1973538843713,1431.1532314331234,1422.4309644082798,14,16,1,131.0,1048.0,-0.17991074776121035
Bolsova Zadoinov A.,1504.6121197074226,1501.8685055306062,1504.6121197074226,1504.6121197074226,0,5,0,340.0,466.0,
Bona A.,1499.692371421188,1499.6924622342349,1499.692371421188,1499.692371421188,0,1,0,240.0,5255.0,
Bonaventure Y.,1470.446372119522,1433.4382283165842,1440.633757355482,1420.446372119522,51,21,6,91.0,1152.0,-0.2790550645873216
Bondar A.,1487.4171105630196,1587.4171105630196,1487.8626288831679,1537.4171105630196,69,68,6,70.0,5.0,-0.050038943178073336
Bondarenko A.,1499.0245567861919,1500.842651428095,1499.9407946378738,1499.6496011768352,115,69,24,212.0,5431.0,-0.3135413275243619
Bondarenko K.,1466.878032980718,1468.3624297424642,1485.6799407149003,1442.0873055601176,165,76,32,325.0,740.0,-0.1256642169823744
Borsanyi C.,1499.6845778350626,1499.6844966825504,1499.6845778350626,1499.6845778350626,0,1,0,943.0,5235.0,
Boserup J.,1498.8837099692903,1495.4114334661774,1496.3415703298388,1495.115224373395,18,2,5,115.0,3289.0,-0.12437970609294163
Boskovic L.,1530.8430046590945,1530.6876250982664,1530.8430046590945,1530.8430046590945,0,6,0,225.0,513.0,
Botto B.,1499.852673486532,1499.8527213854957,1499.852673486532,1499.852673486532,0,1,0,345.0,6040.0,
Bouchard E.,1487.4856117630843,1524.2510973059889,1495.580964539851,1506.9240488388969,185,73,31,248.0,1077.0,-0.11330539907444048
Boulter K.,1561.1158024733832,1539.7331183525791,1598.7278054258331,1589.7331183525791,103,20,56,71.0,15.0,-0.1074355757188088
Bouzas Maneiro J.,1511.8991246903825,1534.0470039720976,1554.3391073143193,1561.8991246903825,57,27,14,90.0,14.0,0.08432703326133395
Bouzkova M.,1659.2192504889165,1659.2192504889165,1659.2192504889165,1709.2192504889165,191,56,38,27.0,11.0,-0.022848202116844685
Bovina E.,1498.4981200539958,1498.725335444928,1498.4890174522839,1498.281493263309,19,3,1,360.0,5465.0,-0.22529475001059476
Brace C.,1461.8559992153014,1463.1071601674012,1463.1071601674012,1463.1071601674012,5,0,0,254.0,27.0,
Brady J.,1555.9817475713621,1512.9569387834072,1524.0358500560988,1562.9569387834072,99,28,12,689.0,153.0,-0.2646642156129304
Brancaccio N.,1413.818223465807,1406.4902830357073,1413.818223465807,1413.818223465807,0,14,0,171.0,116.0,-0.23561087872360795
Brandi K.,1499.8956019366042,1499.8882569190523,1499.894873128418,1499.8882569190523,1,0,1,204.0,7005.0,
Branstine C.,1499.3053152604814,1500.623789164067,1498.0605375606578,1500.623789164067,1,0,3,191.0,397.0,
Brantmeier R.,1482.996298231233,1483.0000400519755,1483.0000400519755,1483.0000400519755,1,0,0,486.0,34.0,
Bratchikova N.,1496.318908069548,1495.4851951513429,1494.3669025053582,1492.9874516655757,25,18,2,140.0,4792.0,-0.2005772154154958
Brazhnikova A.,1499.5968721290685,1499.5966213869883,1499.5968721290685,1499.5968721290685,0,2,0,611.0,5535.0,
Bremond I.,1498.7068122666274,1498.9038545945666,1498.566076013188,1498.566076013188,6,3,0,131.0,5255.0,
Bremond S.,1499.1154343582793,1499.035891798594,1498.897889128084,1498.2248258828176,32,13,8,161.0,6192.0,-0.12569413352383269
Brengle M.,1422.4543693617209,1466.842286682014,1445.6032702020943,1416.842286682014,154,50,30,103.0,1097.0,-0.11996095773601623
Brianti A.,1496.6462111806295,1496.9824897457152,1496.1989818543107,1493.0925843976725,81,41,10,188.0,4149.0,-0.24967876519382634
Broady N.,1492.3387120484829,1486.565689643442,1484.1703174428628,1480.3658938474255,40,4,22,161.0,2909.0,0.01281771950635402
Brockmann T.J.,1481.8598119742398,1481.7460737240667,1481.8598119742398,1481.8598119742398,0,1,0,267.0,39.0,
Brodsky G.,1499.4447935608541,1499.445120740014,1499.445120740014,1499.445120740014,4,0,0,239.0,5464.0,
Bronzetti L.,1468.193503094576,1435.748646341189,1446.3254815549737,1446.1545311773357,94,48,15,172.0,98.0,-0.40095821877757504
Buchina Y.,1499.6304919827148,1499.630772688026,1499.630772688026,1499.630772688026,2,0,0,373.0,5521.0,
Bucsa C.,1521.845766080863,1458.5875274045675,1488.0993665318285,1508.5875274045675,91,35,14,40.0,4.0,-0.32828933082636963
Bukta A.,1499.9981067800775,1499.9985738312153,1499.9981067800775,1499.9981067800775,0,2,0,433.0,4799.0,
Bulgaru M.,1443.9444249676903,1433.6701445342806,1426.4737337010938,1426.4737337010938,3,7,0,248.0,47.0,-0.22508094171335358
Burdette M.,1498.1249334674608,1498.5705283527243,1497.8460378556863,1497.605486351434,13,7,1,122.0,4738.0,-0.21621606338259156
Burel C.,1530.1213975273229,1515.869351373153,1478.1617911952494,1512.3266610228277,57,46,8,630.0,44.0,-0.13646223689395487
Burger C.,1496.5519503013181,1497.7076588586197,1496.3063935362773,1496.3063935362773,2,7,0,171.0,3426.0,
Burillo Escorihuela I.,1449.9897538630698,1451.1509141547813,1449.9897538630698,1449.9897538630698,0,3,0,211.0,152.0,
Burillo I.,1482.6645573158244,1481.2602220154638,1482.6645573158244,1482.6645573158244,0,4,0,237.0,1139.0,
Burnett N.,1498.855997034455,1498.312701504558,1498.0815045301465,1498.0815045301465,7,13,0,741.0,4129.0,0.0620785328470726
Burrage J.,1458.7344731210037,1474.3942449931624,1489.169946415387,1467.408955075154,20,3,22,154.0,425.0,-0.15458835940136212
Buryachok I.,1499.8813346827337,1499.881337987711,1499.8813346827337,1499.8813346827337,0,1,0,233.0,6263.0,
Buyukakcay C.,1467.026663654433,1473.711290107168,1462.503603336621,1452.5291429970332,33,36,2,769.0,1194.0,-0.15022721204971015
Buzarnescu M.,1442.0829610163885,1465.6345584694725,1483.4200804215998,1436.286760096458,53,41,20,1350.0,411.0,-0.047279346584202964
Bychkova E.,1498.384668940572,1498.6806330070779,1498.3342209903635,1497.70596841003,33,10,3,211.0,4946.0,0.06076583241593897
Cabeza Candela E.,1499.9478228503735,1499.9478228503735,1499.9478228503735,1499.9478228503735,0,1,0,247.0,7131.0,
Cabeza-Candela E.,1498.5375692892408,1498.648507584126,1497.8557177111506,1497.6162275505712,9,40,1,329.0,4212.0,-0.11407835924712056
Cabrera L.,1431.7972292556203,1439.557732348821,1441.9078586361497,1425.3900844693494,26,2,2,229.0,1441.0,-0.21500752055438307
Cadantu A.,1492.1649517529868,1477.8301502172662,1484.0809289413678,1470.4609404678883,37,45,7,154.0,1497.0,-0.1076869825753029
Cako J.,1497.4716307462372,1497.477802527481,1497.477802527481,1497.477802527481,3,0,0,273.0,2960.0,
Camerin M.,1499.999798074753,1499.9998096833328,1499.999798074753,1499.999798074753,0,2,0,111.0,6772.0,
Camerin M.E.,1498.476707084813,1498.5007063508174,1497.4489430798394,1496.1934448203497,44,36,10,174.0,4814.0,0.13694008840364846
Candela E.C.,1499.7813970296836,1499.781414057291,1499.7813970296836,1499.7813970296836,0,2,0,169.0,6347.0,
Candiotto A.,1496.9615129929782,1496.610336876808,1496.610336876808,1496.610336876808,2,0,0,593.0,353.0,
Capra B.,1499.9727995976518,1499.9737379881196,1499.9737379881196,1499.9737379881196,4,0,0,234.0,5677.0,
Capurro Taborda M.,1498.621849309567,1498.6229206917587,1498.6229206917587,1498.6229206917587,1,0,0,699.0,3681.0,
Caregaro M.,1489.9619032957585,1491.0570774488529,1489.8036854298662,1489.8036854298662,1,1,0,367.0,1770.0,
Carle M.,1437.6034918962746,1456.438623882189,1443.3875115643048,1437.989816364335,10,24,1,231.0,39.0,0.10374060808622709
Castano C.,1498.7761218720193,1498.7963893609606,1498.2886187177924,1497.8402072286528,28,38,2,189.0,4932.0,-0.018025289386482513
Castiblanco K.,1499.7066595736942,1499.7066852495664,1499.7066595736942,1499.7066595736942,0,1,0,423.0,5312.0,
Cavaday N.,1499.91000964953,1499.91000964953,1499.9459734579527,1499.91000964953,0,0,9,297.0,6289.0,-0.054054297916701854
Ce G.,1498.2051227080146,1498.15699045179,1497.6515101543976,1497.6515101543976,5,5,0,292.0,2594.0,-0.09721447492967428
Cecil M.,1499.4748531911746,1499.4708825593368,1499.3954462786035,1499.3954462786035,3,2,0,369.0,5984.0,
Celik S.,1496.948248012051,1496.879829785741,1496.6515321294953,1496.6515321294953,1,2,0,153.0,3695.0,
Cengiz B.,1456.0793624029916,1443.9218795027214,1443.7750860655349,1443.7750860655349,2,4,0,429.0,103.0,
Cepede Royg V.,1479.1919339863662,1491.0002377673563,1483.405629237104,1471.9647031116997,30,27,9,126.0,2953.0,-0.2644047482170264
Cepelova J.,1463.5325908880807,1486.2582232511372,1484.5479014613293,1456.1371464486149,83,42,17,155.0,2511.0,0.0035386893052127832
Cetkovska P.,1495.137413385047,1500.034578711592,1498.2686680774343,1494.9996932350427,62,62,28,132.0,3812.0,-0.23742179486908288
Chakhnashvili M.,1499.8073861225473,1499.8075344663807,1499.8073861225473,1499.8073861225473,0,5,0,207.0,5969.0,
Chakvetadze A.,1501.5150755826974,1499.2923299926656,1500.254298075651,1500.7991919890562,129,36,24,261.0,5100.0,-0.2771637056047495
Chan C-W.,1499.5126519401479,1499.5133554928009,1499.5133554928009,1499.5133554928009,1,0,0,334.0,4730.0,
Chan C.W.,1499.8873640379882,1499.8873619522744,1499.8873619522744,1499.8873619522744,2,0,0,198.0,6970.0,
Chan W.Y.,1499.6229336760564,1499.6234250806842,1499.6234250806842,1499.6234250806842,1,0,0,357.0,4990.0,
Chan Y.,1499.9470671996733,1499.9470671990903,1499.9470671990903,1499.9470671990903,1,0,0,92.0,7116.0,
Chan Y.J.,1493.6705357897952,1497.7011042003417,1496.9331164691278,1492.5582479121147,81,21,13,183.0,4219.0,-0.1422660980166618
Chang H.,1492.4184945859558,1493.6613494564763,1492.4184945859558,1492.4184945859558,0,2,0,194.0,514.0,
Chang K.C.,1485.8661148146998,1489.480969986857,1489.265297968193,1480.6461540536586,73,8,8,273.0,3133.0,-0.14026835057517556
Chang S.,1477.9775339708626,1478.2738651745813,1477.9775339708626,1477.9775339708626,0,2,0,1237.0,1196.0,
Charaeva A.,1477.408032829278,1486.8889109210554,1478.4254151776784,1478.4254151776784,2,7,0,113.0,16.0,
Cheapchandej P.,1495.2916674533576,1495.2871668441016,1495.2871668441016,1495.2871668441016,1,0,0,731.0,2393.0,
Chen Y.,1499.7821675834325,1499.7820428857285,1499.7820428857285,1499.7820428857285,2,0,0,614.0,6193.0,
Cherubini D.,1485.4853503860938,1485.469886123108,1485.4853503860938,1485.4853503860938,0,1,0,421.0,1209.0,
Chiesa D.,1492.8487621952238,1492.8066744396879,1492.8487621952238,1492.8487621952238,0,3,0,159.0,2959.0,
Chirico L.,1414.9454732873558,1425.1781601124194,1409.1563907899008,1386.6705442742361,33,26,2,154.0,399.0,-0.12676677790294283
Choi J-H.,1495.6144979284775,1495.6157672415964,1495.6157672415964,1495.6157672415964,1,0,0,710.0,2540.0,
Choi J.H.,1496.9012142309577,1496.8893667749223,1496.8893667749223,1496.8893667749223,1,0,0,502.0,2904.0,
Chong E.,1463.7962868795435,1463.9415825677038,1463.9415825677038,1463.9415825677038,5,0,0,632.0,304.0,
Christie F.,1498.6294504474374,1498.6294504474374,1498.6361582149539,1498.6294504474374,0,0,1,314.0,3737.0,
Chuang C.J.,1499.9228023324572,1499.9227518281323,1499.9228023324572,1499.9228023324572,0,1,0,409.0,6712.0,
Chvojkova V.,1499.915336925912,1499.9154258470762,1499.915336925912,1499.915336925912,0,3,0,261.0,6627.0,
Chwalinska M.,1523.9783739931813,1591.5492455254112,1547.2275469345916,1573.9783739931813,10,12,3,21.0,3.0,0.09328728064913222
Cibulkova D.,1539.8096512295183,1506.657569620935,1517.4398911694775,1546.5208430593534,404,131,62,41.0,2651.0,-0.2923838424655404
Ciric Bagaric L.,1486.5503676544554,1486.8367050007612,1486.5503676544554,1486.5503676544554,0,1,0,184.0,824.0,
Cirstea S.,1727.9817999271143,1724.0439171513663,1598.5795754404537,1774.0439171513663,413,208,69,19.0,11.0,-0.19802247708277032
Clijsters K.,1501.4542782165745,1502.8683150432985,1502.8863043469285,1504.9584509565657,90,5,16,1476.0,1788.0,-0.2556885984761371
Cocciaretto E.,1585.593305688564,1545.9198426449345,1545.9198426449345,1595.9198426449345,90,60,20,71.0,30.0,-0.07688711240886253
Cohen A.,1499.8755022103849,1499.8755019655323,1499.8755019655323,1499.8755019655323,2,0,0,387.0,6943.0,
Cohen Aloro S.,1499.0469411588242,1499.7685253045324,1499.1080690572453,1498.9925163755368,18,19,1,188.0,5680.0,-0.04534691689611442
Cohen J.,1497.575289813548,1497.217078908593,1496.2841124780032,1496.2841124780032,12,9,0,145.0,4786.0,-0.12283177032913173
Cohen-Aloro S.,1499.9158081226294,1499.9158250997978,1499.9158081226294,1499.9158081226294,0,1,0,98.0,6627.0,
Coin J.,1497.2463278578803,1497.7859628217211,1497.410221812781,1495.9122557733272,31,10,6,188.0,3967.0,-0.02214677076935362
Collins D.,1624.117638927189,1686.2962046999887,1620.678259540007,1670.678259540007,178,73,17,61.0,369.0,-0.3407821333428526
Collins D.R.,1501.4379275892338,1501.4379275892338,1500.9111418020802,1501.4379275892338,0,0,4,41.0,2980.0,
Compostizode E.,1499.999801312238,1499.9998329570653,1499.999801312238,1499.999801312238,0,2,0,341.0,6654.0,
Contreras Gomez F.,1437.4575381990621,1452.1175639973826,1444.4393993576016,1438.0342980686632,8,2,1,366.0,915.0,-0.1707867190708948
Cornet A.,1440.0839204557692,1435.584379745025,1491.3137992080005,1441.3137992080005,396,224,69,747.0,468.0,-0.24670430897125215
Costas L.,1499.7100370596397,1499.7100487842429,1499.7100370596397,1499.7100370596397,0,2,0,238.0,5675.0,
Costoulas S.,1478.7306438342926,1473.8396790268082,1472.3882046020665,1472.3882046020665,5,1,0,155.0,41.0,
Cravero J.,1499.6095333148307,1499.670641825422,1499.6088146550305,1499.5613179127595,4,3,1,180.0,6193.0,
Crawford S.,1493.0983560019624,1492.8730056436884,1493.419872062323,1491.5420012857514,21,2,2,162.0,3511.0,0.011127796349246655
Crawley F.,1487.7819316422613,1488.2727245936535,1488.2727245936535,1488.2727245936535,1,0,0,729.0,1097.0,
Craybas J.,1495.1259336466471,1496.1066325904485,1496.1430591354938,1491.1927882706523,111,67,12,240.0,4889.0,-0.09141833466101584
Cristian J.,1612.9539096128528,1585.637941641498,1585.637941641498,1635.637941641498,101,54,10,37.0,62.0,-0.023204212744108832
Cross K.,1478.8255383226394,1481.6156565131598,1481.6156565131598,1481.6156565131598,4,0,0,172.0,25.0,
Curmi F.,1482.9460837321406,1482.8193108881633,1482.9460837321406,1482.9460837321406,0,1,0,326.0,1139.0,
Czink M.,1496.2289041763636,1496.8050700673593,1498.231930172755,1493.6872687045186,80,40,21,126.0,4828.0,-0.07589545802160969
Da Silva Fick G.,1500.0956170733211,1500.0681909467883,1500.0681909467883,1500.0681909467883,2,0,0,566.0,2021.0,
Dabrowski G.,1482.8554787681842,1487.2807694596345,1481.4995526433613,1481.4995526433613,7,4,0,493.0,2035.0,-0.36649920283016835
Damayanti A.F.,1499.910611659368,1499.9106044948758,1499.9106044948758,1499.9106044948758,1,0,0,823.0,6565.0,
Daniilidou E.,1493.7107454510829,1495.8350720977528,1495.690183742835,1490.3224356672856,94,21,13,345.0,4465.0,-0.26445508658350836
Danilina A.,1446.060010327852,1447.6671952143324,1447.817656620892,1441.4523024416044,5,1,1,958.0,740.0,
Danilovic O.,1551.39476298581,1629.1904188208193,1551.39476298581,1601.39476298581,42,48,5,88.0,207.0,0.011639580414725237
Dart H.,1426.7797901684703,1408.1546733172556,1456.2305020945985,1406.2305020945985,61,8,53,143.0,16.0,-0.13895923721012482
Date K.,1497.8746708263677,1497.8706858404291,1497.8706858404291,1497.8706858404291,1,0,0,1191.0,3274.0,
Date Krumm K.,1492.5561077218777,1494.8250755742702,1497.4374878146439,1490.6817553607984,111,11,18,72.0,3993.0,-0.10669903143041515
Date-Krumm K.,1498.7431835845991,1498.4280859231137,1498.102123704935,1498.102123704935,10,5,0,56.0,5578.0,-0.08336736350081275
Davenport L.,1501.878576161385,1501.5144906170763,1501.938084828049,1502.2030880647997,34,4,1,24.0,6575.0,0.04698457111428611
Davis L.,1467.0726178637756,1463.2290598707805,1434.7384439124944,1440.4486355594745,199,67,48,211.0,515.0,-0.161957672162636
Day K.,1417.713425352843,1418.8015327945336,1406.6920487270029,1386.8269274262314,25,10,2,121.0,15.0,0.0036996074299849857
De Gubernatis C.,1499.9995036862488,1499.9996190951035,1499.9995036862488,1499.9995036862488,0,2,0,296.0,5968.0,
De Lattre M.,1499.619978812711,1499.620160644104,1499.619978812711,1499.619978812711,0,2,0,386.0,5606.0,
De Los Rios R.,1498.8903391966765,1498.4212111865704,1498.4805290506813,1497.7537247915814,15,34,4,123.0,5872.0,0.0024549872715680654
De Vroome I.,1497.3376825403557,1496.9853342144481,1496.9059880081868,1496.6476728579098,4,1,1,262.0,3737.0,
Dechy N.,1499.333693966072,1499.298087008734,1499.3909479881786,1498.8020724750183,43,17,11,77.0,6278.0,-0.2944311399226446
Dellacqua C.,1493.9394788689679,1497.0420607294354,1501.1700445153092,1494.9309755810455,106,26,32,116.0,3984.0,-0.034601020546268735
Dementieva E.,1507.7709384779075,1503.267230004993,1503.4543901098723,1511.3478867905535,149,54,22,9.0,5784.0,0.017471992107208734
Dentoni C.,1498.40942774514,1498.2692659277816,1497.8371786718326,1497.8371786718326,4,19,0,196.0,4799.0,-0.13602569681535387
Di Giuseppe M.,1482.0474511993157,1487.4875645964942,1482.1385407920736,1480.6424557066491,1,6,1,288.0,1769.0,
Di Lorenzo F.,1463.9402615651288,1455.3065646328614,1444.7527392620502,1444.7527392620502,10,11,0,252.0,1468.0,-0.17187457274685697
Di Sarra F.,1473.0329862963283,1473.1367965470488,1473.0329862963283,1473.0329862963283,0,2,0,530.0,843.0,
Diatchenko V.,1445.0361551773094,1462.8592384835708,1451.43438640261,1423.0986210253075,33,12,9,429.0,356.0,0.011638400108942293
Dinu C.,1497.7489930074908,1497.754261733387,1497.7489930074908,1497.7489930074908,0,4,0,217.0,3757.0,
Disderi S.,1499.940023580432,1499.9400246690982,1499.940023580432,1499.940023580432,0,1,0,354.0,6984.0,
Ditty J.,1499.0965660568445,1499.0654648101422,1498.8279101203696,1498.4458855341397,23,10,3,278.0,5676.0,0.004135279168456352
Diyas Z.,1459.135575991643,1477.3772655660564,1478.6682470175674,1447.8748807739046,146,48,23,290.0,223.0,-0.13109743407144087
Dodin O.,1470.219913748058,1473.556665009008,1462.353458431512,1464.364869271052,71,40,9,362.0,39.0,-0.0605545141177275
Doi M.,1431.74950864661,1423.6819381684152,1444.3067775287373,1394.3067775287373,168,52,32,331.0,1067.0,-0.1136741037675863
Dokic J.,1498.4099014436772,1498.442309480903,1498.813028324372,1497.6977909481593,45,9,6,119.0,5276.0,-0.13782584320244134
Dolehide C.,1474.4985888032554,1498.0660131924105,1470.8626141319446,1486.5762385854475,86,27,11,246.0,17.0,-0.29160431904192985
Dolonc V.,1498.067437250861,1497.5493569203916,1498.5284444765173,1497.1438594650708,19,3,6,145.0,4374.0,0.03808637988135227
Dolonts V.,1498.9791963028156,1499.507474462288,1499.0824520099768,1498.984719470388,6,5,1,168.0,5306.0,-0.10378369288259298
Domachowska M.,1498.8085483669997,1497.9168461350005,1498.271603377595,1497.1209956785158,35,24,5,299.0,4849.0,-0.301151313118006
Dominguez Lino L.,1489.956443457397,1495.9179218219942,1494.3457975220897,1486.533301952361,66,133,12,112.0,3751.0,-0.1451668101183306
Duan Y.Y.,1467.19218351822,1471.5098424955208,1479.2556365347277,1459.5900182551588,77,4,9,397.0,2427.0,-0.24074854647758379
Dubois S.,1494.3908387849249,1495.9965616911368,1496.0866568928393,1491.8548953711575,47,13,11,306.0,4373.0,-0.25820340436206546
Dudeney A.,1457.7064435072666,1457.7064435072666,1456.7831488117213,1457.7064435072666,0,0,3,245.0,62.0,
Duerst J.,1484.2764485569085,1484.6216858091639,1484.2764485569085,1484.2764485569085,0,1,0,442.0,1132.0,
Dulgheru A.,1490.13074388772,1480.7107781173484,1490.5937442364366,1473.2714261263325,88,72,15,372.0,1868.0,-0.06298161151246301
Dulko G.,1497.3041145360776,1502.4068663319583,1499.7031578565252,1499.5366079392502,103,88,12,124.0,5275.0,-0.2568554233357201
Dunne K.,1496.6824136495,1496.6824136495,1496.6330892540254,1496.6824136495,0,0,2,212.0,2980.0,
Duque M. M.,1499.8986218094276,1499.8986141880052,1499.8986141880052,1499.8986141880052,1,0,0,109.0,6432.0,
Duque Marino M.,1492.968117891752,1496.6045847371183,1495.2600831551226,1490.9707440382285,18,65,7,74.0,3825.0,-0.0952154031606019
Duque-Marino M.,1485.9445759679415,1493.2938154439619,1489.0060967930315,1483.0149658476514,11,21,5,105.0,2967.0,-0.27638852548924964
Dushevina V.,1496.632447160459,1497.708348299306,1497.3434632933602,1494.0962253529822,133,49,15,143.0,4527.0,0.1168874258298121
Duval V.,1492.6053004633827,1491.7398717695066,1493.741194355325,1490.644724991676,12,1,6,254.0,2911.0,-0.1340579989325173
Dzehalevich E.,1499.3521001567578,1499.510707634773,1499.2753947242466,1499.195220928063,4,10,1,240.0,5884.0,-0.1875507735762662
Eala A.,1709.8556351782818,1644.3657029992305,1709.8556351782818,1759.8556351782818,51,17,17,20.0,12.0,0.24723686885148444
Efremova K.,1495.5392367511636,1494.7664771071252,1495.5392367511636,1495.5392367511636,0,1,0,623.0,98.0,
Eguchi M.,1487.8358984106244,1490.460618867944,1487.7357561976435,1487.7357561976435,19,2,0,436.0,3149.0,-0.13719471967803315
Eikeri U.,1447.8908779914937,1449.5993120958321,1439.2184086252362,1439.2184086252362,5,4,0,654.0,1045.0,
Ejdesgaard M.,1499.2843856372251,1499.283915459108,1499.283915459108,1499.283915459108,3,0,0,842.0,5255.0,
Ekshibarova V.,1499.5506342944818,1499.5506220308291,1499.5506220308291,1499.5506220308291,4,0,0,585.0,5102.0,
El Allami M.,1469.7835531504816,1469.9330438120082,1469.7835531504816,1469.7835531504816,0,2,0,1143.0,831.0,
El Allami Zhara F.,1499.0993260247158,1499.101503925841,1499.0993260247158,1499.0993260247158,0,4,0,1133.0,4877.0,
El Aouni A.,1455.6791259531476,1456.6676165947767,1455.6791259531476,1455.6791259531476,0,3,0,835.0,467.0,
El Jardi D.,1481.4311392801983,1481.644191691902,1481.4311392801983,1481.4311392801983,0,1,0,1023.0,103.0,
El Tabakh H.,1498.4648464791685,1498.5407221877845,1498.2620031751512,1498.2620031751512,5,2,0,163.0,4947.0,
Elie J.,1499.653884138429,1499.653637864185,1499.653637864185,1499.653637864185,1,0,0,348.0,5142.0,
Elliott A.,1499.9179836137391,1499.9179836137391,1499.9179996293722,1499.9179836137391,0,0,1,385.0,6656.0,
Embree L.,1499.887130853853,1499.8870039611895,1499.887130853853,1499.887130853853,0,1,0,628.0,6307.0,
Erakovic M.,1488.1706887702906,1491.3754200546582,1494.908281451614,1480.5389420946444,132,46,43,174.0,3272.0,-0.2539646773572386
Eraydin B.,1494.8297674126534,1495.0003692257137,1494.3077472781147,1494.3077472781147,1,5,0,205.0,2595.0,
Erjavec V.,1428.199141317597,1428.9915481815274,1434.3380779917204,1414.2000130712238,6,3,3,100.0,40.0,-0.26369716729151826
Errani S.,1457.5515513556272,1456.34828388415,1460.032569094475,1468.4996914230655,326,284,40,177.0,480.0,-0.02551767391763976
Essaadi L.,1499.9212362525216,1499.9212362525216,1499.9212362525216,1499.9212362525216,0,1,0,996.0,6697.0,
Evtimova D.,1499.2527323102847,1499.2572052450978,1499.2527323102847,1499.2527323102847,0,10,0,273.0,4793.0,-0.10246145913904658
Ewald W.,1483.584311656451,1483.5661670730028,1483.584311656451,1483.584311656451,0,1,0,1076.0,1132.0,
Falconi I.,1478.9547274213937,1495.5648535718099,1488.8750474690733,1476.190684469041,64,32,14,152.0,3000.0,-0.2596956447468528
Falei A.,1469.082281165553,1469.5600344714958,1469.5600344714958,1469.5600344714958,2,0,0,340.0,307.0,
Falkner Z.,1490.924162114252,1490.886262988628,1490.886262988628,1490.886262988628,1,0,0,542.0,1811.0,
Falkowska W.,1490.8028464673073,1490.8813916454126,1490.8028464673073,1490.8028464673073,0,3,0,346.0,1495.0,
Farhad K.,1499.401361413668,1499.400738921815,1499.400738921815,1499.400738921815,2,0,0,1614.0,5151.0,
Fedak Y.,1498.7483964395963,1499.0334028489935,1498.885675613909,1498.3833141051548,20,11,3,232.0,5822.0,-0.3134890621295333
Fedossova Y.,1499.6440752621493,1499.5802182661146,1499.5044372911962,1499.4193247755215,9,4,2,179.0,6291.0,-0.2810561330371897
Ferguson S.,1498.1962944392767,1498.757242064913,1498.2117845056891,1497.9797336043262,15,5,1,123.0,5703.0,-0.12606073472677642
Fernandez C.,1499.8782796060464,1499.8782796139396,1499.8782796139396,1499.8782796139396,2,0,0,400.0,6802.0,
Fernandez L.,1488.0981645661018,1488.6976558780598,1488.6976558780598,1488.6976558780598,8,0,0,74.0,1078.0,
Fernandez L. A.,1495.607133104812,1495.5889177559254,1495.5889177559254,1495.5889177559254,1,0,0,236.0,2546.0,
Fernandez L.A.,1607.4262988436071,1553.9702257821493,1553.9702257821493,1603.9702257821493,165,60,30,31.0,14.0,-0.08405114059927166
Fernandez-Brugues E.,1499.8875353003777,1499.8876782992265,1499.8875353003777,1499.8875353003777,0,3,0,256.0,6326.0,
Ferrando C.,1482.9577765963377,1482.1850776775336,1481.0619022312871,1481.0619022312871,2,1,0,261.0,1566.0,
Ferrer Suarez I,1499.7060970930095,1499.7061357760304,1499.7060970930095,1499.7060970930095,0,1,0,231.0,5311.0,
Ferro F.,1427.186659726288,1430.7766585808633,1435.827511679121,1407.6579964659327,50,60,5,181.0,98.0,-0.022052618268289137
Fett J.,1422.35808073403,1486.5433769770807,1462.7009778659612,1451.8934593648153,37,17,6,151.0,412.0,-0.032398722874139085
Feuerstein C.,1498.0081169582531,1497.8582666814254,1497.3190407788748,1497.3190407788748,4,14,0,428.0,3698.0,-0.02070204591503827
Fichman S.,1494.8341290887074,1495.6638670528641,1493.5741679880327,1492.1148317634452,14,17,2,348.0,4002.0,-0.09117225168108045
Fink A.,1499.9133390488012,1499.9133648661805,1499.9133648661805,1499.9133648661805,1,0,0,488.0,6593.0,
Fita Boluda A.,1474.6434777312672,1474.4416119167695,1474.6434777312672,1474.6434777312672,0,2,0,192.0,103.0,
Fitzpatrick A.,1499.918097805582,1499.918097805582,1499.918097804125,1499.918097805582,0,0,1,320.0,6656.0,
Flink V.,1485.3243585810114,1484.4204723629125,1485.1289885512253,1480.8143764578213,9,5,2,135.0,2392.0,-0.010387519684049662
Flipkens K.,1436.513360352072,1473.6594602060395,1522.0701040712404,1473.2032219540522,237,72,78,190.0,1522.0,0.11927354060743273
Floris A.,1499.3173812207933,1499.317936290375,1499.3173812207933,1499.3173812207933,0,4,0,162.0,5528.0,
Folts A.,1499.491017760954,1499.4908802777045,1499.4908802777045,1499.4908802777045,1,0,0,1174.0,4737.0,
Fondevila Castro P.,1499.8886430455352,1499.8886555746108,1499.8886430455352,1499.8886430455352,0,1,0,358.0,6333.0,
Foretz S.,1496.7737437603732,1497.8971959108255,1497.9688159085372,1495.5481243562033,29,19,10,197.0,4241.0,-0.1663934177129287
Fossa Huergo N.,1454.0734038502478,1453.9343782982362,1449.8293345892378,1449.8293345892378,1,2,0,269.0,356.0,
Fourlis J.,1430.804608885309,1440.9432416421616,1426.3762045318206,1411.1811555015254,11,6,2,218.0,1166.0,-0.2947092694297063
Frech M.,1589.8743479592083,1509.5812038033846,1509.5812038033846,1559.5812038033846,129,55,32,41.0,13.0,0.12426786878190543
Fridman O.,1498.698285743072,1498.7025936352456,1498.698285743072,1498.698285743072,0,1,0,242.0,3758.0,
Friedsam A.L.,1451.5608656138493,1455.1824037785732,1454.448724737776,1421.6328386372645,75,44,19,528.0,607.0,-0.3106586545329504
Fruhvirtova B.,1482.0972479271265,1478.3035274551398,1491.220841285167,1488.115888550902,10,5,2,1311.0,209.0,0.10850038846941906
Fruhvirtova L.,1447.3643218423947,1391.087978180949,1459.270267409623,1419.337864701974,61,21,6,176.0,34.0,-0.21621560812476687
Fuda R.,1499.531520204648,1499.5319163625904,1499.5319163625904,1499.5319163625904,5,0,0,302.0,5514.0,
Fujiwara R.,1499.2147918677783,1499.2412690310516,1499.3754526019065,1499.1434644255667,6,1,3,188.0,5507.0,-0.20467726675942888
Fullana L.,1482.65197511136,1482.5875212540789,1482.5875212540789,1482.5875212540789,1,0,0,578.0,355.0,
Fung S.,1487.4922757860409,1487.4948934425743,1487.4948934425743,1487.4948934425743,1,0,0,226.0,1077.0,
Gabarrus-Alonso M.,1499.9179909737882,1499.9179909763413,1499.9179909737882,1499.9179909737882,0,1,0,432.0,6655.0,
Gabueva A.,1476.6199393898046,1477.0019699364964,1476.6199393898046,1476.6199393898046,0,2,0,119.0,1196.0,
Gadecki O.,1478.9714765009255,1446.643940272838,1445.2107524162993,1444.1179138344278,22,4,4,204.0,235.0,-0.10375229296610855
Gagliardi E.,1499.5036410131797,1499.570453613901,1499.4609013107151,1499.392295691099,6,4,1,140.0,6731.0,-0.2834905582909628
Gajdosova J.,1493.2840146622123,1496.3978441624938,1494.4416092506058,1489.3007416418122,92,30,15,100.0,3975.0,-0.21299831219559823
Galfi D.,1403.1994013009712,1459.0945282057944,1501.8057242073692,1451.8057242073692,36,25,16,137.0,47.0,-0.08657308140057363
Gallovits E.,1497.1035183219622,1498.018576132876,1496.5802998983688,1494.352414381101,47,59,9,301.0,4080.0,-0.1043826829859772
Gamiz A.,1496.7710102599367,1496.7402991289357,1496.4492011023988,1496.4492011023988,1,3,0,252.0,3024.0,
Gao X.,1439.2429992936063,1440.9115485029445,1440.9115485029445,1440.9115485029445,9,0,0,244.0,40.0,
Garbin T.,1499.0492661934823,1499.4789331849483,1499.0182154642503,1498.3409141433103,59,53,8,86.0,5704.0,-0.1724839945188611
Garcia C.,1528.2745558697738,1573.5540195318215,1590.3668664889115,1540.3668664889115,363,157,67,174.0,370.0,-0.10338459758642637
Garcia Perez G.,1483.9077263174245,1485.5543723060782,1489.6934970395916,1482.4656439242635,6,6,3,184.0,1907.0,-0.04222210468042914
Garcia Vidagany B.,1499.075157909073,1498.8278087343417,1498.811593670013,1498.811593670013,2,14,0,186.0,4436.0,-0.14095741128299627
Garcia-Vidagany B.,1499.842768918671,1499.8425539031537,1499.842768918671,1499.842768918671,0,1,0,191.0,5956.0,
Garland J.,1508.44656940746,1504.951323269415,1503.5386429478438,1506.0300157972365,5,2,1,132.0,302.0,
Gasanova A.,1505.6510100346914,1482.5773040826202,1483.92597790831,1487.041008835838,20,3,5,225.0,60.0,-0.040156386155956014
Gasparyan M.,1522.1274289005287,1499.6259824387776,1511.8831556001937,1521.994451999583,74,14,8,100.0,1916.0,0.035326508551907554
Gatto-Monticone G.,1460.3848643831666,1455.8568263668212,1451.4429513556,1438.3017639518368,7,10,3,193.0,1768.0,-0.16054743317957026
Gauff C.,1931.1599719698002,1918.9462148215453,1741.639159986652,1968.9462148215453,239,100,39,4.0,6.0,0.15490309789739753
Gavrilova D.,1510.8900368067923,1509.8957051922205,1499.8234352512725,1515.7817497773642,140,59,25,387.0,2026.0,-0.03876303000244635
Gaydarzhi K.,1499.3140523307893,1499.3137436485147,1499.3137436485147,1499.3137436485147,1,0,0,1040.0,4422.0,
Geerlings Martinez A.,1483.3017968218683,1483.563481135426,1483.3017968218683,1483.3017968218683,0,1,0,331.0,411.0,
Gehrlein S.,1499.7769344084531,1499.7769956039353,1499.7769956039353,1499.7769956039353,2,0,0,252.0,6165.0,
Georgatou E.,1499.5650794345652,1499.5649144855233,1499.5649144855233,1499.5649144855233,2,0,0,193.0,5465.0,
Georges M.,1489.2342443077814,1488.8060571443011,1487.9218647220114,1487.9218647220114,1,5,0,294.0,2169.0,
Gerasimou A.,1499.7059567299386,1499.705974768292,1499.705974768292,1499.705974768292,2,0,0,218.0,6032.0,
Gerlach K.,1491.194405049253,1490.907081554286,1491.194405049253,1491.194405049253,0,3,0,225.0,1867.0,
Gervais J.,1491.369500305001,1491.1572851893563,1491.369500305001,1491.369500305001,0,1,0,725.0,1567.0,
Ghioroaie I.G,1480.9879429617513,1480.7728228215447,1480.7728228215447,1480.7728228215447,1,0,0,371.0,1048.0,
Gibbs N.,1472.9980011538935,1481.887518275386,1475.6765848470498,1466.6166956807651,75,11,3,124.0,2428.0,-0.0940888456114034
Gibson T.,1577.0737032604231,1520.2880288842916,1524.6697714970696,1565.0133573606015,27,5,6,65.0,14.0,0.05712421890287911
Giorgi C.,1570.4346079788638,1548.43917928881,1541.2688214379607,1591.2688214379607,219,88,69,107.0,890.0,-0.06123270800923675
Giovine C.,1498.718404022558,1498.7192942802412,1498.718404022558,1498.718404022558,0,1,0,423.0,3764.0,
Gjorcheska L.,1494.9729496123737,1494.5050314796447,1493.994859147202,1494.5050314796447,1,0,1,222.0,61.0,
Glatch A.,1489.5449401644964,1491.4997648251942,1491.1991306622817,1485.4992351117476,37,10,5,297.0,1833.0,-0.18010428609758714
Gleason Q.,1493.0812388148054,1493.1021934221471,1493.1021934221471,1493.1021934221471,1,0,0,467.0,1833.0,
Glozman V.,1486.1260007028345,1486.290348353517,1486.290348353517,1486.290348353517,1,0,0,902.0,369.0,
Glushko J.,1489.4188481355438,1489.2868899166363,1486.2043877735641,1482.6377560266305,22,20,2,129.0,2686.0,0.009780069052395979
Glushko L.,1468.8223321886126,1469.0147345506111,1466.1853815282925,1466.1853815282925,4,1,0,389.0,355.0,
Goerges J.,1568.2416927173763,1527.8630325602244,1532.2752989376588,1577.8630325602244,341,149,43,41.0,2159.0,-0.1902891076946417
Gojnea M.,1499.5241912820793,1499.5243649182414,1499.5241912820793,1499.5241912820793,0,4,0,149.0,5529.0,
Golds S.,1499.9502876970466,1499.9502876970466,1499.9502876970466,1499.9502876970466,1,0,0,599.0,7182.0,
Golovin T.,1501.073624851358,1500.825343315421,1501.1103013663312,1501.427543490355,47,9,2,21.0,6691.0,-0.17448500913709464
Golubic V.,1537.0683945194507,1537.0683945194507,1537.0683945194507,1587.0683945194507,151,56,46,52.0,14.0,-0.0023211087532084562
Goncalves P.C.,1499.327111642891,1501.3545341524464,1500.2381832996089,1500.2381832996089,5,9,0,177.0,3680.0,0.17769529408629836
Gonzalez M.,1499.2131059572343,1498.664718204092,1498.7037853047943,1498.7037853047943,4,2,0,146.0,3650.0,
Gordon A.,1499.9176125144095,1499.9176125144095,1499.9176139908013,1499.9176125144095,0,0,1,358.0,6649.0,
Gorgodze E.,1452.197269377242,1451.6035645301758,1444.127217017037,1437.6807356996228,4,11,1,164.0,151.0,-0.13754164491822057
Govortsova O.,1479.466150691018,1465.2546576660106,1482.574289851907,1442.5688105331872,179,78,34,136.0,1798.0,-0.1523761588582186
Grabher J.,1399.3790123275915,1477.8971598131404,1437.0815702366278,1427.8971598131404,25,31,2,121.0,97.0,0.012251754796435643
Gracheva V.,1501.8480678334602,1495.0883114296907,1510.019490511957,1545.0883114296907,129,54,14,60.0,166.0,0.01292766890292657
Grammatikopoulou V.,1445.931773988144,1432.7881371738533,1427.100813591919,1417.062316994824,9,7,1,500.0,48.0,-0.20563285563655823
Grandin N.,1499.4815766569177,1499.4816452845891,1499.4816452845891,1499.4816452845891,3,0,0,764.0,5508.0,
Granillo A.,1499.8518316382256,1499.8518616438646,1499.8518316382256,1499.8518316382256,0,1,0,578.0,6032.0,
Grant T.C.,1493.1026545441505,1490.3112391330865,1498.1723843899354,1495.127268402117,1,5,2,172.0,59.0,
Granville L.,1499.3413132751634,1499.4203398064392,1499.5680050174992,1499.2169399937384,22,4,5,224.0,6039.0,-0.28718222386493664
Grey S.,1492.6624481024128,1492.6624481024128,1492.656034138367,1492.6624481024128,0,0,1,614.0,1911.0,
Groenefeld A.L.,1498.271973434527,1498.7991809852213,1498.0900189530064,1497.0943068716329,49,35,5,212.0,5584.0,-0.3368537792513374
Gronert S.,1499.9965801261264,1499.9966595829412,1499.9972908969942,1499.9965801261264,0,2,2,173.0,5190.0,
Groth J.,1500.464187223749,1501.0189427566534,1500.670097451211,1501.3864759599805,35,20,11,29.0,5635.0,-0.12740526639159488
Grymalska A.,1498.3190871921383,1498.3199959143428,1498.3190871921383,1498.3190871921383,0,4,0,222.0,4513.0,
Guarachi A.,1497.9375829269102,1497.936254024803,1497.936254024803,1497.936254024803,1,0,0,415.0,3246.0,
Gubacsi Z.,1499.945013558819,1499.9450185478968,1499.945013558819,1499.945013558819,0,3,0,200.0,7068.0,
Gullickson C.,1498.9992158842472,1498.9636050142753,1498.8270675911929,1498.6760458334982,7,4,1,277.0,5842.0,-0.3802042066593249
Gumulya S.,1499.7980012615205,1499.7838794877166,1499.7838794877166,1499.7838794877166,2,0,0,264.0,6565.0,
Guo H.,1459.0652248363428,1463.2613826623463,1460.5688525965027,1460.5688525965027,10,1,0,166.0,97.0,-0.09221330511362974
Guskova N.,1499.8183726035481,1499.818317027212,1499.818317027212,1499.818317027212,1,0,0,364.0,5822.0,
Haas B.,1470.0672837653758,1461.3380159827298,1452.5584623316934,1452.5584623316934,9,11,0,158.0,1875.0,-0.15912576757054417
Haddad Maia B.,1464.9756824971776,1493.005619767114,1493.005619767114,1443.005619767114,167,61,36,134.0,61.0,-0.5120800958519486
Halep S.,1694.4661703369775,1694.4661703369775,1694.4661703369775,1744.4661703369775,367,182,62,868.0,572.0,-0.10337849870286431
Hampton J.,1503.8411261564438,1502.3561528305925,1502.8247593086357,1505.5225449735062,54,14,10,28.0,4623.0,0.0063505924771654065
Han N-L.,1493.1727307506862,1493.2095097818533,1493.2095097818533,1493.2095097818533,2,0,0,159.0,2539.0,
Han N.L.,1458.0858520346342,1464.1738333852206,1464.1738333852206,1464.1738333852206,15,0,0,236.0,1056.0,-0.05204300033689302
Han S-H.,1499.6454045945345,1499.645799305162,1499.645799305162,1499.645799305162,1,0,0,264.0,5094.0,
Han S.H.,1499.3322859756213,1499.3328099588527,1499.3328099588527,1499.3328099588527,3,0,0,627.0,4731.0,
Han X.,1486.8734339467362,1494.7150747115052,1487.2437909867515,1485.6922429633694,40,12,1,187.0,2392.0,-0.11250155636888648
Hanatani N.,1493.2143833264954,1493.485467081373,1493.485467081373,1493.485467081373,1,0,0,402.0,1831.0,
Hantuchova D.,1489.1778486097903,1495.1443164789841,1501.094045144088,1487.66982254001,311,81,60,244.0,3469.0,-0.1491320995690521
Harkleroad A.,1499.8675753515695,1499.642242417594,1499.6552529986875,1499.5392766582386,29,8,4,72.0,6612.0,-0.14611456081908697
Harrison C.,1492.6421555742718,1492.7691444000811,1492.7691444000811,1492.7691444000811,2,0,0,340.0,1833.0,
Harrison Ca.,1484.384956378798,1484.1391984696895,1487.0524906173043,1483.2945534927533,1,1,2,243.0,1461.0,
Hartono A.,1417.1950434166847,1420.9042218865284,1429.1239198508842,1404.5025892893184,19,2,3,260.0,305.0,-0.09610958255201268
Hatouka Y.,1473.4300661400755,1476.902258815679,1473.303011369118,1470.7626067505748,1,3,2,240.0,1130.0,
Havlickova L.,1485.6426460649204,1490.0756992519914,1490.0756992519914,1490.0756992519914,9,0,0,226.0,38.0,
Haynes A.,1499.7959460940044,1499.746014721794,1499.7254285253175,1499.7254285253175,13,1,0,125.0,6186.0,-0.012430718253222617
Hendler T.,1499.5163496426442,1499.4872045351058,1499.4625994238424,1499.4625994238424,1,2,0,182.0,5213.0,
Henin J.,1504.2258883401328,1502.8285004508718,1503.1301239824504,1507.2234492546272,66,27,19,13.0,5700.0,-0.05644198867855821
Hennemann C.W.,1486.2688514644938,1485.8532565084024,1486.2688514644938,1486.2688514644938,0,1,0,292.0,103.0,
Herazo Gonzalez M.,1498.3197329937132,1498.3898736652577,1498.3197329937132,1498.3197329937132,0,4,0,443.0,3061.0,
Herazo M.,1490.2994865845899,1490.1829117161233,1490.2994865845899,1490.2994865845899,0,1,0,454.0,1609.0,
Hercog P.,1430.6971160769485,1494.4678324930146,1474.6075713654097,1444.4678324930146,166,163,29,124.0,1769.0,-0.027013286368733957
Hermoso X.,1498.0526966883442,1498.3846244912281,1497.8223812059414,1497.8223812059414,4,4,0,454.0,4534.0,
Herrero Linana A.,1483.2344476574467,1483.3841775701817,1483.2344476574467,1483.2344476574467,0,1,0,358.0,411.0,
Hesse A.,1472.2333324816045,1465.485836389248,1461.3999809972624,1456.9769509345347,6,14,1,821.0,1197.0,-0.18765909779143478
Hewitt D.,1489.8638710457644,1489.897392618866,1489.897392618866,1489.897392618866,1,0,0,437.0,1469.0,
Hibi M.,1490.5511374841944,1490.592261861319,1490.592261861319,1490.592261861319,7,0,0,176.0,2029.0,
Hibino N.,1407.7821184223126,1375.9532482893173,1405.539483049745,1357.7821184223126,133,38,13,235.0,47.0,-0.09014648635310629
Higuita Barraza M.,1487.1898842491441,1487.355332427269,1487.1898842491441,1487.1898842491441,0,1,0,1080.0,516.0,
Hingis M.,1500.3084602155686,1500.402109226913,1500.3794984535261,1500.5170151780603,27,2,3,18.0,6920.0,-0.08742868903544176
Hives Z.,1497.0720179180794,1494.7966053702582,1494.1877628350487,1494.7966053702582,6,0,1,571.0,1524.0,
Hladikova T.,1500.084077616319,1500.0842886444648,1500.084077616319,1500.084077616319,0,5,0,258.0,6248.0,
Hlavackova A.,1492.4550253438756,1493.5111210884277,1493.4965975772757,1485.624456747466,43,26,24,825.0,2988.0,-0.17148645864785278
Hobgarski K.,1483.6386617169173,1484.1286912185396,1483.6386617169173,1483.6386617169173,0,3,0,292.0,1567.0,
Hoch E.,1499.939603549491,1499.9396060956306,1499.939603549491,1499.939603549491,0,1,0,549.0,6977.0,
Hodzic M.,1479.7613843509766,1479.6090243362148,1479.6090243362148,1479.6090243362148,1,0,0,334.0,48.0,
Hofmanova N.,1499.5902164568618,1499.5903816023244,1499.5902164568618,1499.5902164568618,0,2,0,317.0,5526.0,
Hogenkamp R.,1483.4834791258895,1487.087528290801,1486.2197320300456,1475.701383311026,16,18,8,207.0,2559.0,-0.23273236229033453
Holland I.,1499.2351272782425,1499.2352730000525,1499.2352730000525,1499.2352730000525,4,0,0,181.0,5339.0,
Hon P.,1452.4536508323229,1468.2789852702513,1463.1642530442027,1459.1682426233463,54,2,3,158.0,40.0,0.252081026431504
Honcova M.,1498.5892524983171,1498.5921719632718,1498.5892524983171,1498.5892524983171,0,3,0,260.0,4793.0,
Hong H.H.,1499.6369624418276,1499.636699703803,1499.636699703803,1499.636699703803,1,0,0,662.0,5094.0,
Hontama M.,1417.5317015334904,1426.7788769488031,1434.6359125841661,1426.7788769488031,39,0,1,203.0,38.0,-0.15702705239021958
Hosogi S.,1481.0815019959791,1480.95674110825,1480.95674110825,1480.95674110825,1,0,0,256.0,1069.0,
Hourigan P.M.,1497.0414157218045,1497.0743591310213,1497.0743591310213,1497.0743591310213,1,0,0,447.0,2427.0,
Hovde L.,1490.7186140480305,1491.1257967196075,1491.1257967196075,1491.1257967196075,1,0,0,286.0,905.0,
Hozumi E.,1482.8549320334525,1484.2081833760105,1486.0186981584147,1484.2081833760105,11,0,1,591.0,1469.0,-0.1992689750398856
Hradecka L.,1482.5095534461848,1500.1342462612895,1490.419817817785,1482.151986062105,104,92,9,495.0,2061.0,-0.003628071581872727
Hrdinova E.,1499.7243791303354,1499.7710948238605,1499.7321840621228,1499.705787853879,2,2,1,303.0,5891.0,
Hruncakova V.,1467.8493849241381,1478.9517930696359,1491.5223460618022,1475.6153005901392,9,3,5,113.0,1048.0,-0.1178093148270053
Hsieh S.,1499.9412582698264,1499.9412582698264,1499.9412435671015,1499.9412582698264,0,0,1,125.0,7004.0,
Hsieh S.W.,1507.1186082860522,1460.5353451276417,1484.2167946148734,1472.9032719813208,205,57,42,23.0,1196.0,-0.15194591554252307
Hsu C.W.,1498.8064136180449,1498.803560746708,1498.803560746708,1498.803560746708,1,0,0,327.0,3856.0,
Hsu C.Y.,1499.5800003709098,1499.5800003709098,1499.5800003709098,1499.5800003709098,1,0,0,280.0,4933.0,
Hu Y.Y.,1499.3803120166058,1499.3800780646227,1499.3800780646227,1499.3800780646227,2,0,0,297.0,5094.0,
Huck V.,1499.9188487883753,1499.918859253671,1499.9188487883753,1499.9188487883753,0,1,0,268.0,6668.0,
Hui K.,1488.436036278173,1488.6308621776066,1488.6308621776066,1488.6308621776066,1,0,0,872.0,914.0,
Hunter S.,1496.8386209298078,1494.657821535263,1497.4803228342928,1499.4245013497205,17,5,1,180.0,33.0,0.016089405046769978
Ianchuk O.,1499.0277465165882,1499.0274049498228,1499.0274049498228,1499.0274049498228,1,0,0,267.0,4051.0,
Iatcenko P.,1498.8727118214551,1499.3101828402048,1499.3101828402048,1499.3101828402048,2,0,0,181.0,303.0,
Ibragimova A.,1507.0394328798232,1506.4079223734113,1507.0394328798232,1507.0394328798232,0,2,0,275.0,45.0,
Ignatik A.,1490.9442017439524,1490.8855242343045,1490.8855242343045,1490.8855242343045,1,0,0,209.0,1770.0,
Iliev S.,1486.0783301707722,1485.6570651972413,1486.0783301707722,1486.0783301707722,0,1,0,931.0,1196.0,
Imanishi M.,1499.2525201200287,1499.2521732153896,1499.2521732153896,1499.2521732153896,1,0,0,211.0,4345.0,
In-Albon Y.,1429.0236703216765,1429.3498179517683,1429.1714474467167,1420.4491284372418,1,7,1,149.0,1188.0,
Inglis M.,1448.4759577870905,1454.7625572739394,1442.2530755174348,1437.805188825303,27,3,4,151.0,82.0,-0.0265910003758566
Inoue H.,1475.3590502471816,1475.1446652235834,1475.1446652235834,1475.1446652235834,2,0,0,215.0,370.0,
Irigoyen M.,1496.1275348862116,1496.7127404380517,1495.500435204857,1495.500435204857,3,7,0,204.0,3849.0,-0.25068316564709164
Ishii S.,1509.7737467196212,1511.3648041760523,1511.3648041760523,1511.3648041760523,4,0,0,188.0,529.0,
Ishizu S.,1499.9088606046503,1499.9184300226468,1499.9184300226468,1499.9184300226468,5,0,0,204.0,4624.0,
Ito A.,1482.5373542752184,1478.0262939579522,1476.3917701993842,1478.0262939579522,17,0,2,235.0,28.0,0.04582077576075855
Ivakhnenko V.,1496.2135779393768,1496.5078439353426,1495.812204844202,1495.812204844202,1,8,0,228.0,2593.0,
Ivanov V.,1495.4119225869104,1495.450180459514,1495.450180459514,1495.450180459514,1,0,0,1001.0,2428.0,
Ivanova E.,1499.5908666584628,1499.4130056042031,1499.2658144629509,1499.2658144629509,15,10,0,175.0,5428.0,0.01984462263971304
Ivanovic A.,1532.1863161061942,1514.114001282877,1508.9421304466646,1542.6925749167528,346,106,49,31.0,3652.0,-0.2948146377756795
Iyer T.,1499.892350710787,1499.884377835791,1499.884377835791,1499.884377835791,1,0,0,354.0,6920.0,
Jabeur O.,1641.5315202071029,1625.5530228884345,1646.8480083292673,1662.2533707252962,209,89,56,59.0,433.0,-0.2847436735568794
Jackson J.,1499.3939448395768,1499.3773461108276,1499.4269281838488,1499.296568054694,9,1,2,271.0,6578.0,-0.23464873719626203
Jacquemot E.,1457.312842502875,1445.4084358921066,1463.4384521285915,1456.4421573239943,25,23,4,104.0,38.0,-0.06453989136935961
Jaksic J.,1496.9317417747857,1495.564879203137,1495.2785461814644,1494.4917078520741,12,3,2,212.0,3736.0,-0.40112726461894344
Jakupovic D.,1468.2304269323558,1476.4062904924244,1476.0752000615437,1456.5959508651688,28,17,7,267.0,1130.0,-0.012920558925045955
Jamrichova R.,1456.0956265346229,1456.5578114053658,1453.01290943866,1453.01290943866,2,1,0,310.0,551.0,
Jang S.,1440.9703373332266,1444.1767482213334,1444.1767482213334,1444.1767482213334,9,0,0,244.0,670.0,
Jang S.J.,1483.2213998247796,1483.123930083393,1483.123930083393,1483.123930083393,17,0,0,204.0,2903.0,-0.26593097931276066
Jani R-L.,1485.8004545857677,1485.848399740622,1485.8004545857677,1485.8004545857677,0,1,0,195.0,1434.0,
Jani R.L.,1447.6989129279593,1435.336034867973,1433.220419417811,1433.220419417811,2,19,0,169.0,1132.0,-0.17505901623498893
Janicijevic S.,1471.235434200096,1477.9315385161208,1469.072993967267,1469.072993967267,1,9,0,245.0,153.0,-0.0691994830742989
Jankovic J.,1519.352587775988,1507.6723446279875,1503.2218606565689,1520.217626243797,400,168,56,68.0,3289.0,-0.19656304786694473
Jeanjean L.,1350.4533517399866,1430.5646814037975,1416.5029089870177,1380.5646814037975,17,22,5,117.0,27.0,0.048930215525872456
Jeong B.,1492.676693703326,1492.763255729507,1492.763255729507,1492.763255729507,1,0,0,688.0,1440.0,
Ji C.M.,1499.8068679036626,1499.8068764984664,1499.8068764984664,1499.8068764984664,2,0,0,584.0,6174.0,
Jiang X.,1490.0785426465343,1490.4202368309534,1490.4202368309534,1490.4202368309534,1,0,0,511.0,1049.0,
Jidkova A.,1499.4857023344098,1499.4440196783944,1499.3035158306361,1499.3035158306361,10,4,0,280.0,6242.0,-0.2755691803813598
Jimenez Kasintseva V.,1462.1415751990407,1446.331383114026,1444.2461805558535,1438.8492777094673,15,7,1,120.0,27.0,-0.07359933917182837
Jimenez V.,1481.519287817276,1475.3289787526953,1473.4823187871536,1473.4823187871536,5,2,0,175.0,1222.0,
Joao Koehler M.,1499.8880432751725,1499.888049109632,1499.8880432751725,1499.8880432751725,0,1,0,630.0,6327.0,
Johansson M.,1495.5576611159777,1495.3738974160656,1496.875260862052,1492.0967171977736,35,70,11,228.0,4115.0,-0.04810407666527955
Joint M.,1515.6910627563025,1504.3340582848107,1526.2797707664363,1517.549795590929,56,11,10,75.0,4.0,-0.09107868492769544
Jones E.,1483.8039353646468,1491.053414828901,1490.2192592266708,1490.2192592266708,10,1,0,139.0,27.0,-0.05245817407872955
Jones F.,1473.728651824029,1464.1769298173654,1425.8875797861342,1434.7196620635975,16,13,16,106.0,62.0,-0.2211377181308406
Jones S.,1498.4085193514231,1498.6614704485162,1498.2303149163201,1498.2303149163201,8,3,0,183.0,4976.0,-0.18971190600593552
Jorovic I.,1468.3010883564784,1467.6518539126737,1471.6650337633325,1455.3554407163906,14,9,4,417.0,1770.0,-0.20375805540464187
Jovanovski B.,1495.4849048770852,1493.0144346783343,1494.4667335845766,1488.1340577082597,155,39,23,120.0,3751.0,-0.09844677605807262
Jovic I.,1686.1170465790992,1686.1170465790992,1686.1170465790992,1736.1170465790992,47,17,9,16.0,11.0,-0.005698366495133
Jozami B.,1500.0732357196564,1500.0733061448632,1500.0732357196564,1500.0732357196564,0,5,0,134.0,6400.0,
Jugic-Salkic M.,1499.1010813781777,1499.140759383174,1499.0275317923722,1499.0275317923722,1,3,0,204.0,4948.0,
Jurikova L.,1499.5251024820132,1499.524999358963,1499.5251024820132,1499.5251024820132,0,3,0,253.0,5535.0,
Juvan K.,1491.602799972637,1530.7309522026214,1500.9298180094852,1519.9834353877975,53,29,13,93.0,185.0,-0.08973252957722727
Kabbaj Y.,1486.4611609326257,1487.914824754934,1486.4611609326257,1486.4611609326257,0,5,0,334.0,101.0,
Kalashnikova O.,1499.5165703818966,1499.5164897313346,1499.5164897313346,1499.5164897313346,1,0,0,310.0,4786.0,
Kalieva E.,1474.9986934012638,1452.0328346404053,1461.3967340538165,1461.3967340538165,11,4,0,120.0,16.0,0.09723796385427813
Kalinina A.,1486.5554596902643,1586.5554596902643,1486.5554596902643,1536.5554596902643,106,62,22,51.0,15.0,-0.1243685399957134
Kalinskaya A.,1714.7400789250685,1704.3655134200014,1686.0229212680629,1754.3655134200014,164,52,25,21.0,15.0,-0.020384483849856472
Kamenskaya V.,1498.5270197335326,1498.494165368129,1498.5270197335326,1498.5270197335326,0,1,0,210.0,3413.0,
Kanepi K.,1515.9887736996995,1471.3498199814285,1466.2763588058174,1482.3873872392564,256,149,38,133.0,1095.0,-0.016294276457559376
Kang J.,1498.18762550456,1498.1881575086786,1498.1881575086786,1498.1881575086786,1,0,0,378.0,3323.0,
Kania P.,1494.9925978328565,1494.1783185790896,1493.6004245343995,1492.3398105350157,10,4,2,186.0,3702.0,-0.15204906592333173
Kapros A.,1499.9100968643143,1499.9100930778109,1499.9100930778109,1499.9100930778109,1,0,0,310.0,6558.0,
Kapshay V.,1499.5165091473964,1499.5164675562696,1499.5164675562696,1499.5164675562696,1,0,0,279.0,4786.0,
Karatancheva L.,1479.1205325717235,1479.4876173603873,1479.1205325717235,1479.1205325717235,0,1,0,288.0,152.0,
Karatancheva S.,1499.8965676160465,1499.8965655400757,1499.8965655400757,1499.8965655400757,1,0,0,128.0,6410.0,
Karatantcheva S.,1488.51530454214,1489.8317751357836,1490.696556752749,1480.863468860655,43,28,9,203.0,2910.0,-0.2747919712201615
Kartal S.,1633.187239927539,1605.3667563619867,1605.3667563619867,1655.3667563619867,29,7,17,54.0,173.0,0.10166902027444213
Kasatkina D.,1543.4466861989374,1593.1515308722464,1551.3000364988577,1559.0393119878433,333,136,62,68.0,17.0,-0.09833470097842917
Kato M.,1484.96670001929,1483.88394947289,1482.7121906916052,1480.5084695336363,21,2,1,514.0,2707.0,-0.06054356227967189
Kawa K.,1457.2965453251686,1520.173308990979,1487.5114591386532,1485.3259803331207,18,21,3,131.0,39.0,-0.0949760671533797
Kenin S.,1480.6800230765086,1563.0754812850978,1476.541711573354,1521.4127738767543,227,65,27,115.0,14.0,-0.013190838727163312
Keothavong A.,1497.11515710698,1497.2308225881322,1496.9804690454082,1494.0102295628847,66,18,24,217.0,4815.0,-0.19981252843348393
Kerber A.,1570.0123221753072,1544.059009708129,1550.6583331704214,1573.5267310802606,453,143,114,221.0,789.0,-0.2608241724521237
Kerkhove L.,1492.2736981938456,1490.4276458175696,1489.6065247024792,1487.9042953630253,8,3,2,201.0,2616.0,-0.07672709275083073
Kessler M.,1581.5731116716136,1539.822071899632,1559.928467537467,1589.822071899632,70,15,16,58.0,16.0,-0.09702487064776066
Keys M.,1744.5750350953936,1744.5750350953936,1744.5750350953936,1794.5750350953936,332,145,79,24.0,9.0,-0.09447555108773575
Khazaniuk D.,1500.0126905927684,1500.0164976720662,1500.0164976720662,1500.0164976720662,2,0,0,228.0,2902.0,
Khromacheva I.,1475.296355623455,1468.3830171993766,1462.8367229434848,1457.7984193489754,11,12,1,290.0,1195.0,-0.40241696490877077
Kichenok L.,1495.7854593857505,1495.304234616138,1495.8097367807034,1495.304234616138,15,0,1,304.0,3632.0,-0.11416079067310075
Kichenok N.,1493.1026783951902,1493.5625773326249,1494.5854482980542,1491.4903212313036,10,4,4,419.0,3681.0,-0.2394108370529011
Kiick A.,1483.5767954220623,1483.2390163480964,1478.399333739435,1478.399333739435,12,5,0,270.0,1609.0,-0.04268087617123273
Kim S-J.,1499.7437803372582,1499.7437138587168,1499.7437138587168,1499.7437138587168,1,0,0,316.0,5458.0,
Kim S.J.,1499.4474162541933,1499.4473198855642,1499.4473198855642,1499.4473198855642,4,0,0,204.0,5823.0,
King V.,1495.5486445979698,1500.0875636327714,1497.4986614425827,1495.3011731967074,170,58,18,428.0,2904.0,-0.25448595030909277
Kiraly P.,1499.9157618174147,1499.9157730896454,1499.9157618174147,1499.9157618174147,0,1,0,530.0,6628.0,
Kirilenko M.,1511.4782573050854,1503.0021004668429,1502.2771581965908,1513.229634544417,241,80,32,134.0,4353.0,-0.16500292618371137
Klaffner M.,1498.9059367005905,1499.0430220540293,1498.728269986368,1498.728269986368,3,6,0,184.0,4708.0,
Klaschka C.,1499.8793459049214,1499.879358268135,1499.8793459049214,1499.8793459049214,0,1,0,171.0,6249.0,
Klepac A.,1499.0624333446974,1499.4641334608857,1499.1096810727724,1498.855335699515,16,18,2,500.0,5886.0,-0.28706890844565247
Kleybanova A.,1503.9672590173261,1500.0734294104334,1500.6492906186882,1503.1760037866845,132,42,15,83.0,4451.0,-0.007768080085262641
Klimovicova L.,1476.9768916664314,1477.7072694398516,1477.7072694398516,1477.7072694398516,2,0,0,131.0,210.0,
Kloesel S.,1499.3296975134606,1499.1940087133362,1499.066522560187,1498.9415691461388,8,13,1,791.0,6250.0,-0.19450923366380432
Klugman H.,1464.0256593041304,1464.0256593041304,1459.2463711179066,1464.0256593041304,0,0,6,416.0,62.0,
Knapp K.,1494.9862123509386,1503.0199979294127,1496.5025312915814,1496.2525311177578,98,95,11,130.0,3652.0,-0.06276271770579755
Knoll X.,1499.5248960817498,1499.5246017668123,1499.5248960817498,1499.5248960817498,0,1,0,565.0,4800.0,
Knutson G.,1464.03890281879,1465.1089215792806,1461.73675251143,1461.73675251143,2,1,0,223.0,138.0,
Kobori M.,1484.224207062202,1484.6733078186894,1484.6733078186894,1484.6733078186894,2,0,0,470.0,307.0,
Koch Benvenuto K.A.,1499.926553388683,1499.9265740418705,1499.926553388683,1499.926553388683,0,1,0,550.0,6773.0,
Koehler M.J.,1496.3415291849628,1495.6836685679607,1495.665191593981,1494.6919435817656,4,11,2,213.0,4507.0,-0.3038272927627648
Koevermans A.,1488.6424424872655,1488.6424424872655,1488.1692386766526,1488.6424424872655,0,0,1,190.0,445.0,
Kolar N.,1499.0945329566973,1499.0233738681543,1498.9824203759604,1498.9824203759604,1,3,0,241.0,4157.0,
Kolesnichenko A.,1499.8719738625718,1499.8719684919417,1499.8719684919417,1499.8719684919417,1,0,0,577.0,6186.0,
Komardina A.,1495.1201798914,1495.1333294228975,1495.1333294228975,1495.1333294228975,3,0,0,208.0,2372.0,
Kondratieva M.,1499.9996023199467,1499.9996374750897,1499.9996023199467,1499.9996023199467,0,2,0,236.0,6653.0,
Konjuh A.,1478.0146792451476,1459.9267728378256,1488.0600986556326,1447.4506091559388,89,35,24,508.0,467.0,-0.5406579979214186
Konta J.,1541.043765734646,1535.388908571164,1573.5868236765775,1585.388908571164,163,52,70,41.0,1839.0,0.016231466880289425
Kontaveit A.,1644.7918177958086,1557.2011577435492,1557.2011577435492,1607.2011577435492,209,81,35,81.0,1151.0,-0.2351103638085914
Kops-Jones R.,1499.8850678938545,1499.877815814209,1499.8858422741757,1499.877815814209,1,0,1,164.0,6913.0,
Korashvili O.,1499.0076253473399,1499.005947054944,1499.005947054944,1499.005947054944,1,0,0,565.0,4049.0,
Korneeva A.,1562.929750991215,1542.8753176333144,1554.8109974454849,1565.1829760971332,18,3,1,89.0,21.0,0.32096340586126565
Korpatsch T.,1513.2086735242683,1528.980128433011,1493.7957981788277,1543.7957981788277,49,55,14,47.0,14.0,0.1378978075262972
Koryttseva M.,1499.1270841351636,1498.8733787252013,1498.896451247912,1498.1593581979664,33,44,7,138.0,5458.0,0.053078390396463615
Kostanic J.,1499.950824680995,1499.950824680995,1499.950824680995,1499.950824680995,9,0,0,78.0,7135.0,
Kostanic T. J.,1499.9120952887188,1499.9121024393264,1499.9121024393264,1499.9121024393264,1,0,0,90.0,6579.0,
Kostanic Tosic J.,1499.413172544883,1499.3879165459302,1499.2187842762698,1499.115591919911,13,9,1,871.0,5844.0,-0.09256359997284197
Kostic N.,1495.3258651913154,1495.3099877136299,1495.3099877136299,1495.3099877136299,1,0,0,183.0,2393.0,
Kostova E.,1489.064288498141,1490.727879016974,1485.3915379921746,1485.3915379921746,8,15,0,227.0,2701.0,-0.05927651786050664
Kostovic T.,1475.5065964670616,1475.5439816002793,1476.3958174571496,1474.2281393411213,1,1,1,184.0,62.0,
Kostyuk M.,1859.2839519810586,1859.2839519810586,1700.3314581218992,1909.2839519810586,173,62,28,11.0,8.0,-0.027761595291600383
Kotliar Y.,1485.219067848772,1485.6598851176493,1485.219067848772,1485.219067848772,0,3,0,528.0,102.0,
Koukalova K.,1484.9606999050259,1492.3253847522178,1496.118455215922,1483.704217608381,31,18,15,115.0,3799.0,-0.36907840794310715
Kovackova A.,1483.2587003414758,1483.2696024764512,1483.2696024764512,1483.2696024764512,1,0,0,773.0,404.0,
Kovackova J.,1483.514420225072,1483.5981616587926,1483.5981616587926,1483.5981616587926,1,0,0,553.0,40.0,
Kovinic D.,1432.7552758559345,1532.7552758559345,1479.8423614307194,1482.7552758559345,98,94,6,1289.0,591.0,-0.09437868382059977
Kozlova K.,1465.8764156486025,1495.0378223980415,1483.8257906273557,1472.883633183874,94,37,10,145.0,1756.0,0.01965885816487356
Krajicek M.,1498.6468161322714,1498.5899826734735,1498.8783227579197,1497.1020952771933,64,28,25,403.0,4099.0,-0.09329645618083504
Kratzer A.,1498.1823899845506,1498.2486877436656,1498.2486877436656,1498.2486877436656,3,0,0,251.0,2951.0,
Kraus S.,1388.1389291124415,1419.3691855502127,1394.8312638442703,1373.2353858524016,10,10,2,85.0,15.0,-0.16198589303872665
Krawczyk D.,1494.1128999258435,1494.0070147180825,1494.1128999258435,1494.1128999258435,0,1,0,678.0,1973.0,
Krejcikova B.,1708.6223390852222,1592.7062320422808,1693.8480108488732,1743.8480108488732,156,60,39,26.0,14.0,-0.07799817276766752
Krejsova P.,1500.1896525002662,1500.1896525002662,1500.1481864172647,1500.1896525002662,0,0,2,280.0,3364.0,
Kremen I.,1499.5187863791507,1499.5185063883605,1499.5185063883605,1499.5185063883605,1,0,0,225.0,4786.0,
Kremer A.,1498.4551212995473,1498.9422601435758,1498.537036941591,1498.1524252238314,28,7,2,215.0,5431.0,-0.07202234411364711
Kriz N.,1499.9431290003397,1499.9431321536115,1499.9431290003397,1499.9431290003397,0,1,0,388.0,7040.0,
Krueger A.,1567.5224538355021,1545.74672766298,1545.74672766298,1595.74672766298,88,20,16,56.0,17.0,0.012238879342112874
Krunic A.,1417.7042332610686,1431.8853136335238,1455.5302560876826,1405.5302560876826,106,62,25,363.0,411.0,-0.20596478639890525
Ku Y.,1470.748134700255,1472.44944257588,1472.44944257588,1472.44944257588,2,0,0,305.0,349.0,
Kubka M.,1488.2384871663128,1488.2710299470446,1488.2384871663128,1488.2384871663128,0,1,0,472.0,1495.0,
Kucova K.,1429.2630406077326,1446.6698490285767,1453.2185245004116,1404.2377284537888,49,43,8,507.0,1048.0,-0.23425736593964963
Kucova Z.,1498.1742260066785,1498.9260452269236,1498.2284710014935,1497.999063910107,10,7,1,197.0,5437.0,0.0016882113042810953
Kudermetova P.,1490.9029115522978,1450.2617128362085,1453.086492966052,1463.7260550348904,39,10,7,108.0,30.0,-0.016357356314986082
Kudermetova V.,1593.1752932602876,1593.1752932602876,1593.1752932602876,1643.1752932602876,205,87,41,31.0,318.0,-0.20373043690691328
Kudryavtseva A.,1487.3850083678528,1495.2103904832315,1495.381945120008,1483.6423407148225,129,49,28,292.0,3275.0,0.079716034784304
Kulambayeva Z.,1491.4274857655842,1491.376181247315,1491.376181247315,1491.376181247315,1,0,0,524.0,1798.0,
Kulichkova E.,1493.0229123016131,1493.78068409297,1491.1920391954395,1488.2627047291176,28,12,4,164.0,3322.0,-0.15907199860128635
Kulikova R.,1499.9636805836603,1499.709209248591,1500.1283550936996,1499.8997928204226,12,5,5,191.0,5528.0,-0.014636406841425531
Kumkhum L.,1487.202333283783,1480.4667289836134,1482.7778779198075,1475.6527172015044,48,5,4,107.0,2617.0,-0.09215495066290252
Kung L.,1489.172582897172,1468.4464802507425,1477.3165903686745,1470.80397031156,8,6,2,206.0,515.0,-0.21558772225199258
Kuryanovich I.,1499.9399964656238,1499.9399941103934,1499.9399941103934,1499.9399941103934,1,0,0,241.0,6984.0,
Kustova D.,1499.7367525703455,1499.6239667184946,1499.5742721417244,1499.5742721417244,9,4,0,165.0,5662.0,-0.0859170919552914
Kutuzova V.,1498.768048410162,1499.3338319609732,1498.8469145099589,1498.4636576643222,9,16,3,208.0,5578.0,-0.22241040322094904
Kuwata H.,1490.0935169713268,1489.227857919526,1488.204407046367,1488.204407046367,8,1,0,248.0,2699.0,
Kuzmova V.,1460.5377937726983,1480.7585249965575,1475.517578652585,1458.6166747655157,73,26,9,134.0,1332.0,-0.05683933521952539
Kuznetsova S.,1544.4175984680237,1504.0489815670574,1491.0681662936706,1526.7494262829423,386,158,55,40.0,1889.0,-0.13275708840585587
Kvitova P.,1608.25045651382,1526.2306926372873,1610.875520251789,1576.2306926372873,488,151,92,543.0,370.0,-0.46627618011520205
Laine E.,1499.8192767815292,1499.8065483731184,1499.787092670508,1499.787092670508,9,1,0,365.0,6604.0,-0.14398322825167703
Laisne K.,1499.7096889806353,1499.701499181692,1499.681225990995,1499.681225990995,1,2,0,312.0,6306.0,
Lakhani I.,1499.9253122347104,1499.9253122347104,1499.9253122347104,1499.9253122347104,1,0,0,357.0,6753.0,
Lalami N.,1499.3239975410738,1499.4138929747019,1499.2685595547987,1499.2685595547987,1,7,0,503.0,5241.0,
Lamens S.,1487.8555166748959,1495.8433781211434,1480.9125609832283,1495.4162648584638,40,15,11,134.0,75.0,-0.31426484558718837
Lansere S.,1491.5922934333441,1488.333596542277,1488.4526311914476,1488.4526311914476,2,1,0,271.0,1053.0,
Lao D.,1480.1903807372914,1473.679497994719,1477.5793385558895,1473.679497994719,7,0,3,239.0,1889.0,-0.2520632287641553
Lapko V.,1480.4669595692337,1491.983613479555,1484.7926016087363,1478.2491101210833,28,10,6,408.0,1796.0,-0.1871813334872967
Lapushchenkova A.,1499.369395381379,1499.4841452952692,1499.167651452744,1499.0724211491026,10,11,1,107.0,5869.0,0.0972465164619255
Larcherde Brito M.,1494.9978949724984,1497.5907331817089,1500.3894433242476,1495.894948753045,39,11,19,249.0,3735.0,0.20946316778061796
Larriere V.,1500.0292935700204,1499.9016628291772,1499.9337751238334,1499.9337751238334,3,1,0,175.0,5206.0,
Larsson J.,1465.3113465829779,1498.87184409442,1478.8584305046088,1460.5762899417125,163,135,17,215.0,2414.0,-0.0701174218973189
Laskutova K.,1479.2316650713506,1479.0503540273037,1479.0503540273037,1479.0503540273037,1,0,0,366.0,712.0,
Lazaro A.,1495.413833093804,1495.1010263974536,1495.413833093804,1495.413833093804,0,1,0,279.0,1924.0,
Lee C.Y.,1509.3427869216034,1510.808150301646,1510.808150301646,1510.808150301646,2,0,0,179.0,39.0,
Lee G.,1455.8723584725992,1455.8915641249075,1455.8723584725992,1455.8723584725992,0,6,0,312.0,880.0,
Lee P.C.,1498.987014467024,1498.9899857230316,1498.9899857230316,1498.9899857230316,1,0,0,529.0,3854.0,
Lee S.R.,1498.155192920616,1498.1556452897946,1498.1556452897946,1498.1556452897946,2,0,0,435.0,3632.0,
Lee Y-H.,1498.8274944796826,1498.827504215596,1498.827504215596,1498.827504215596,1,0,0,218.0,3855.0,
Lee Y.H.,1492.4580468261966,1492.521467933483,1492.521467933483,1492.521467933483,6,0,0,384.0,3135.0,
Lee Y.R.,1499.7273407887988,1499.729100381693,1499.729100381693,1499.729100381693,5,0,0,450.0,4729.0,
Leme Da Silva N.V.,1497.8870418790532,1497.7924826188478,1497.7924826188478,1497.7924826188478,2,0,0,1206.0,354.0,
Lemoine Q.,1492.670798790378,1492.0430140385733,1491.7626070733281,1491.7626070733281,1,3,0,262.0,2658.0,
Lepchenko V.,1418.9143314473108,1457.8204374208528,1457.8204374208528,1407.8204374208528,207,108,33,172.0,48.0,-0.004938761569873773
Lertcheewakarn N.,1497.294528699955,1496.766706914693,1497.519404811364,1496.766706914693,19,0,3,174.0,5164.0,-0.20758614250858418
Lertpitaksinchai N.,1498.5645971773874,1498.5631290297886,1498.5631290297886,1498.5631290297886,8,0,0,418.0,3679.0,
Lew Yan Foon A.,1482.0354924453818,1481.9834623916306,1481.9834623916306,1481.9834623916306,1,0,0,381.0,305.0,
Lewis J.,1496.3934294756511,1496.405721328523,1496.405721328523,1496.405721328523,2,0,0,1051.0,3162.0,
Leykina P.,1499.9810857794155,1499.9889252843664,1499.9810857794155,1499.9810857794155,0,2,0,201.0,3699.0,
Li A.,1569.0714304598528,1564.1009031225394,1544.682570647268,1594.682570647268,119,32,20,30.0,1.0,0.017250204464795638
Li N.,1531.0636541296076,1510.1899458815026,1509.2302926530404,1540.6813964338407,241,84,42,2.0,4447.0,-0.24667762775416358
Liang E.S.,1428.4409757256064,1436.3588276822472,1428.1272820643057,1428.1272820643057,13,1,0,303.0,4.0,-0.22822475107693654
Liebens K.,1499.1764637284368,1499.1761778002467,1499.1761778002467,1499.1761778002467,1,0,0,327.0,4219.0,
Liggan K.,1499.9478797008303,1499.9478797008303,1499.9478797008303,1499.9478797008303,1,0,0,229.0,7132.0,
Likhovtseva E.,1499.6102135380922,1499.7190653954376,1499.8154352262795,1499.5734903377324,16,6,7,124.0,6731.0,-0.07838241313424649
Lim A.,1495.4747410707464,1492.632701149374,1491.8847711929018,1491.8847711929018,8,9,0,259.0,3380.0,-0.05949515625199098
Linetskaya E.,1499.928635531646,1499.9286324915827,1499.9286324915827,1499.9286324915827,1,0,0,584.0,6802.0,
Linette M.,1545.7900272691936,1594.7583706575613,1545.7900272691936,1595.7900272691936,280,105,48,62.0,17.0,-0.1515236635501095
Lisicki S.,1503.096322456668,1462.1079861761523,1488.2824874708062,1459.9063280504909,224,76,61,371.0,1162.0,-0.21864693194281315
Lisjak I.,1499.9564585674166,1499.944083173355,1499.9440620921448,1499.9440620921448,2,1,0,737.0,6408.0,
Lister C.,1494.9920991577417,1495.379540745,1495.3856509050167,1494.9920991577417,0,2,1,550.0,3323.0,
Liu A.,1499.8548564617995,1499.8549078388594,1499.8549078388594,1499.8549078388594,4,0,0,328.0,6619.0,
Liu C.,1436.0548036726789,1488.4580193084084,1478.9183696715697,1471.343144350669,62,29,12,111.0,47.0,0.028549631601290204
Liu F.,1476.1965404364464,1476.1171655009675,1476.1171655009675,1476.1171655009675,23,0,0,367.0,670.0,0.04183278011932584
Liutova K.,1566.1637271027312,1566.9012900909038,1566.9012900909038,1566.9012900909038,4,0,0,229.0,28.0,
Lizarazo Y.,1496.2759823684607,1496.534182165553,1496.2759823684607,1496.2759823684607,0,8,0,537.0,1607.0,
Llagostera V.,1499.81536322376,1499.8124080040693,1499.80157368489,1499.80157368489,1,1,0,85.0,6321.0,
Llagostera Vives N.,1498.1626503678808,1499.094780822162,1498.0624310801982,1497.3888233804907,23,54,3,133.0,5458.0,0.019039888179136655
Lodikova D.,1488.1410770414786,1488.2670017311916,1488.1410770414786,1488.1410770414786,0,1,0,415.0,411.0,
Loeb J.,1453.1671757139736,1447.1680996141451,1442.8161261090142,1435.988478721712,10,3,1,542.0,516.0,-0.2685804329999986
Loit E.,1499.5899790872068,1499.9292813085715,1499.7238005843774,1499.566087263023,25,35,4,117.0,6307.0,-0.08335155270241928
Lottner A.,1477.9075563727738,1481.001617409901,1486.6923085682356,1471.568003662138,10,17,8,162.0,2372.0,0.02295173876998663
Lovric P.,1491.6783762200862,1491.699663985939,1491.699663985939,1491.699663985939,1,0,0,632.0,1811.0,
Lu J.,1462.6283021520424,1461.4718779639338,1461.4718779639338,1461.4718779639338,4,0,0,259.0,670.0,
Lu J.J,1497.7352596670257,1497.6757706157593,1497.6757706157593,1497.6757706157593,5,0,0,275.0,3245.0,
Lu J.J.,1499.17381044279,1499.1733317974065,1499.1733317974065,1499.1733317974065,6,0,0,201.0,5458.0,
Lu Jia Jing,1498.616685059017,1498.6162664573237,1498.6162664573237,1498.6162664573237,1,0,0,271.0,3680.0,
Lu Jia-Jing,1490.4707150176303,1490.482741374569,1490.482741374569,1490.482741374569,3,0,0,185.0,2546.0,
Lu Jing Jing,1497.5840852828105,1497.5914629002136,1497.5914629002136,1497.5914629002136,3,0,0,162.0,3134.0,
Lu Jing-Jing,1499.742405269595,1499.7138946460154,1499.7138946460154,1499.7138946460154,2,0,0,180.0,2957.0,
Luangnam N.,1498.4595897867994,1498.4586182262592,1498.4586182262592,1498.4586182262592,11,0,0,209.0,4931.0,-0.1817644624084892
Lucic M.,1492.2047948794043,1496.9224820237296,1497.0476188746075,1490.4383748639225,71,40,25,73.0,3812.0,-0.14943426013281752
Lucic-Baroni M.,1502.814871293414,1508.7727572940723,1501.5987975089647,1506.333559884406,30,25,5,30.0,3146.0,-0.04648571010449459
Lukacs V.,1498.9664440644635,1498.9673805644672,1498.9664440644635,1498.9664440644635,0,3,0,728.0,4800.0,
Lumsden M.,1500.7520089151822,1500.7520089151822,1500.6046586656444,1500.7520089151822,0,0,2,280.0,2635.0,
Luz B.,1499.4717086906517,1499.4703922355118,1499.4717086906517,1499.4717086906517,0,2,0,531.0,5235.0,
Luzhanska T.,1499.5760621807422,1499.484793684052,1499.453202343915,1499.453202343915,5,1,0,145.0,5304.0,
Lykina K.,1499.820591280447,1499.813262473833,1499.8293098089816,1499.813262473833,1,0,1,184.0,6186.0,
Lys E.,1598.776879541415,1535.7378726659304,1535.7378726659304,1585.7378726659304,48,29,8,92.0,15.0,-0.15309754821728677
Lyubtsova O.,1499.8974126381656,1499.8974126381656,1499.8974126381656,1499.8974126381656,0,0,0,198.0,6410.0,
Ma S.,1495.7053425587214,1495.7051230892155,1495.7051230892155,1495.7051230892155,1,0,0,224.0,2518.0,
Ma Y.,1472.530088481507,1478.2710499046798,1478.2710499046798,1478.2710499046798,7,0,0,194.0,31.0,
Maes C.,1499.874816992835,1499.9025854049905,1499.874785888479,1499.874785888479,2,2,0,183.0,6774.0,
Majeric T.,1497.606207906481,1497.1569959039539,1496.6123944996516,1496.6123944996516,12,3,0,134.0,4518.0,-0.1320345619112619
Makarova E.,1507.3579799599388,1481.011654918835,1505.8028578513351,1493.1682202653776,307,95,70,178.0,769.0,-0.1986887980417601
Maleckova J.,1469.9366351281287,1471.055471765709,1467.4692266030804,1467.4692266030804,1,3,0,589.0,405.0,
Malek T.,1497.80515238928,1497.151515774597,1497.4993782794181,1495.5480048050172,40,30,6,413.0,4369.0,0.0007856706717326301
Malygina E.,1481.0318145709664,1480.2255962476768,1479.4809636009218,1479.4809636009218,1,1,0,590.0,1196.0,
Mamic S.,1499.7688152636663,1499.7872549726812,1499.7479676169644,1499.7479676169644,1,6,0,229.0,6613.0,
Manasieva V.,1499.1650245815777,1499.0391374406645,1498.9824167988706,1498.8537959112155,19,2,1,115.0,5639.0,-0.10530205602947151
Mandlik E.,1393.7970360959673,1403.7425967682007,1424.867162911445,1381.2237719218153,18,3,4,174.0,153.0,-0.44270507935648495
Mansouri Y.,1471.0632396498706,1471.5419446252583,1471.5419446252583,1471.5419446252583,2,0,0,380.0,355.0,
Marand S.,1497.386601900108,1497.3238059454227,1497.1186431893627,1497.1186431893627,2,1,0,341.0,3792.0,
Marcinkevica D.,1496.221904577571,1496.139326992858,1496.221904577571,1496.221904577571,0,4,0,223.0,2593.0,
Marcinko P.,1464.5421061307645,1535.589864249342,1518.7130794201926,1514.5421061307645,13,13,4,73.0,6.0,0.004544818277247842
Maria T.,1460.4069968437445,1497.9482014138878,1578.812559015089,1547.9482014138878,171,105,58,80.0,15.0,0.10228240726056864
Marino R.,1378.9529472450502,1433.303265783787,1439.3164063069207,1389.3164063069207,94,10,20,339.0,26.0,0.0043281683416616645
Maristany G.,1471.7950007015922,1474.6761786114914,1470.1603536015184,1470.1603536015184,1,3,0,178.0,150.0,
Marosi K.,1499.7603756378833,1499.9269590326946,1499.768410137225,1499.768410137225,1,8,0,458.0,5164.0,
Marrero M.,1499.9478228503735,1499.9478228503735,1499.9478228503735,1499.9478228503735,0,1,0,861.0,7131.0,
Martic P.,1476.5056126266209,1535.3871439480492,1494.3399234690105,1485.3871439480492,237,134,42,138.0,426.0,-0.10564641924983109
Martincova T.,1453.408536470493,1422.6507879857124,1456.8647836567638,1414.9120208829843,105,33,24,250.0,103.0,-0.014774200684982697
Martinez Cirez C.,1459.352580464325,1457.247858293013,1459.352580464325,1459.352580464325,0,3,0,352.0,130.0,
Martinez Granados C.,1499.8892478494126,1499.889293838453,1499.8892478494126,1499.8892478494126,0,6,0,310.0,6983.0,
Martinez-Sanchez M.J.,1499.1525695993253,1502.4359062504298,1499.9487892482564,1501.000905199748,76,69,14,157.0,4932.0,-0.17947354685474454
Martinovic S.,1499.9342233020595,1499.9342244964682,1499.9342244964682,1499.9342244964682,1,0,0,240.0,6886.0,
Masarova R.,1518.526614825672,1531.8725112310567,1510.8529311627722,1560.8529311627722,43,23,12,166.0,47.0,-0.10228742604764973
Mateas M.,1481.6022493111673,1493.7047723849955,1485.1406826467855,1485.1406826467855,3,4,0,243.0,465.0,
Matoula M.,1466.668321226587,1466.5754409886506,1466.5754409886506,1466.5754409886506,2,0,0,301.0,48.0,
Mattek B.,1500.2453960466762,1500.042991820961,1500.3375541525465,1500.3098522406578,26,7,12,43.0,6510.0,0.0012843300656526502
Mattek-Sands B.,1476.4455748284265,1489.9623697802842,1490.4154548137851,1473.267830038325,133,67,12,363.0,1831.0,-0.06207631418542525
Mauresmo A.,1501.6166938732072,1500.9777719249264,1501.2640092431177,1502.9370531063867,69,23,17,17.0,6206.0,-0.04999531556723402
Mayr P.,1492.9298781376026,1493.3943058054738,1492.2837597874604,1486.8201183052518,52,63,6,205.0,4057.0,-0.23077373325299103
Mboko V.,1831.2393541723222,1754.5503936614248,1783.9514806708203,1833.9514806708203,46,13,2,9.0,92.0,-0.11545767373342564
McNally C.,1607.1806029059767,1607.1806029059767,1607.1806029059767,1657.1806029059767,35,13,15,70.0,15.0,0.1177682397646263
Mchale C.,1447.0221681626833,1448.6520082121795,1447.8642570630193,1398.6520082121795,218,102,42,261.0,1524.0,-0.1695340979333522
Mcnally C.,1460.0557113038333,1471.711188686997,1473.1921090026017,1459.1333051773286,47,11,12,540.0,593.0,-0.17635228722828755
Medina G. A.,1499.9177886718153,1499.9177886718153,1499.917760845743,1499.9177886718153,0,0,1,34.0,6649.0,
Medina Garrigues A.,1492.5017372916352,1502.808983116703,1498.038993892731,1494.6517625340741,157,143,21,125.0,4501.0,-0.33586288959842425
Mediorreal A.V.,1462.7408997422046,1463.6911555755905,1462.7408997422046,1462.7408997422046,0,2,0,753.0,153.0,
Melander H.,1499.7616725296746,1499.7617585966736,1499.7616725296746,1499.7616725296746,0,1,0,677.0,5536.0,
Melichar N.,1498.9557649365142,1498.956173928156,1498.956173928156,1498.956173928156,1,0,0,635.0,3995.0,
Melnikova M.,1456.7075099421577,1455.6484624764842,1462.293693303895,1443.0472765007553,4,10,4,440.0,915.0,-0.2117152486915053
Melzer I.,1498.2658668037727,1498.2378192563071,1498.1037428471036,1498.1037428471036,1,2,0,56.0,4478.0,
Mendez S.,1478.8265364933995,1478.8139656304004,1478.8139656304004,1478.8139656304004,2,0,0,211.0,1642.0,
Mertens E.,1682.766422636724,1682.766422636724,1682.766422636724,1732.766422636724,312,117,69,24.0,1.0,0.13300593625531298
Mestach A.S.,1494.1421807180309,1495.316122996649,1494.4791527614245,1493.222576063413,6,4,2,98.0,4002.0,-0.2033771982460015
Meusburger Y.,1496.0993541739865,1501.4441112931513,1498.4548708378318,1497.3757806387057,55,69,9,93.0,4240.0,-0.11917728340082923
Micic E.,1508.1111072324488,1507.6952482533839,1507.6952482533839,1507.6952482533839,2,0,0,302.0,46.0,
Mijacika A.,1499.9987058189452,1499.9988474582779,1499.9987058189452,1499.9987058189452,0,2,0,246.0,5526.0,
Mikadze T.,1499.7580343735308,1499.7579681175782,1499.7579681175782,1499.7579681175782,1,0,0,377.0,5519.0,
Milevskaya K.,1499.939209992201,1499.9392124641286,1499.9392124641286,1499.9392124641286,1,0,0,347.0,6970.0,
Min G.,1480.0047753866502,1475.8158484785079,1472.6681667770758,1465.4803737378647,17,24,2,344.0,1078.0,-0.03944053429898642
Minella M.,1454.0513372163014,1467.8469438237544,1458.1080275855275,1427.1216537882458,77,57,8,201.0,1770.0,-0.1502372823138588
Minnen G.,1441.4485512034232,1431.4112027016513,1475.857825391829,1456.3294722231417,86,12,23,202.0,80.0,-0.15319288197973852
Minor B.,1497.9629109898206,1497.961231820039,1497.961231820039,1497.961231820039,1,0,0,958.0,3287.0,
Miranda Otarola M.,1499.926785748708,1499.926785748708,1499.926785748708,1499.926785748708,0,1,0,669.0,6774.0,
Mircic T.,1499.9158039464314,1499.9158155074042,1499.9158039464314,1499.9158039464314,0,1,0,278.0,6628.0,
Mirza S.,1498.8352593363352,1498.874635105808,1499.139573400896,1497.7700497469334,104,17,22,192.0,5213.0,-0.0757318638572449
Mishina D.,1492.8464707525225,1492.8400224818388,1492.8400224818388,1492.8400224818388,1,0,0,403.0,1993.0,
Mitu A.,1474.64376123396,1490.647755556862,1480.1631766672342,1472.7435757776066,10,21,3,216.0,936.0,-0.13973555495529394
Miyazaki Y.,1483.0234378195082,1473.4820010631997,1470.3353896668696,1473.4820010631997,5,0,7,166.0,717.0,-0.03675614692786555
Mladenovic K.,1438.0692486365124,1432.4630800560997,1442.5134359055542,1392.5134359055542,262,111,60,218.0,719.0,-0.2294837340855735
Mokh M.,1499.907155696257,1499.9071926433062,1499.9071926433062,1499.9071926433062,1,0,0,395.0,6515.0,
Molik A.,1499.3690457546363,1499.0868042803236,1499.2455508726298,1498.6372123479593,49,9,8,134.0,5701.0,-0.0557477434117018
Molinero F.,1499.252617456806,1499.200114704418,1499.1743276986751,1499.1743276986751,1,1,0,184.0,4527.0,
Monnet C.,1475.4106765883068,1454.0791284702464,1465.7361415486048,1465.7361415486048,2,7,0,205.0,45.0,
Monova P.,1498.0750162294585,1498.0817798952328,1498.0817798952328,1498.0817798952328,1,0,0,186.0,3239.0,
Monroy Y.,1473.768633062755,1474.1408215613046,1473.768633062755,1473.768633062755,0,2,0,765.0,879.0,
Montgomery R.,1491.3690345760174,1498.8288041412848,1559.1736614328242,1541.3690345760174,21,11,10,195.0,61.0,0.08091624967691624
Moore J.,1499.5631076154482,1499.563351660094,1499.563351660094,1499.563351660094,12,0,0,139.0,6410.0,-0.07505638177804425
Moore T.,1485.6971525842275,1484.790527379553,1490.4846968412423,1484.790527379553,1,0,15,434.0,1833.0,-0.10286860714514184
Morderger Y.,1489.8349569980267,1489.642054439098,1489.8349569980267,1489.8349569980267,0,1,0,379.0,1567.0,
Morigami A.,1499.4082087361792,1499.5401080109582,1499.4597801322616,1499.1574939541638,32,10,5,527.0,6163.0,-0.09066258393509474
Morita A.,1496.2694045273954,1499.4037398577339,1497.202709914061,1494.887051340504,131,39,19,113.0,4520.0,-0.022931512355548078
Morvayova V.,1492.1850740941877,1492.9470757907534,1492.9470757907534,1492.9470757907534,3,0,0,300.0,48.0,
Moser L.M.,1498.6785270976357,1498.913744549956,1498.5965376007214,1498.5965376007214,1,5,0,395.0,4345.0,
Mrdeza T.,1474.441405199824,1465.052813722445,1459.564252860974,1459.564252860974,7,9,0,225.0,1811.0,-0.3728900369727496
Muchova K.,1870.1752816996675,1788.3048299768989,1765.2557081784857,1917.3012451360048,165,52,32,9.0,50.0,0.16217575779356053
Mueller A.,1499.274303995056,1499.274420344944,1499.274420344944,1499.274420344944,2,0,0,499.0,4779.0,
Muguruza Blanco G.,1499.8938974820778,1499.6970424613637,1499.7000251460295,1499.7041285840578,3,5,1,112.0,5192.0,
Muguruza G.,1581.1708284335712,1534.379169125099,1508.7393902751667,1553.867492977319,308,89,49,82.0,1308.0,-0.1904066071670853
Muhamed A.,1499.939207699982,1499.9392028288928,1499.9392028288928,1499.9392028288928,1,0,0,709.0,6971.0,
Muhammad A.,1457.6525656698313,1456.0309214735532,1455.788757733103,1445.712237413435,16,3,2,349.0,1077.0,-0.03841381827204282
Muller M.,1498.9821415855536,1499.506397341137,1498.956482017537,1498.665253134106,25,34,2,178.0,6583.0,-0.12511290594724978
Munoz D.,1499.9475402814492,1499.9475393470584,1499.9475402814492,1499.9475402814492,0,1,0,358.0,7125.0,
Munoz Gallegos D.,1499.9257959552,1499.9258003981083,1499.9257959552,1499.9257959552,0,1,0,355.0,6760.0,
Muramatsu C.,1495.0035068444872,1494.98225982617,1494.98225982617,1494.98225982617,1,0,0,214.0,2392.0,
Murray S.,1485.521910020875,1484.5747025378018,1486.9464625457547,1484.5747025378018,1,0,5,243.0,1874.0,
Myskina A.,1499.900051510523,1499.8991058544946,1499.8928816542682,1499.8928816542682,1,1,0,51.0,7032.0,
Naef C.,1480.1980251967232,1482.46182275852,1491.7259287435331,1482.2269329971862,2,1,6,161.0,808.0,
Nagy K.,1499.7702851688225,1499.7722422807274,1499.746367093887,1499.746367093887,1,5,0,182.0,6628.0,
Nahimana S.,1471.7269266765793,1472.3340111033644,1471.7269266765793,1471.7269266765793,0,6,0,231.0,102.0,
Naito Y.,1492.3303465143733,1492.570459476956,1492.570459476956,1492.570459476956,1,0,0,210.0,1440.0,
Nakamura A.,1498.2334553059568,1498.721501492827,1498.996627705553,1497.8593379395863,42,6,9,221.0,5437.0,-0.2619101991702928
Naklo T.,1456.9253739132841,1457.794983369713,1457.794983369713,1457.794983369713,3,0,0,543.0,305.0,
Namigata J.,1485.3788742807628,1486.9600116992237,1485.1296706959997,1485.1296706959997,16,1,0,300.0,2546.0,-0.35647380557496355
Nara K.,1468.8098358237482,1493.6449982479571,1481.498087374221,1465.926721727649,139,31,22,155.0,1908.0,0.14526114735451973
Navarro E.,1621.9299017464275,1621.9299017464275,1629.694177755558,1671.9299017464275,108,47,36,28.0,12.0,-0.041845880420437576
Naydenova A.,1498.594241928616,1498.592365763404,1498.592365763404,1498.592365763404,1,0,0,276.0,3681.0,
Neuwirth Y.,1499.3263139004418,1499.326315312411,1499.3263139004418,1499.3263139004418,0,1,0,310.0,4437.0,
Ng K.Y.,1498.600978292368,1498.6040873551947,1498.6040873551947,1498.6040873551947,1,0,0,1127.0,3631.0,
Ngounoue C.,1449.0485599064039,1450.4705778738562,1445.9787907319312,1445.9787907319312,7,1,0,178.0,370.0,
Niculescu M.,1477.6917403297596,1480.1390469942987,1481.1574444919386,1460.3471501374959,268,62,37,191.0,1889.0,-0.25712959110112277
Niemeier J.,1452.252458038663,1450.603619549735,1498.0617794199275,1471.9187703215564,35,33,20,566.0,40.0,-0.24639498102735563
Njiric S.,1499.8324886464557,1499.832460123045,1499.8324886464557,1499.8324886464557,0,1,0,988.0,5900.0,
Noel A.,1486.7437245180354,1487.0258865099147,1487.0258865099147,1487.0258865099147,1,0,0,784.0,733.0,
Nogueira A.,1499.9442583087016,1499.9442604139429,1499.9442583087016,1499.9442583087016,0,1,0,815.0,7062.0,
Noha Akugue N.,1485.456346602494,1496.6865583088716,1485.56241416047,1485.56241416047,1,12,0,144.0,39.0,-0.14934087095793114
Nooni H.,1499.939243167045,1499.9392419760652,1499.9392419760652,1499.9392419760652,1,0,0,554.0,6971.0,
Noskova L.,1783.655045996185,1693.495895207956,1793.8896283800134,1843.8896283800134,116,35,34,8.0,11.0,0.2151891166513119
Nugroho P.,1464.0913166857317,1463.6032230815426,1463.6032230815426,1463.6032230815426,2,0,0,535.0,671.0,
Nugroho P.M.,1484.0,1484.0,1484.0,1484.0,1,0,0,280.0,305.0,
Nunez Fuentes V.,1499.7699091850827,1499.769958992568,1499.7699091850827,1499.7699091850827,0,3,0,550.0,6403.0,
Nuudi M.,1488.2701971424988,1488.3049077965763,1488.3049077965763,1488.3049077965763,1,0,0,640.0,1433.0,
O'Brien K.,1498.6277117165694,1498.4769523247687,1498.3660019715767,1497.500170731202,16,8,9,215.0,5550.0,-0.1845835910112312
O'brien K.,1499.925008528463,1499.9249752079434,1499.952185475263,1499.9249752079434,1,0,4,124.0,6753.0,
Obziler T.,1499.7510917325749,1499.4365680213891,1499.4341320428139,1499.2874872013858,21,10,3,179.0,6403.0,-0.20261958773268002
Ogorodova A.,1499.9088209328593,1499.9088209323952,1499.9088209323952,1499.9088209323952,1,0,0,1093.0,6543.0,
Okalova M.,1497.1792613465063,1497.111968880502,1497.111968880502,1497.111968880502,2,0,0,464.0,354.0,
Okamura K.,1475.3459825381003,1474.4541557441923,1473.1527862930163,1473.1527862930163,4,1,0,183.0,517.0,
Oktiabreva A.,1482.2215191065627,1482.1842024435132,1482.1842024435132,1482.1842024435132,1,0,0,403.0,41.0,
Okuno A.,1498.81533615917,1498.8136039773922,1498.8136039773922,1498.8136039773922,1,0,0,288.0,3855.0,
Olaru I.,1498.984094811643,1499.1246916472214,1498.9101313312588,1498.1881686696538,40,38,6,121.0,5884.0,-0.04858383872548083
Olaru I.R.,1499.781887454086,1499.783729744006,1499.7683916715864,1499.7683916715864,1,1,0,54.0,6214.0,
Olaru R.,1499.0749704106072,1499.1018544954882,1499.1803630674133,1499.0749704106072,0,3,1,887.0,4436.0,
Oliynykova O.,1537.9472049234864,1571.0010769202477,1564.1731473123887,1575.3443077234826,10,16,1,46.0,4.0,0.09790614795199881
Olmos G.,1476.4266145823913,1476.3778087158744,1476.3778087158744,1476.3778087158744,4,0,0,685.0,1692.0,
Olyanovskaya V.,1492.0868648773105,1492.1139350890926,1492.0868648773105,1492.0868648773105,0,1,0,678.0,1868.0,
Ondraskova Z.,1498.2909710166225,1498.172491997218,1497.9216903496063,1497.1921197259094,12,15,3,1423.0,5191.0,-0.27277576538301707
Oprandi R.,1493.3148394616567,1495.5566994883022,1495.5286105774067,1489.7006316322675,60,48,11,135.0,3793.0,-0.11934188979856802
Orlik A.,1499.8954663118352,1499.895468691024,1499.8954663118352,1499.8954663118352,0,1,0,739.0,6396.0,
Ormaechea P.,1486.9157905805264,1472.4565901806404,1477.6741913601793,1468.8125421602165,18,39,3,183.0,1245.0,-0.21917334232860408
Ortenzi J.,1519.7851180677349,1530.297404611893,1524.897277791697,1524.897277791697,1,4,0,206.0,148.0,
Osaka M.,1496.4869198726603,1496.4872344153375,1496.4872344153375,1496.4872344153375,1,0,0,338.0,2719.0,
Osaka N.,1815.3173976142173,1749.9092280772632,1747.2804906646484,1865.3173976142173,244,66,40,13.0,18.0,0.019751723119128872
Osorio M.,1536.663973256867,1607.6661687271098,1526.4639303842885,1576.4639303842885,96,66,17,58.0,6.0,-0.1459874967591529
Osorio Serrano M.C.,1500.9169288514559,1500.9076190797293,1500.9169288514559,1500.9169288514559,0,4,0,438.0,2697.0,
Ostapenko J.,1643.984150503241,1658.976836172146,1668.2540160510719,1693.984150503241,295,114,77,30.0,15.0,-0.043717575111615115
Osterloh L.,1499.1315031783433,1498.9321684938095,1499.0232312744977,1498.4420846723267,30,8,5,196.0,5802.0,-0.07083329917414821
Osuigwe W.,1409.582911449909,1421.9202476341354,1411.7644839561303,1411.7644839561303,19,1,0,197.0,34.0,-0.11968499595000864
Oudin M.,1494.0421393711642,1495.8297148404745,1497.9771606940253,1491.7479142401642,79,29,17,127.0,4371.0,-0.05380070752650662
Oz I.,1443.8895230644598,1451.168319768325,1435.7996603187935,1435.7996603187935,4,5,0,424.0,47.0,
Ozaki R.,1477.0401688246754,1477.4306473371735,1480.0013525410445,1469.7119978923306,48,3,5,292.0,2546.0,-0.20695695389855365
Ozegovic N.,1499.8040521102666,1499.8352999721892,1499.8371134883532,1499.7906120481543,2,3,2,213.0,6613.0,
Ozgen P.,1482.006732906746,1479.8799347800625,1479.5218469753643,1479.5218469753643,1,8,0,320.0,1594.0,
Paar L.I.,1499.9307739429182,1499.946088114334,1499.9307739429182,1499.9307739429182,0,2,0,301.0,2657.0,
Palicova B.,1458.9562057597077,1456.9113274241176,1453.1915007565226,1453.1915007565226,4,1,0,179.0,403.0,
Palkina K.,1499.6760794644924,1499.6757629130288,1499.6757629130288,1499.6757629130288,7,0,0,243.0,5682.0,
Pandzic J.,1499.9211477970275,1499.9211498215764,1499.9211477970275,1499.9211477970275,0,3,0,189.0,6668.0,
Panova A.,1493.250600626041,1497.9729014486843,1494.7041765726076,1492.5775667647354,48,29,3,155.0,3789.0,0.029676444412728653
Paoletti M.,1476.2972978375522,1476.1183762959167,1476.2972978375522,1476.2972978375522,0,4,0,294.0,1208.0,
Paolini J.,1678.166791850002,1682.0078146466237,1652.0624686214742,1702.0624686214742,173,99,25,17.0,53.0,-0.016921451954478584
Papadakis L.,1478.2579077738633,1478.2579077738633,1476.7234914382825,1478.2579077738633,0,0,2,332.0,1161.0,
Papamichail D.,1457.388742854333,1460.2266249843974,1445.6107132716083,1445.6107132716083,11,6,0,163.0,151.0,-0.07086231957757633
Paquet C.,1370.287581201035,1441.1182195772187,1420.6114770941767,1391.1182195772187,21,37,3,236.0,138.0,-0.24659114742522395
Pareja J.,1494.9360743365928,1510.745552667579,1498.7525384010482,1498.7525384010482,2,6,0,308.0,33.0,
Park S.,1475.1595120245213,1475.0797604020697,1475.0797604020697,1475.0797604020697,2,0,0,293.0,349.0,
Parks A.,1497.1485806872454,1480.9701675877125,1472.468487396367,1522.468487396367,89,33,11,89.0,3.0,0.026205156416229503
Parmentier P.,1472.0642595879174,1468.248301711888,1474.35638358184,1442.64061095792,153,123,21,164.0,2161.0,-0.15244213771808346
Parra Santonja A.,1496.3787655283982,1498.8747476017675,1497.6853803537558,1495.4408853207685,18,54,10,216.0,4702.0,-0.13056818056307273
Parrizas Diaz N.,1483.4108951961798,1433.825357576067,1446.1843135012184,1449.8867951646603,55,30,5,111.0,516.0,-0.21819991286626433
Parry D.,1618.3495202707597,1618.3495202707597,1618.3495202707597,1668.3495202707597,73,44,18,50.0,1.0,0.17501329942799915
Paszek T.,1491.97857362193,1492.678706044849,1496.5713369443247,1485.6796859335514,131,34,39,111.0,3632.0,-0.046328810681584176
Patterson T.,1497.9329690210443,1497.951270901518,1497.951270901518,1497.951270901518,2,0,0,459.0,3876.0,
Pattinama Kerkhove L.,1466.6219672473571,1466.7651357695306,1476.323690481743,1466.7651357695306,8,0,7,203.0,1174.0,-0.00532619487623337
Pavlovic I.,1498.8866404187888,1498.9787310422653,1498.7351125762002,1498.7351125762002,2,5,0,175.0,4844.0,
Pavlyuchen. A.,1499.9999765478003,1499.999981410344,1499.999981410344,1499.999981410344,2,0,0,85.0,6577.0,
Pavlyuchenkova A.,1534.0908050954104,1515.4944565826288,1558.6994066761197,1554.1663493423364,491,164,60,116.0,130.0,-0.43388968614808276
Pedone G.,1470.021752696011,1469.67395298197,1470.021752696011,1470.021752696011,0,2,0,229.0,481.0,
Peer S.,1498.8188420332638,1497.690816829771,1497.861358966672,1495.3981790597197,251,83,24,121.0,4064.0,-0.08839822911492123
Peers S.,1499.4973386835031,1499.4971221443918,1499.4971221443918,1499.4971221443918,7,0,0,151.0,5703.0,
Pegula J.,1918.6318986623996,1804.0222517715529,1794.041480699298,1945.253906460968,295,81,44,3.0,6.0,-0.03859669527491194
Pella C.,1500.9009297592102,1501.1787494798193,1501.1590555889886,1501.1590555889886,2,3,0,197.0,3680.0,
Pelletier M.E.,1498.8427208419016,1498.9206336239756,1498.7821286659519,1498.7821286659519,8,1,0,206.0,5101.0,
Peng S.,1509.9640951667016,1494.4755992389914,1497.8806356391647,1503.9368028412161,313,96,37,106.0,2390.0,-0.1988021222963252
Pennetta F.,1522.0446914472748,1506.9139719593259,1502.7373894289105,1525.5176839841483,286,152,35,8.0,3958.0,0.04643321753991725
Pera B.,1430.0418246493996,1530.0418246493996,1464.94855225514,1480.0418246493996,119,82,18,111.0,388.0,0.049234026616929105
Perebiynis T.,1499.6414607938582,1499.759977778395,1499.6767676818458,1499.5297814954147,12,9,5,183.0,6277.0,-0.10002365517598816
Pereira T.,1490.7341796848373,1493.49777557956,1488.914088278153,1484.6307387870322,25,45,4,204.0,3520.0,-0.2647622400345291
Perez A.,1499.5771994648424,1499.5769667411848,1499.5769667411848,1499.5769667411848,1,0,0,260.0,4934.0,
Perez E.,1436.9893595810381,1440.9958354840098,1441.1092123117328,1427.4809945907614,9,2,2,456.0,1056.0,-0.33058689380450745
Perez Garcia M.P.,1499.1117245532355,1499.113016734632,1499.1117245532355,1499.1117245532355,0,1,0,1171.0,4156.0,
Perianu A.,1500.0000630098284,1500.0000805481602,1500.0000805481602,1500.0000805481602,2,0,0,218.0,6982.0,
Perrin C.,1473.8711647443665,1476.4182394101267,1473.3438473980116,1469.5688038182,2,11,1,261.0,1874.0,-0.24326608382040413
Perry S.,1498.8233899739457,1499.0671090137907,1499.1033946199602,1498.5057372997953,14,7,5,143.0,5829.0,-0.09402031624451135
Pervak K.,1500.4085988104325,1497.841673116382,1499.099248582685,1498.2920552974642,76,25,8,136.0,4371.0,-0.13432692645937383
Pervushina O.,1496.3160716369161,1496.3154922044284,1496.3154922044284,1496.3154922044284,2,0,0,549.0,3240.0,
Peschke K.,1500.0000425295955,1500.0000290528149,1500.0000425295955,1500.0000425295955,0,2,0,182.0,7032.0,
Peterson R.,1524.9090115103056,1446.4047619584671,1454.9330843366643,1474.9090115103056,93,51,14,86.0,1098.0,-0.10954796603974709
Petkovic A.,1491.6598823609675,1510.5925801935416,1473.4264914891583,1500.924599697093,293,133,50,104.0,1461.0,-0.03977551987831879
Petrova N.,1508.3427432778876,1501.733207089406,1503.7776273508866,1511.2575666764928,206,79,41,234.0,4534.0,-0.48803381237029186
Pfizenmaier D.,1497.308510255465,1497.9520672019833,1496.73968911557,1496.369093624179,5,29,1,145.0,4114.0,0.08020858904303702
Piedade F.,1499.7544138145413,1499.7544854293399,1499.7544138145413,1499.7544138145413,0,3,0,203.0,6326.0,
Pieri J.,1487.6161740964417,1488.224695830203,1487.1243814734262,1487.1243814734262,1,1,0,284.0,1769.0,
Pieri T.,1500.5760995759144,1500.0714494764486,1500.5760995759144,1500.5760995759144,0,2,0,377.0,466.0,
Pigato L.,1470.6148369440525,1468.4842343446894,1470.6148369440525,1470.6148369440525,0,5,0,141.0,116.0,
Pigossi L.,1437.0785726202344,1486.7943378375548,1452.626800990252,1447.3994519339183,9,23,1,193.0,353.0,-0.08058794797080976
Pin C.,1499.4464151397488,1499.1568361706877,1499.3211812786387,1498.6805519969635,50,22,8,128.0,6207.0,-0.16271811532343766
Pironkova T.,1478.1779706552945,1489.025546354778,1493.353517866128,1474.3664921233478,186,101,52,107.0,1825.0,-0.12214328721724893
Piter K.,1492.8115675228264,1492.7577205462417,1488.5424922954558,1487.371570001707,13,12,2,387.0,1896.0,-0.32113187089888684
Pivovarova A.,1495.4719897804034,1497.8636918780733,1495.802831277124,1494.717628888409,15,16,2,191.0,3681.0,-0.34173881855459315
Plazas J.,1492.2483150580724,1492.353966361734,1492.2483150580724,1492.2483150580724,0,1,0,982.0,1972.0,
Plipuech P.,1489.8521301320184,1489.727818967606,1489.727818967606,1489.727818967606,7,0,0,286.0,2391.0,
Pliskova K.,1499.8804180377429,1499.8804136481572,1499.8804180377429,1499.8804180377429,0,1,0,330.0,6256.0,
Pliskova Ka.,1630.8677564279456,1630.8677564279456,1630.8677564279456,1680.8677564279456,432,135,87,57.0,16.0,-0.08454867235496233
Pliskova Kar.,1500.0787922490858,1500.078749427164,1500.0787922490858,1500.0787922490858,0,3,0,671.0,6694.0,
Pliskova Kr.,1445.8998383658454,1472.6434485951427,1467.8852848192696,1431.6985543910898,118,70,32,129.0,1798.0,-0.047720866446558874
Pliskova Kri.,1499.9211886014502,1499.9212015875808,1499.9211886014502,1499.9211886014502,0,1,0,866.0,6698.0,
Pochabova M.,1499.8314189378987,1499.8314779945033,1499.8314189378987,1499.8314189378987,0,1,0,273.0,5899.0,
Podoroska N.,1455.8699290239695,1417.5421965037506,1435.3353546303165,1413.6529982868904,67,45,12,537.0,41.0,-0.0010253273968175436
Podrez V.,1524.9840825103627,1533.7362004373663,1530.8389514404146,1530.8389514404146,1,4,0,140.0,41.0,
Pohankova M.,1522.3693979023865,1525.3851595634108,1519.8312040720489,1525.3851595634108,3,0,2,280.0,80.0,
Ponchet J.,1437.5778669544468,1443.625859320754,1435.4814362420884,1426.0551076046347,18,9,2,170.0,138.0,0.18059351705419374
Popa G.S.,1482.4023136663936,1482.4936741764343,1482.4023136663936,1482.4023136663936,0,1,0,1225.0,411.0,
Potapova A.,1672.2953411636895,1723.1050439446399,1663.9684196475732,1723.174902169772,177,86,22,25.0,14.0,-0.1579785739366697
Pous Tio L.,1499.8446544244375,1499.865326992089,1499.8296657590051,1499.8296657590051,1,20,0,144.0,5885.0,0.1332235906446141
Pous-T L.,1497.5179445182157,1497.5358341229485,1497.3609710896537,1497.3609710896537,1,1,0,242.0,3681.0,
Pous-T. L.,1496.6806870865014,1496.6741084170471,1496.6741084170471,1496.6741084170471,3,0,0,185.0,3855.0,
Pous-Tio L.,1498.0782357871853,1500.0103891609874,1498.3433136686813,1498.032222759118,9,30,2,131.0,5149.0,-0.11266165991116128
Poutchek T.,1498.9557171154365,1499.2134236231625,1499.1865778021343,1498.6883891609812,17,8,5,320.0,5969.0,-0.13725708227972744
Poutchkova O.,1499.2060827065056,1499.4721235589457,1499.261754235321,1499.0204515311027,32,6,3,108.0,6744.0,0.05849287714227164
Pratt N.,1499.6152390266084,1499.628219465479,1499.5760226745542,1499.4548994403094,19,8,2,87.0,6802.0,-0.023467099873353214
Preston T.,1518.6377988540535,1525.208745839729,1514.5648798702969,1525.208745839729,13,0,3,124.0,73.0,0.2030487444705843
Pridankina E.,1456.5784776833236,1455.899248486088,1447.5468912108163,1447.5468912108163,6,4,0,184.0,40.0,-0.1293499770745034
Prisacariu A.,1479.9058521426284,1479.3538861593165,1478.3110341835286,1478.3110341835286,1,1,0,474.0,411.0,
Prozorova T.,1437.7928973071703,1458.734821586791,1443.6710606480444,1443.6710606480444,8,3,0,181.0,31.0,-0.08992262767311815
Puchkova O.,1497.4412316364364,1497.2033349403641,1497.1940951945244,1495.9110752898653,27,5,5,54.0,4534.0,-0.1851961953361796
Puig M.,1491.885768360446,1512.0116464139005,1492.2113311207218,1500.1927140151213,161,71,29,98.0,2162.0,-0.19489039220088328
Putintseva Y.,1537.6770755433743,1542.088747390884,1520.2552837635603,1526.8817348940095,306,154,41,81.0,16.0,-0.16938365917805354
Quevedo K.,1488.5341767259176,1494.842346948828,1489.1866467381562,1489.1866467381562,3,7,0,101.0,41.0,0.010656500381921563
Radanovic D.,1492.025758005884,1492.280068075154,1491.4906126610683,1491.4906126610683,2,1,0,192.0,2897.0,
Radisic N.,1491.6828688658231,1491.7027795990218,1491.7027795990218,1491.7027795990218,1,0,0,535.0,1812.0,
Raducanu E.,1635.637294901709,1635.637294901709,1635.637294901709,1685.637294901709,95,25,29,42.0,77.0,-0.0769393770150758
Raducànu E.,1492.504529532942,1492.5464723477148,1492.5464723477148,1492.5464723477148,1,0,0,184.0,1853.0,
Radwanska A.,1567.2944217153745,1531.0540492019013,1531.0540492019013,1581.0540492019013,498,120,84,60.0,2901.0,-0.18702751195106748
Radwanska U.,1472.1955539725961,1481.7729693731549,1490.1697954425738,1459.4792025806148,153,33,28,210.0,1770.0,-0.22683529410116826
Raina A.,1430.3996729376597,1432.8583715954999,1434.6647060406438,1419.1732388160935,14,2,2,200.0,1049.0,-0.11270701664875499
Rajecki A.,1485.9191740505782,1485.9191740505782,1485.577198343432,1485.9191740505782,0,0,1,884.0,803.0,
Rajeshwaran Revathi M.,1484.0,1484.0,1484.0,1484.0,1,0,0,658.0,305.0,
Rakhimova K.,1469.570847827713,1477.866421828256,1515.211987278562,1519.570847827713,78,48,14,83.0,15.0,0.13663649659413918
Rakotomanga Rajaonah T.,1515.006760368772,1481.926740115458,1500.3971294099567,1500.3971294099567,10,7,0,153.0,97.0,-0.10367451076030337
Ramialison I.,1498.932202117707,1498.9310948603825,1498.9310948603825,1498.9310948603825,1,0,0,293.0,3975.0,
Rampre P.,1499.5475759626797,1499.5301104465225,1499.4569281575293,1499.4569281575293,3,3,0,234.0,5100.0,
Rao S.,1499.9392098258527,1499.9397031462172,1499.983671691443,1499.941614661146,3,1,3,160.0,6653.0,
Rapolu M.,1481.904409935004,1481.7637261623054,1481.7637261623054,1481.7637261623054,1,0,0,542.0,552.0,
Raymond L.,1499.9478656149445,1499.9478646547857,1499.9478646547857,1499.9478646547857,1,0,0,179.0,7132.0,
Razzano V.,1497.8478033829751,1503.278951105161,1499.135062770545,1500.2580182232552,136,67,19,166.0,3653.0,0.09740692042071541
Reix S.,1498.7847303930225,1499.0458146047758,1498.778344090376,1498.778344090376,1,2,0,233.0,3791.0,
Remondina A.,1499.7626538849265,1499.7626539106361,1499.7626538849265,1499.7626538849265,0,1,0,259.0,5535.0,
Ren Y.,1480.5951161835287,1480.4462155954807,1480.4462155954807,1480.4462155954807,1,0,0,500.0,703.0,
Reyngold E.,1488.0744613958102,1488.1242943830684,1488.0744613958102,1488.0744613958102,0,1,0,333.0,1567.0,
Rezai A.,1497.0064608134014,1499.5416707430754,1498.9908581839907,1496.5097484827077,97,75,23,185.0,4841.0,-0.19200837849329197
Riera J.,1502.6023502374576,1523.4380977360356,1510.7658864703837,1514.535908566475,7,17,1,186.0,149.0,0.08004628183634105
Riske A.,1582.4472039470986,1546.0690141244033,1546.0690141244033,1596.0690141244033,228,56,82,29.0,1456.0,0.09747423018810697
Riske-Amritraj A.,1409.2354667776344,1412.1931501338606,1412.0687869667076,1401.5457732560858,8,1,1,141.0,1152.0,-0.32142090771032883
Ristic M.,1464.3493208259476,1465.1489770971637,1464.3493208259476,1464.3493208259476,0,2,0,301.0,776.0,
Robbe A.,1492.4931854278095,1491.9100915099991,1492.4931854278095,1492.4931854278095,0,1,0,265.0,866.0,
Robillard-Millette C.,1497.976288761148,1497.9763520659312,1497.9763520659312,1497.9763520659312,1,0,0,637.0,3275.0,
Robson L.,1492.1383428479517,1492.1110964238862,1490.6890772435643,1482.9785530622332,51,19,23,189.0,3345.0,-0.3788238506080858
Rodina E.,1469.9995880133665,1450.7078721124356,1475.2279144031065,1441.7005235057513,112,42,27,290.0,1139.0,-0.025997064385770097
Rodionova A.,1498.4331124740404,1498.9704318851504,1498.581071018075,1497.8514802696184,46,16,4,62.0,5676.0,0.06319003844203447
Rodionova An.,1494.0036037397888,1497.3940542134835,1496.7289454402035,1492.536977810733,49,37,12,669.0,3432.0,0.083279188528607
Rodionova Ar.,1426.2591896958522,1445.856616547243,1455.9012845716084,1415.7347635170395,44,6,10,250.0,303.0,-0.18119734175012045
Rodriguez V.,1445.7493269716815,1455.633636124855,1444.0060391289608,1444.0060391289608,6,2,0,411.0,354.0,
Roesch A.,1499.9438912617152,1499.9438839133818,1499.9438912617152,1499.9438912617152,0,1,0,285.0,7053.0,
Rogers A.S.,1480.7111397504889,1480.512086984967,1480.512086984967,1480.512086984967,1,0,0,250.0,355.0,
Rogers S.,1509.6064974114104,1491.924457678563,1476.8816124379223,1511.6147532504208,150,81,28,356.0,732.0,-0.12673707741249224
Rogowska O.,1486.288229669612,1490.5453007774317,1485.8214240456873,1483.842871698572,35,7,1,159.0,2950.0,-0.10316655541313854
Rolle A.,1499.5407077784907,1499.395072094575,1499.4477750265612,1499.2900279231862,16,3,2,271.0,5584.0,-0.3030759206452952
Roma N.,1499.9256940263342,1499.925698639218,1499.9256940263342,1499.9256940263342,0,1,0,635.0,6760.0,
Roma S.,1499.540353107524,1499.5404026723995,1499.540353107524,1499.540353107524,0,2,0,639.0,5157.0,
Romero Gormaz L.,1482.5032502407014,1489.9116152475758,1482.7723745947244,1482.7723745947244,1,9,0,153.0,38.0,-0.01770229499590492
Rosatello C.,1477.735920080907,1478.456208200081,1476.9558589644487,1476.9558589644487,1,9,0,245.0,468.0,-0.05745976640150524
Rosca A.,1497.2452374826232,1497.2503360610292,1497.2452374826232,1497.2452374826232,0,1,0,260.0,2966.0,
Rottmann N.,1499.455202088836,1499.445947894478,1499.4138507402592,1499.4138507402592,1,1,0,318.0,5191.0,
Routliffe E.,1499.0238073411217,1502.378015901847,1500.8022099107172,1500.8022099107172,1,1,0,858.0,1196.0,
Rouvroy M.,1459.224616345153,1459.971174456146,1459.224616345153,1459.224616345153,0,2,0,321.0,411.0,
Ruano Pascual V.,1499.6151732735846,1499.2579963436904,1499.5865303251235,1499.114628196132,27,21,7,348.0,5956.0,-0.07114601414540878
Rueffer L.,1498.0892969172114,1498.0959042588465,1498.0892969172114,1498.0892969172114,0,1,0,781.0,3386.0,
Ruggeri J.,1487.6148645780418,1487.0250108632001,1487.6148645780418,1487.6148645780418,0,1,0,265.0,117.0,
Rus A.,1420.7350233548857,1480.816722082211,1422.7649193416282,1430.816722082211,106,107,29,187.0,40.0,-0.107751880565565
Ruse E-G.,1489.2320689839078,1489.373237976277,1489.2320689839078,1489.2320689839078,0,1,0,69.0,1503.0,
Ruse E.G.,1596.091196622941,1596.091196622941,1596.091196622941,1646.091196622941,67,47,25,74.0,17.0,0.06882436339849052
Ruutel M.,1499.9180201377214,1499.9180201377214,1499.9180218632202,1499.9180201377214,0,0,1,164.0,6655.0,
Ruzic A.,1518.628416099234,1501.6813338697057,1486.5750188789616,1508.4229123273487,37,8,7,81.0,6.0,-0.23282151884674301
Rybakina E.,1217.349261869044,1082.6002192505327,957.6673077583027,1173.534008840552,260,90,50,2.0,11.0,0.03207770426567347
Rybarikova M.,1494.4794448947089,1486.4766168645078,1514.8935444344972,1500.1325093765347,226,74,60,139.0,2615.0,-0.037660766351971575
Sabalenka A.,2032.2792556754152,1927.1267159454321,1813.0120955156628,1985.983920420714,354,125,60,1.0,10.0,-0.2144263720334385
Sadikovic A.,1494.6172169339804,1495.3132911345265,1493.87543270861,1493.1837933529425,5,7,1,273.0,3330.0,-0.10348466685302748
Safarova L.,1518.2562999083434,1514.1174362732002,1518.977942333231,1540.3438376117992,335,138,56,91.0,2910.0,-0.022448354002539417
Safina D.,1503.7321632078724,1504.2660087927195,1502.5844077483587,1508.3529721093823,145,67,24,76.0,5597.0,0.05555239223371655
Saidkhodjaeva D.,1499.9354684950802,1499.9354702143035,1499.9354702143035,1499.9354702143035,1,0,0,1137.0,6907.0,
Saigo R.,1460.1002417277741,1460.6850399666262,1460.6850399666262,1460.6850399666262,3,0,0,365.0,306.0,
Saito S.,1482.7873736379483,1486.3329386343844,1486.3329386343844,1486.3329386343844,5,0,0,161.0,671.0,
Sakatsume H.,1497.3282304782465,1491.445685636422,1490.6507238136028,1491.445685636422,10,0,1,125.0,76.0,0.04605407247847981
Sakellaridi S.,1483.5042741790037,1483.518520981622,1483.518520981622,1483.518520981622,1,0,0,442.0,47.0,
Sakkari M.,1641.0988020875163,1590.8760047164442,1590.8760047164442,1640.8760047164442,279,118,56,32.0,13.0,0.10398492341972687
Salerni M.,1499.926908254794,1499.9269016185121,1499.926908254794,1499.926908254794,0,1,0,89.0,6775.0,
Salerni M.E.,1499.6504188723497,1499.791111771629,1499.5870583411931,1499.5870583411931,6,20,0,486.0,6307.0,-0.37735663636433114
Salkova D.,1538.8536335842646,1518.3552776888773,1533.4786617604107,1533.4786617604107,12,4,0,127.0,37.0,0.0388848401535874
Samson L.,1485.6032571028938,1498.387226772728,1489.8843784300543,1489.8843784300543,2,3,0,150.0,40.0,
Samsonova L.,1621.5797130429462,1608.7378679568078,1608.7378679568078,1658.7378679568078,183,66,49,43.0,13.0,0.19635200575240846
Samudio A.,1485.2463476873331,1485.4593481813595,1485.2463476873331,1485.2463476873331,0,1,0,1077.0,1245.0,
Sanchez A.S.,1432.728132582287,1448.3864534273234,1426.6630069829419,1426.6630069829419,9,4,0,231.0,151.0,-0.23686533182889544
Sanchez M.,1497.6133729211906,1497.408918204881,1498.1813590051956,1497.408918204881,7,0,4,182.0,4100.0,-0.057870347133956945
Sanchez O.,1499.1092221985555,1498.9986973619416,1498.7491661805386,1498.7491661805386,5,13,0,152.0,5579.0,-0.21688635909080475
Sanchez Uribe M.J.,1484.0,1484.0,1484.0,1484.0,0,1,0,1259.0,516.0,
Sanders S.,1418.6300446803657,1434.4504908771037,1411.619076913078,1400.483581953061,27,7,1,200.0,1257.0,-0.2530909871004514
Santangelo M.,1499.4957886276225,1499.520735422275,1499.6886313469884,1499.1990607435282,33,19,11,111.0,6286.0,-0.1342869135249996
Sasnovich A.,1513.0014572240798,1476.617354356122,1483.563293248919,1511.5912257352452,202,79,34,133.0,40.0,-0.17398373901154518
Savchuk O.,1491.4058886728967,1497.3144686045225,1491.9176482072357,1490.7748766062075,55,24,1,232.0,3680.0,0.11518259046973575
Saville D.,1494.7595148638993,1483.3965836787204,1472.0321883425577,1486.8444299328678,49,16,10,137.0,461.0,-0.08262716529316827
Savinykh V.,1462.3519262506554,1469.4034943679576,1461.9276790660506,1456.8696542813339,26,4,1,146.0,1045.0,-0.027630817065263213
Savranska Y.,1499.8905126865636,1499.8904701904794,1499.8905126865636,1499.8905126865636,0,1,0,228.0,6347.0,
Sawangkaew M.,1527.4126431804275,1550.7356670725846,1539.9955793741547,1550.7356670725846,14,0,3,105.0,16.0,0.07640369756440224
Scandalis Z.G.,1499.755714239048,1499.7557010153578,1499.7557010153578,1499.7557010153578,1,0,0,960.0,5507.0,
Schaefer A.,1499.9746357956687,1499.9805052878032,1499.9746357956687,1499.9746357956687,0,2,0,193.0,3791.0,
Scheepers C.,1490.938606481321,1501.8183476989198,1496.3657242974564,1492.8761067382388,113,66,11,104.0,4164.0,-0.23782152285163072
Schiavone F.,1475.5889286677113,1508.3599485708392,1490.8089938774224,1480.4798630251908,248,150,54,391.0,2966.0,-0.32299069454824825
Schiechtl T.,1499.8197517077997,1499.8196384188507,1499.8197517077997,1499.8197517077997,0,2,0,399.0,6249.0,
Schmiedlova A.,1423.4105003500176,1470.1831370865632,1445.8384604822068,1422.2145256897402,139,112,15,98.0,718.0,-0.10147908184317844
Schmiedlova A.K.,1496.585984642575,1496.6285914190094,1496.6285914190094,1496.6285914190094,1,0,0,203.0,2413.0,
Schmiedlova K.,1499.137158532427,1499.1362188152937,1499.137158532427,1499.137158532427,0,1,0,584.0,4143.0,
Schnyder P.,1498.9305396403684,1497.0392518574454,1497.8761963603542,1496.0010738275323,130,84,7,186.0,2923.0,-0.3401505258533369
Scholl C.,1499.8513912065425,1499.84871917471,1499.8513912065425,1499.8513912065425,0,4,0,443.0,4794.0,
Schoofs B.,1482.210273358654,1484.7984763095074,1485.1555905693258,1480.3879060027477,8,2,3,195.0,2391.0,-0.19053351211575564
Schruff J.,1499.3088902543327,1499.288084770832,1499.01469467597,1498.8823372779805,14,22,1,235.0,5878.0,-0.13571082028458648
Schultz McCarthy B.,1499.8356873655005,1499.8145930519945,1499.8305154779516,1499.8145930519945,4,0,1,215.0,6760.0,
Schunk N.,1456.1528074792013,1454.5924644659344,1455.8880019111416,1451.1166673403784,1,7,1,418.0,40.0,
Schuurs D.,1485.4053587821195,1485.606647390451,1485.606647390451,1485.606647390451,1,0,0,136.0,1078.0,
Scott K.,1447.9823092855295,1447.1873922063216,1441.5704239323304,1441.5704239323304,6,1,0,565.0,378.0,
Sebov K.,1480.1937514271438,1480.1376956401525,1478.5018148006143,1478.5018148006143,10,3,0,231.0,26.0,0.008075902520574607
Seguel D.,1490.534977317562,1490.6641257090198,1490.534977317562,1490.534977317562,0,7,0,224.0,1608.0,
Seidel E.,1456.4244519140982,1451.5194550466804,1443.393152616695,1436.8176319922218,31,12,1,103.0,41.0,-0.29185702227202903
Selekhmeteva O.,1495.193805613908,1464.2593387914244,1486.4753969720348,1481.3006003841722,19,9,2,91.0,59.0,-0.11191544173998907
Sema E.,1496.0293741196283,1496.0239724987832,1496.0239724987832,1496.0239724987832,13,0,0,352.0,3637.0,-0.14792956442215383
Sema Y.,1499.2197012708586,1499.219279073901,1499.219279073901,1499.219279073901,7,0,0,166.0,5297.0,
Semenistaja D.,1442.200791531212,1455.9837032350874,1441.1340584062254,1435.309388916824,6,5,1,109.0,40.0,-0.15902314556785913
Senoglu I.,1499.7410490498637,1499.7411772485339,1499.7410490498637,1499.7410490498637,0,3,0,942.0,6243.0,
Sequera M.,1499.9101167730269,1500.0043408230267,1499.891866341624,1499.8900358074734,9,12,7,159.0,6642.0,-0.28692335022071197
Serban R.,1457.8234914788009,1458.1473223501262,1457.8234914788009,1457.8234914788009,0,5,0,224.0,411.0,
Serra Zanetti A.,1499.9399839412765,1499.9399874369133,1499.9399839412765,1499.9399839412765,0,1,0,715.0,6984.0,
Sevastova A.,1541.8987848520271,1516.1613915056569,1503.875617665936,1548.7951298770802,209,112,42,208.0,307.0,0.09560979953162307
Sfar S.,1499.6762066435867,1499.7945309268132,1499.677062442746,1499.677062442746,4,4,0,287.0,6040.0,
Shapatava S.,1499.3429717553126,1499.019955151324,1498.947294411047,1498.947294411047,7,4,0,206.0,3623.0,-0.07287200693588541
Sharapova M.,1554.721797656573,1551.9211147669573,1540.6263686483398,1590.6263686483398,292,144,53,145.0,2413.0,-0.3111528979763371
"Sharapova, M.",1500.2019790949962,1500.202312963586,1500.202312963586,1500.202312963586,5,0,0,6.0,6867.0,
Sharipova S.,1484.7404699276858,1484.4502640491296,1484.4502640491296,1484.4502640491296,17,0,0,299.0,2533.0,-0.18685333087445372
Sharma A.,1420.5538844445875,1515.617115572531,1471.6552097730018,1469.90374487919,28,41,4,148.0,405.0,0.13413603186911466
Shaughnessy M.,1498.9701095836667,1499.7787639789638,1499.220222333979,1498.9975585897002,28,18,2,544.0,6158.0,-0.24145923884653062
Sherif M.,1388.5808746773052,1569.2052755364207,1492.4259057150662,1519.2052755364207,53,55,5,51.0,6.0,0.42802829113490654
Shi H.,1455.433185483108,1456.6607982531289,1456.6607982531289,1456.6607982531289,5,0,0,312.0,340.0,
Shibahara E.,1461.4694687968042,1471.2124808199806,1466.3610864472266,1463.7392953732747,14,2,1,193.0,307.0,0.00037402132188024684
Shimizu A.,1477.074904108756,1478.2464464819732,1478.2464464819732,1478.2464464819732,3,0,0,425.0,230.0,
Shinikova I.,1482.094219208552,1486.944015413006,1480.8071134174688,1480.8071134174688,3,7,0,214.0,1440.0,-0.10837190209427872
Shnaider D.,1715.8159567622988,1715.8159567622988,1681.58690824136,1765.8159567622988,108,49,24,14.0,11.0,0.22491751814515887
Shoshyna A.,1498.7555253170253,1498.7564383752708,1498.7555253170253,1498.7555253170253,0,1,0,707.0,3799.0,
Shulaeva E.,1499.938339396795,1499.938339396795,1499.938339396795,1499.938339396795,1,0,0,370.0,6955.0,
Shvedova Y.,1467.3349079376458,1485.4773779654504,1497.8090183570112,1463.4718385723468,161,90,42,452.0,1825.0,-0.21312349727925523
Shymanovich I.,1477.4958239860325,1487.4837919043848,1479.3671794429415,1478.745013120643,6,9,1,205.0,32.0,0.014018117551226894
Sidorova K.,1491.9997413573897,1492.107840332067,1492.107840332067,1492.107840332067,1,0,0,541.0,307.0,
Siegemund L.,1534.3437214574042,1526.7881044509124,1516.8808089617617,1566.8808089617617,134,121,25,40.0,61.0,-0.01812707415495235
Sierra S.,1495.7463209351772,1561.0348792219502,1524.8564067798015,1545.7463209351772,17,11,9,86.0,26.0,-0.007335672665800874
Silva C.,1499.9268343352603,1499.9268340226863,1499.9268343352603,1499.9268343352603,0,1,0,196.0,6774.0,
Silva E.,1481.6821403695099,1481.6821403695099,1481.8062518914703,1481.6821403695099,0,0,2,343.0,1545.0,
Silva N.,1499.6192423194973,1499.5841760630217,1499.5575896198977,1499.511104865755,3,3,1,151.0,6187.0,
Simmonds C.,1499.0751013631273,1499.0747754764236,1499.0747754764236,1499.0747754764236,2,0,0,165.0,4751.0,
Siniakova K.,1634.785007544872,1569.1901065971463,1586.1306168848798,1636.1306168848798,270,120,61,44.0,12.0,-0.0687487775943671
Sirotkina M.,1499.1628164060126,1499.1636956404502,1499.1636956404502,1499.1636956404502,2,0,0,116.0,4897.0,
Siskova A.,1495.057898955851,1506.708065867947,1496.8974041504048,1496.8974041504048,1,5,0,255.0,209.0,
Smashnova-Pistolesi A.,1499.8837812319925,1499.8911486204893,1499.8909511589968,1499.8837812319925,0,1,1,166.0,7004.0,
Smashnovai A.,1499.9495750734725,1499.9495750734725,1499.9495750734725,1499.9495750734725,1,0,0,63.0,7167.0,
Smitkova T.,1490.1279174696358,1484.745785049357,1487.601862844128,1479.3042955973792,24,15,9,478.0,1872.0,-0.09229453583268998
Snigur D.,1575.6695589748358,1568.1425350328896,1560.5073149070124,1610.5073149070124,20,5,14,45.0,14.0,0.17270110609222167
Soboleva A.,1470.6564757490253,1471.1777705901484,1469.2684079714925,1469.2684079714925,1,1,0,231.0,769.0,
Sobolieva A.,1491.9022345381782,1491.6022139298905,1491.9022345381782,1491.9022345381782,0,1,0,256.0,462.0,
Soler Espinosa S.,1485.8744461525935,1495.830821486401,1492.6514449259216,1483.8103744390846,51,68,9,171.0,3846.0,0.02712505745108207
Soler Espinosa S..,1500.011010101376,1500.0124394693219,1500.0124394693219,1500.0124394693219,2,0,0,73.0,4365.0,
Soler-E. S.,1499.5786449249526,1499.5784875532502,1499.5784875532502,1499.5784875532502,1,0,0,81.0,4940.0,
Soler-Espinosa S.,1481.6306022147874,1481.8101132066888,1475.350710486617,1475.350710486617,5,17,0,190.0,2798.0,-0.19738977146409933
Solovieva V.,1499.7678539659573,1499.7686487066674,1499.7686487066674,1499.7686487066674,5,0,0,216.0,5064.0,
Solovyeva V.,1499.5242476560372,1499.5242485335862,1499.5242476560372,1499.5242476560372,0,3,0,190.0,4794.0,
Song S.S.,1499.999924710394,1499.9999293583148,1499.9999293583148,1499.9999293583148,2,0,0,331.0,6912.0,
Sonmez Z.,1543.1996228002993,1513.762080968225,1526.1570928307533,1563.762080968225,46,15,14,50.0,15.0,-0.020837194372283485
Sonobe W.,1508.0925426632425,1509.763330371227,1509.763330371227,1509.763330371227,5,0,0,263.0,311.0,
Sorribes Tormo S.,1525.457921380227,1513.6828751429623,1473.7201277500822,1499.6440061178012,136,109,25,212.0,40.0,-0.3021156748631563
South M.,1498.909245303601,1498.5062790503985,1498.664514011347,1498.3092055163265,6,1,18,523.0,4829.0,-0.1584843027414089
Soylu I.,1492.3486096416955,1491.2686591362371,1489.4559195553782,1489.4559195553782,8,4,0,179.0,3266.0,-0.13008895174456464
Spears A.,1499.540557590434,1499.4251756349279,1499.3119184501184,1499.2258590839642,12,3,2,466.0,5192.0,-0.0886282233078381
Spiteri D.,1485.697859371145,1485.582781094509,1485.697859371145,1485.697859371145,0,1,0,508.0,1209.0,
Sprem K.,1499.3191113290598,1499.2548160405838,1499.1650170048074,1498.6905236173363,18,28,6,95.0,5704.0,-0.09859908757830882
Sramkova R.,1482.9582497880326,1495.3931608992737,1500.2789462169162,1487.0562386127353,67,23,10,141.0,26.0,-0.3198155548835146
Srebotnik K.,1499.6099863834347,1500.370835557762,1500.0790444348058,1500.0757656326753,83,38,7,228.0,5857.0,-0.17694861935889084
Sromova H.,1499.5590569520505,1499.6345967178538,1499.6013521028867,1499.4874846178213,5,4,2,293.0,6578.0,-0.3658769253138302
Stakusic M.,1509.3399459310776,1496.2458182235948,1499.990910557721,1501.701855432385,20,2,1,130.0,179.0,0.03891224072039429
Stanciute L.,1499.9392013979134,1499.9392000619378,1499.9392000619378,1499.9392000619378,1,0,0,335.0,6970.0,
Starodubtseva Y.,1467.420040752766,1564.9848822978856,1486.6290891696285,1517.420040752766,35,23,9,74.0,2.0,-0.17473366580967514
Starr E.,1499.8993429345373,1499.8993344869289,1499.8993344869289,1499.8993344869289,1,0,0,412.0,6439.0,
Stearns P.,1549.5409586294093,1632.5481938364082,1548.551696484701,1598.551696484701,89,45,8,53.0,14.0,-0.12407614420517321
Stefanini L.,1427.5768499567273,1416.0269158852475,1430.6286635253014,1406.1661011059675,25,13,4,142.0,14.0,-0.08755658602259209
Stefkova B.,1495.1378329563524,1494.2566982178498,1494.6347737884532,1494.2566982178498,4,0,1,717.0,2981.0,
Steiner V.,1467.980744424779,1468.1465127113834,1467.980744424779,1467.980744424779,0,2,0,544.0,40.0,
Stephens S.,1454.7752146104417,1526.0874697688957,1480.9970466950092,1476.0874697688957,328,169,42,240.0,12.0,0.08374266472482556
Stevanovic N.,1501.518153108833,1496.0710764121918,1503.9652301777676,1501.518153108833,0,5,4,204.0,865.0,
Stevenson A.,1499.5033566573259,1499.4582873638565,1499.389965796493,1499.3357886182043,3,4,1,240.0,5564.0,
Stoiana M.,1451.5257742985395,1452.574089923453,1448.380170664727,1448.380170664727,3,1,0,130.0,16.0,
Stojanovic N.,1482.1357606298354,1468.0155494441085,1474.4895749194347,1461.1175426224597,37,13,7,163.0,404.0,-0.15102215415360576
Stojsavljevic M.,1458.5437334137491,1455.5444713911595,1457.4610361023022,1455.5444713911595,1,0,3,276.0,62.0,
Stollar F.,1492.7881057730312,1494.7851885209661,1495.5242648830244,1494.2453682162584,11,16,2,280.0,775.0,-0.1809775608422764
Stoop G.,1499.768793523925,1499.768793523925,1499.768374299535,1499.768793523925,0,0,2,185.0,6277.0,
Stosur S.,1443.8990718954512,1488.8585804089446,1469.1382583375312,1438.8585804089446,396,187,60,490.0,1568.0,-0.27952704058019595
Strakhova V.,1482.9557997936436,1484.8060261649428,1482.8066283355927,1482.8066283355927,1,1,0,303.0,355.0,
Strycova B.,1450.0335849599019,1496.950836663705,1500.013445488279,1457.332954333727,157,62,44,430.0,1097.0,-0.2656343966708121
Stusek J.,1484.843765163108,1487.0286702745957,1484.645472160619,1484.843765163108,0,2,1,435.0,39.0,
Suarez Navarro C.,1515.3175650773783,1521.5772533633926,1500.823536346107,1522.1312416178105,316,193,49,335.0,1826.0,-0.10097485220279545
Suarez P.,1500.0496848218597,1500.038596891676,1500.049652865967,1500.049652865967,3,2,0,157.0,7130.0,
Sucha M.,1499.8350654889643,1499.7668034035273,1499.7486248286139,1499.721106628116,7,5,1,132.0,7006.0,-0.2595559558819361
Sugiyama A.,1499.1894776290349,1499.3183824895793,1499.5330505725763,1498.7704076077953,72,18,13,71.0,6208.0,-0.0017073040626098268
Sugnaux T.,1488.4058601526488,1488.41413474154,1488.4058601526488,1488.4058601526488,0,2,0,608.0,1874.0,
Sun L.,1483.3965244910848,1486.3643668396037,1512.553367134347,1501.838541009978,45,7,11,105.0,153.0,-0.0673053603757019
Sun S.,1499.3667827373506,1499.367307236146,1499.367307236146,1499.367307236146,4,0,0,232.0,5661.0,
Sun S.N.,1499.692357271158,1499.6923259624136,1499.6923259624136,1499.6923259624136,2,0,0,343.0,5458.0,
Sun T.,1499.910102727422,1499.9101238367853,1499.9101238367853,1499.9101238367853,3,0,0,254.0,6557.0,
Sun T.T.,1499.3953186818449,1499.408547793838,1499.2883425185635,1499.1183735875757,11,8,2,259.0,6710.0,-0.17552498803918012
Sutjiadi A.,1492.3048403883097,1492.4353528682277,1492.4353528682277,1492.4353528682277,1,0,0,366.0,1833.0,
Svitolina E.,1842.9220079759118,1842.9220079759118,1703.786758180531,1892.9220079759118,430,158,56,9.0,13.0,-0.06501620051631307
Swan K.,1498.8389417235821,1485.9069807516285,1464.437267676478,1485.9069807516285,5,0,17,196.0,59.0,0.10273300503308325
Swiatek I.,1911.4913500057175,1894.893143185684,1821.2271961518209,1944.893143185684,240,124,37,5.0,8.0,0.1935924835652264
Szabanin N.,1457.0133385192837,1457.3607389695073,1457.0133385192837,1457.0133385192837,0,3,0,572.0,776.0,
Szatmari A.,1499.9119114341747,1499.8866765783168,1499.8867012153173,1499.8867012153173,2,1,0,333.0,6312.0,
Szavay A.,1499.817137050045,1503.571588412985,1501.2016298598983,1503.085162366299,88,75,10,40.0,5578.0,-0.24443166008758
Tagger L.,1573.4584772157727,1524.7986583270708,1552.8750622759796,1562.714356886834,18,6,1,48.0,6.0,0.10469958777393584
Takao E.,1499.9488448735804,1499.9488448735804,1499.9488448735804,1499.9488448735804,0,0,0,136.0,7152.0,
Talaba G.,1492.3939817868088,1492.4605532817268,1492.3939817868088,1492.3939817868088,0,1,0,214.0,1972.0,
Tamaela E.,1499.9357375653472,1499.935732536902,1499.935732536902,1499.935732536902,3,0,0,184.0,6913.0,
Tan H.,1441.8251847973875,1461.0674670127974,1472.0806138402459,1441.5225495787167,13,17,5,202.0,137.0,0.011786881862660525
Tananta L.,1499.9106936880578,1499.910689214951,1499.910689214951,1499.910689214951,1,0,0,542.0,6565.0,
Tanasugarn T.,1497.6711299818744,1498.3541331526053,1499.7108541305022,1497.0315170248646,82,15,31,248.0,4219.0,-0.16806115666739824
Tang H.C.,1499.43521094871,1499.435514221405,1499.435514221405,1499.435514221405,1,0,0,487.0,4612.0,
Tangphong M.,1499.948560211494,1499.948560211494,1499.948560211494,1499.948560211494,1,0,0,332.0,7146.0,
Tararudee L.,1520.1434992191857,1531.7564230339037,1525.82457621514,1531.7564230339037,13,0,2,78.0,27.0,0.12404599438390812
Tatishvili A.,1486.074363671734,1492.7105170954712,1491.6350639452312,1480.5457983459,61,46,12,644.0,3273.0,-0.15631182546502026
Tauson C.,1629.9220318636158,1577.1395525346566,1577.1395525346566,1627.1395525346566,127,31,19,42.0,2.0,-0.01137961513739083
Taylor G.,1494.501447326955,1494.501447326955,1494.5461091470916,1494.501447326955,0,0,2,180.0,2980.0,
Teichmann J.,1534.571085762225,1597.7317194739894,1534.571085762225,1584.571085762225,97,73,10,170.0,91.0,0.15960892902070228
Teichmann J.B.,1497.6585631146172,1496.6241942804181,1496.913956189276,1496.913956189276,2,6,0,137.0,3104.0,
Tetreault V.,1499.4347974854638,1499.4352497415077,1499.4352497415077,1499.4352497415077,12,0,0,179.0,5826.0,-0.08765909893295842
Thandi K.,1495.5702114854034,1495.2498268265829,1495.2498268265829,1495.2498268265829,5,0,0,359.0,1446.0,
Thorpe L.,1499.689965140482,1499.6900733163557,1499.689965140482,1499.689965140482,0,1,0,232.0,5255.0,
Tian F.,1488.246309330446,1488.2970301084606,1488.2970301084606,1488.2970301084606,1,0,0,553.0,1064.0,
Tig P.M.,1460.6091922419876,1462.548857886861,1459.7695703108923,1441.8124390513274,47,31,4,210.0,411.0,-0.12147686640527999
Tikhonova A.,1425.0392496812538,1425.4455250027045,1422.9193364126636,1413.3653485966936,2,3,1,1178.0,153.0,
Timofeeva M.,1517.412670498571,1468.1147648168292,1497.991745664913,1495.52759755779,13,14,2,92.0,5.0,-0.0797464279630472
Tinjic J.,1499.5189858915132,1499.5193367195322,1499.5189858915132,1499.5189858915132,0,1,0,255.0,4792.0,
Tjandramulia O.,1487.3497204211003,1487.3095906021767,1487.3095906021767,1487.3095906021767,1,0,0,421.0,1447.0,
Tjen J.,1538.6460777700072,1492.1199690749074,1491.7983077827673,1512.1702011479401,34,7,5,35.0,4.0,0.0522857318344046
Tkacheva M.,1486.5518476190584,1486.4450307486377,1486.4450307486377,1486.4450307486377,1,0,0,366.0,1447.0,
Todoni A.,1462.394093878311,1455.6325005799013,1455.9982189264165,1448.8497605127086,4,5,4,90.0,426.0,-0.05862098495867851
Tomljanovic A.,1573.4479451216507,1487.7368232237134,1537.6157978768413,1537.7368232237134,242,96,56,94.0,61.0,-0.1273090237781077
Tomova V.,1437.2699788994773,1427.0655857700451,1431.5654995325776,1429.3056930362284,76,51,23,207.0,47.0,-0.0664654864309831
Tona M.,1495.0227637310795,1495.359527901104,1495.359527901104,1495.359527901104,3,0,0,384.0,45.0,
Topalova G.,1470.8066316220418,1471.0952978466257,1470.8066316220418,1470.8066316220418,0,2,0,229.0,769.0,
Torres M.,1500.0524018909298,1500.052408825835,1500.0524018909298,1500.0524018909298,0,3,0,402.0,7121.0,
Torres Murcia M.C.,1462.306523032117,1463.0484494851023,1462.306523032117,1462.306523032117,0,2,0,880.0,152.0,
Torres Sandoval M.,1499.8029060008748,1499.8213823647548,1499.7897927727731,1499.7897927727731,1,3,0,420.0,6390.0,
Torro Flor M.T.,1494.352496063849,1493.8784108757018,1492.7827019610663,1489.409915304259,28,43,4,208.0,3701.0,-0.1893604022007035
Torro-Flor M.T.,1499.89084514893,1499.8908567878925,1499.89084514893,1499.89084514893,0,1,0,806.0,6354.0,
Toth A.,1466.6833245541377,1466.8333806446174,1466.6833245541377,1466.6833245541377,0,2,0,371.0,776.0,
Townsend T.,1667.1949071113431,1600.4878601801863,1622.2349295860238,1672.2349295860238,112,35,9,94.0,14.0,0.07939026344077138
Trevisan M.,1433.9314133779176,1451.6261828433896,1423.4771486716568,1415.0809356693069,67,53,7,516.0,117.0,-0.003185361703458678
Tsurenko L.,1505.6163236290454,1572.505884412534,1535.0968809157987,1534.0783815742518,209,79,48,96.0,691.0,-0.20405397504456607
Tu M.,1499.5740583511179,1499.8371589793328,1499.7681937072657,1499.5610259978391,30,12,5,63.0,6745.0,-0.23997545098837003
Tubello A.,1487.2485230840034,1486.950335768205,1487.2485230840034,1487.2485230840034,0,1,0,226.0,96.0,
Tulyaganova I.,1499.813793425599,1499.8137662869221,1499.8137662869221,1499.8137662869221,3,0,0,317.0,6802.0,
Turati B.,1494.2373962694148,1494.2771091117072,1494.2771091117072,1494.2771091117072,1,0,0,318.0,2060.0,
Tvaroskova L.,1499.715804737714,1499.7158786271543,1499.715804737714,1499.715804737714,0,2,0,417.0,5885.0,
Uberoi N.,1499.9362851897292,1499.9504241431077,1499.9362851897292,1499.9362851897292,0,2,0,267.0,6922.0,
Uberoi S.,1499.8737695683183,1499.873800102268,1499.873800102268,1499.873800102268,2,0,0,989.0,6754.0,
Uchijima M.,1392.048200016055,1441.6073792401262,1413.437956264317,1391.6073792401262,58,17,4,107.0,25.0,-0.18901686780997087
Udvardy P.,1469.060003954417,1540.7130604885115,1481.736968500089,1518.684907381566,21,39,9,76.0,3.0,0.007682420340482887
Umarova K.,1498.5198620354572,1498.5180855849383,1498.5180855849383,1498.5180855849383,1,0,0,814.0,3625.0,
Ungur L.,1499.7474990191388,1499.7475213660305,1499.7474990191388,1499.7474990191388,0,4,0,196.0,5892.0,
Urgesi F.,1472.0570728347564,1470.9867031756835,1472.0570728347564,1472.0570728347564,0,2,0,410.0,116.0,
Urhobo A.,1462.6138942321304,1461.7685114615974,1459.843771153135,1459.843771153135,1,2,0,185.0,97.0,
Vaidisova N.,1498.8256137655803,1499.3660743369264,1499.919571856528,1498.7720752523492,67,15,18,270.0,3974.0,-0.21509025928811737
Vakulenko J.,1499.8994429613106,1499.8658137891,1499.8596726111605,1499.7942648001729,31,16,4,80.0,6578.0,-0.21052547462018228
Valdmannova V.,1486.2102179817243,1486.3856790604693,1486.3856790604693,1486.3856790604693,1,0,0,300.0,208.0,
Valentova T.,1596.7787566914726,1550.4440793632848,1553.036131768652,1596.0667955452138,31,6,5,64.0,13.0,0.09014559034812963
Van Uytvanck A.,1494.685545912487,1433.7422911228518,1457.4019898816227,1444.685545912487,160,58,41,245.0,769.0,-0.27648977727540425
Van den Broek I.L.,1488.121749702092,1488.121749702092,1487.4180020962642,1488.121749702092,0,0,1,704.0,445.0,
Vandeweghe C.,1443.8549721534825,1502.7901328481466,1501.7142063606188,1470.5336129429086,175,38,63,136.0,1276.0,-0.04784957898932457
Vandewinkel H.,1476.056192516051,1479.9113324308232,1478.7775054691745,1474.7680148610611,1,3,3,82.0,16.0,
Vedder E.,1469.703139350701,1470.7189966817343,1471.548445586366,1469.703139350701,0,2,1,249.0,410.0,
Vekic D.,1524.6513995645269,1526.1896775506282,1603.4936592820854,1574.6513995645269,295,77,88,36.0,5.0,-0.01674735559410645
Vesnina E.,1499.7014949209822,1500.6631052827884,1508.8102085560183,1509.6663745065662,266,130,51,370.0,1886.0,-0.05112603749212824
Vicens Mas R.,1486.2104411758141,1486.194933750015,1486.2104411758141,1486.2104411758141,0,1,0,177.0,1244.0,
Vickery S.,1429.3667514089539,1450.6691902174102,1462.2096269742124,1416.0512393744525,56,24,10,160.0,720.0,-0.10443660661931747
Vidmanova D.,1502.104552042341,1497.6778708515315,1498.0425655234244,1499.14811202492,14,1,1,90.0,3.0,0.21948587094240068
Vierin N.,1499.8073284942077,1499.752540127429,1499.7523143652681,1499.7523143652681,2,9,0,213.0,6249.0,-0.10743822184140861
Vikhlyantseva N.,1461.0459886891158,1478.6633795910195,1484.074103983893,1454.609165282718,43,29,15,170.0,1797.0,-0.18953548759732958
Vinci R.,1502.3377238864703,1500.814455635353,1499.2119781706404,1500.0486657483882,303,154,53,191.0,3030.0,-0.2059441490118657
Viratprasert S.,1499.8537829057168,1499.8537709879658,1499.8537709879658,1499.8537709879658,1,0,0,264.0,6046.0,
Voegele,1499.8591020577453,1499.8590923417285,1499.8590923417285,1499.8590923417285,1,0,0,75.0,6081.0,
Voegele S.,1400.0220094692968,1423.8944622721904,1423.8944622721904,1373.8944622721904,154,84,20,141.0,1609.0,-0.1152416398710136
Vogele S.,1499.8442577257254,1499.8455388953207,1499.8345836511407,1499.8345836511407,1,1,0,162.0,6578.0,
Vogt S.,1498.6694319705175,1498.677060269281,1498.6694319705175,1498.6694319705175,0,1,0,218.0,3758.0,
Volodko K.,1480.1744542241777,1479.8409249015222,1478.7465751597579,1478.7465751597579,1,1,0,267.0,1056.0,
Volynets K.,1434.1092183639819,1457.4117693363849,1458.319157989486,1471.5956270699842,78,30,13,89.0,16.0,0.042088681686426765
Von Deichmann K.,1427.800535931759,1443.94214509233,1420.0505714460633,1420.0505714460633,4,5,0,158.0,515.0,
Vondrousova M.,1749.9130255692983,1730.5588271316353,1749.9130255692983,1799.9130255692983,155,72,30,34.0,229.0,-0.013768935308232533
Voracova R.,1496.1657132302414,1497.3814212243788,1495.6220289346045,1494.44222354989,28,30,2,193.0,4122.0,-0.14547360033257717
Voskoboeva G.,1490.5478176469114,1495.4783750925303,1492.6794507830518,1487.2610280293597,106,38,6,263.0,3499.0,-0.2617208563806823
Vrancken Peeters A.,1484.394996664033,1484.394996664033,1484.638785139667,1484.394996664033,0,0,1,493.0,447.0,
Vrljic A.,1499.278214322735,1499.588041030709,1499.3394237909886,1499.3394237909886,4,3,0,224.0,4520.0,
Wagner S.,1492.3452976222218,1492.493322726354,1492.493322726354,1492.493322726354,1,0,0,316.0,1769.0,
Wallace I.,1497.332646476184,1497.3346730030241,1497.332646476184,1497.332646476184,0,1,0,245.0,3015.0,
Waltert S.,1469.79154411012,1452.2287471030947,1454.4849043030972,1451.2418997566945,10,24,2,87.0,15.0,-0.10656967609667678
Wang M.,1477.9832420504167,1478.0955507078352,1478.0955507078352,1478.0955507078352,2,0,0,410.0,703.0,
Wang Q.,1491.2785019991106,1482.9137742066737,1466.9943221152128,1470.2397308186162,184,48,16,403.0,704.0,-0.19012827440505936
Wang X.,1490.8295842928305,1491.15234471739,1491.15234471739,1491.15234471739,7,0,0,136.0,2534.0,
Wang Xin.,1552.322779427973,1530.4750084014547,1549.404304438366,1580.4750084014547,164,30,26,36.0,11.0,0.10797302466851866
Wang Xiy.,1446.7586314400328,1503.4051108757496,1460.4729049907783,1484.4921145364838,107,32,9,108.0,10.0,-0.001159293423858565
Wang Xiyu,1497.736371322743,1497.7280846362444,1497.7280846362444,1497.7280846362444,1,0,0,587.0,3163.0,
Wang Y.,1491.6072435704405,1486.8833011980707,1491.2940944448028,1508.5825308339142,48,9,6,298.0,304.0,-0.05702098648630771
Wang Yaf.,1490.8466736258188,1489.9412561146498,1492.3684223522982,1487.187047810586,74,12,7,84.0,2368.0,-0.1925703587340437
Wannasuk N.,1499.7201733318343,1499.7215340481455,1499.7215340481455,1499.7215340481455,3,0,0,437.0,5318.0,
Washington M.,1499.7899354194667,1499.7798281809587,1499.77051821807,1499.77051821807,1,1,0,276.0,5984.0,
Watson H.,1443.2211746612268,1476.2357784920632,1464.7952030921826,1456.9576640548319,193,50,87,281.0,187.0,-0.14887506453322497
Webley-Smith E.,1497.8899660259012,1497.7834890071133,1498.1727931819923,1497.7834890071133,2,0,2,539.0,3681.0,
Wei S.,1422.6808964958404,1430.9111122813047,1430.9111122813047,1430.9111122813047,13,0,0,207.0,307.0,-0.1331443461493425
Weinhold A.,1499.4390010479829,1499.438645524752,1499.438645524752,1499.438645524752,3,0,0,191.0,5465.0,
Wejnert M.,1499.7991904722535,1499.7992396372574,1499.7992396372574,1499.7992396372574,2,0,0,522.0,6432.0,
Werner C.,1494.563606211266,1497.9543842888645,1495.8593821804407,1495.8593821804407,1,2,0,271.0,305.0,
Wheeler C.,1499.9285953288552,1499.9285878336912,1499.9285878336912,1499.9285878336912,1,0,0,214.0,6802.0,
Wickmayer Y.,1469.7253671109827,1501.5846786522125,1455.5246657862042,1451.5846786522125,266,87,71,764.0,426.0,-0.2928433689952233
Widjaja J.,1499.9474753938803,1499.9474753612355,1499.9474753938803,1499.9474753938803,0,1,0,203.0,7124.0,
Wienerova L.,1499.5209043710524,1499.5280245503368,1499.4102283469517,1499.4102283469517,5,4,0,184.0,6039.0,
Williams S.,1668.9004805241539,1609.8869660935216,1609.8869660935216,1659.8869660935216,368,133,75,471.0,61.0,-0.33289850799960896
Williams V.,1337.3471472593772,1373.310815045383,1373.310815045383,1323.310815045383,375,118,67,615.0,16.0,-0.29186472316950585
Witthoeft C.,1495.4893155749862,1480.5750628649525,1491.126541714701,1478.8363841066332,62,38,17,100.0,2876.0,-0.26888059573389844
Woerle K.,1497.855209552144,1497.8390987004332,1497.001031683838,1497.001031683838,13,7,0,220.0,5191.0,-0.20655214027878574
Wolfe J.,1498.8571496690572,1498.8571632344567,1498.8571632344567,1498.8571632344567,1,0,0,110.0,3884.0,
Wong C.,1467.2986954673318,1467.1352070454382,1467.1352070454382,1467.1352070454382,2,0,0,412.0,670.0,
Wong Hong Yi C.,1484.0,1484.0,1484.0,1484.0,1,0,0,498.0,307.0,
Wongteanchai V.,1497.5619300691537,1497.6120002471507,1497.6120002471507,1497.6120002471507,5,0,0,279.0,3268.0,
Wongteanchai Vara.,1498.6283344104895,1498.634093485817,1498.634093485817,1498.634093485817,1,0,0,317.0,3631.0,
Wozniacki C.,1631.9391463403363,1603.2977889702026,1603.2977889702026,1653.2977889702026,589,156,82,71.0,727.0,0.05660577249199428
Wozniak A.,1489.5245207670325,1497.4420538333047,1497.0737160421913,1488.044252801813,127,57,25,291.0,3274.0,-0.35204329336372586
Wu H.C.,1488.932092138712,1489.5976702957912,1489.5976702957912,1489.5976702957912,2,0,0,669.0,1054.0,
Wuerth T.,1486.1424426285218,1485.9513864437665,1486.1424426285218,1486.1424426285218,0,1,0,205.0,412.0,
Wurth T.,1482.2026984489326,1481.8045657804407,1481.2186622577665,1481.2186622577665,1,1,0,461.0,769.0,
Xu M.,1475.3946615051555,1475.3946615051555,1466.5692024393566,1475.3946615051555,0,0,5,326.0,62.0,
Xu S.,1488.3735016290839,1488.3018046320954,1486.4148898945634,1486.4148898945634,4,2,0,221.0,2602.0,
Xu Y-F.,1499.0178625962126,1499.020166350966,1499.020166350966,1499.020166350966,1,0,0,200.0,3995.0,
Xu Y.F.,1494.7518714870562,1494.0896738731033,1494.134347117225,1493.429538730341,12,1,1,442.0,3610.0,-0.27824531583490497
Xun F.Y.,1487.3389852328414,1487.3421359370157,1487.3421359370157,1487.3421359370157,10,0,0,243.0,2540.0,-0.1333208077629749
Yakimova A.,1496.648767175137,1496.709779741212,1496.9358912214047,1494.2134686665006,35,27,7,110.0,5176.0,-0.10295217094313402
Yamaguchi M.,1459.8427505621542,1460.7119500764663,1460.7119500764663,1460.7119500764663,3,0,0,279.0,304.0,
Yamalapalli S.,1502.2986464406908,1502.4776344216393,1502.4776344216393,1502.4776344216393,2,0,0,344.0,304.0,
Yan Z.,1499.2630946475463,1499.275465966275,1499.0837582533527,1498.7767183959434,29,11,3,400.0,6031.0,-0.25965317794028664
Yang V.,1484.0820029208048,1484.2503544017181,1484.2503544017181,1484.2503544017181,1,0,0,1139.0,607.0,
Yang Y.,1483.5868906844128,1483.955985540743,1483.955985540743,1483.955985540743,1,0,0,236.0,1076.0,
Yang Z.,1488.4002331582678,1488.601087732003,1488.601087732003,1488.601087732003,7,0,0,649.0,2519.0,
Yang Zha.,1495.9403767332408,1495.9969372751227,1495.9969372751227,1495.9969372751227,1,0,0,789.0,2061.0,
Yao X.,1485.9431470742009,1486.3835868275125,1486.3835868275125,1486.3835868275125,3,0,0,294.0,669.0,
Yashina E.,1494.0320287639804,1494.0320287639804,1493.9825319662293,1494.0320287639804,0,0,1,478.0,1896.0,
Yastremska D.,1508.0522807852437,1495.8156546389046,1541.979218499545,1511.7204698169,176,62,34,112.0,6.0,-0.23739929209454042
Yonemura A.,1499.9271485243053,1499.9271455036476,1499.9271455036476,1499.9271455036476,1,0,0,233.0,6780.0,
Yonemura T.,1499.6475783088642,1499.6475749652682,1499.6475749652682,1499.6475749652682,3,0,0,226.0,5801.0,
Yoo M.,1499.8718147513168,1499.871816257229,1499.871816257229,1499.871816257229,1,0,0,638.0,6186.0,
You X.,1429.7417600799333,1428.9550970965802,1417.0733166066493,1417.0733166066493,13,2,0,306.0,670.0,-0.1642602064792953
Yu E.,1491.0543615758586,1491.1022368920212,1491.1022368920212,1491.1022368920212,1,0,0,763.0,1462.0,
Yuan M.,1499.5226760578284,1499.3958697000246,1499.3944820726208,1499.268607751029,26,2,2,123.0,6431.0,0.04494024585866735
Yuan Y.,1519.7074542010762,1484.0853984889875,1484.0853984889875,1534.0853984889875,89,12,12,121.0,40.0,0.021579005391200667
Zaar L.,1485.270931696361,1485.239091698138,1485.270931696361,1485.270931696361,0,1,0,335.0,103.0,
Zabala P.,1499.8526126558766,1499.8526455582642,1499.8526126558766,1499.8526126558766,0,1,0,371.0,6039.0,
Zacarias M.,1481.584474014776,1480.5655052635493,1476.9927881258016,1476.9927881258016,5,3,0,212.0,1469.0,
Zahlavova S.,1497.7845883920204,1496.803610159705,1497.3241182093152,1495.2777245156399,20,26,7,175.0,4801.0,-0.10209510377882225
Zahlavova Strycova B.,1502.3219887726177,1497.0708716571035,1502.883260311743,1502.708915234637,135,69,27,22.0,4175.0,-0.0801621599751694
Zahlavova Strycova B..,1499.285724049321,1499.5501305775524,1499.3641108323343,1499.1414945956908,10,9,3,58.0,5799.0,-0.1552465501618025
Zaja A.,1488.1191493758838,1490.8909959064522,1487.4341210863681,1486.7096785691595,1,6,1,372.0,1879.0,
Zakharova A.,1515.9998944155611,1493.336618245759,1514.230835501799,1527.4317761888526,43,7,7,101.0,29.0,0.04598500491778457
Zakopalova K.,1502.0195642121778,1504.8479377311282,1502.609664353371,1507.5095494221944,162,115,22,31.0,4524.0,-0.03897069280573451
Zander N.,1499.3571956403089,1499.3571995244356,1499.3571956403089,1499.3571956403089,0,1,0,316.0,4486.0,
Zanevska M.,1472.7076912231187,1494.2489444534212,1443.5879387290497,1444.2489444534212,28,45,6,112.0,1096.0,-0.3126005599596319
Zaniewska S.,1499.4110069025826,1499.283681550327,1499.2963037328495,1499.2431859666044,2,1,1,218.0,4891.0,
Zantedeschi A.,1484.882714768803,1484.8478168301,1484.882714768803,1484.882714768803,0,1,0,603.0,1140.0,
Zarazua R.,1501.2249310443628,1447.39222168101,1469.8957603395543,1496.4032870931544,57,26,7,71.0,5.0,0.03134516579289398
Zavatska K.,1444.7464386350434,1424.228547844297,1408.65114299972,1408.65114299972,16,15,0,174.0,769.0,-0.088827908793715
Zec Peskiric M.,1498.679805140177,1498.6350310228395,1498.4101403413965,1498.199757298541,4,19,1,156.0,5675.0,-0.24916409665223507
Zhang K-L.,1500.0779543422977,1500.0947692648506,1500.0947692648506,1500.0947692648506,2,0,0,206.0,3994.0,
Zhang K.L.,1493.433340614926,1492.48403176116,1493.2589941736883,1492.48403176116,21,0,1,249.0,3266.0,-0.10655844714090623
Zhang L.,1490.682955089143,1490.724051288679,1490.724051288679,1490.724051288679,12,0,0,407.0,2882.0,-0.21865454543209448
Zhang R.,1490.2180329671053,1490.317480969513,1490.317480969513,1490.317480969513,1,0,0,836.0,340.0,
Zhang S.,1552.6048217451932,1472.9794772909222,1472.9794772909222,1522.9794772909222,330,116,55,53.0,5.0,-0.09090642867184745
Zhang Y.,1499.596954163421,1499.5968272041193,1499.5968272041193,1499.5968272041193,1,0,0,356.0,4976.0,
Zhang Yi.,1499.9679353673291,1499.96774620083,1499.96774620083,1499.96774620083,2,0,0,696.0,3679.0,
Zhang Yux.,1490.1588716289739,1490.3172080114848,1490.3172080114848,1490.3172080114848,9,0,0,225.0,2880.0,
Zhao C.,1443.258736027713,1455.316968689735,1450.5194289397405,1436.6936521690154,18,4,3,620.0,27.0,0.023908695151641457
Zhao Y.J.,1499.9989608004935,1499.9989107084425,1499.9989107084425,1499.9989107084425,2,0,0,437.0,5457.0,
Zheng J.,1499.415446119188,1498.157116386143,1500.714541909407,1498.9112714995533,178,57,37,100.0,4240.0,-0.10774993736917249
Zheng Q.,1743.468947888455,1702.7632820279366,1597.2840246627024,1696.9846056007316,126,56,21,123.0,33.0,-0.2918732133895766
Zheng S.,1419.2337859179597,1455.2003965574727,1457.4853894938842,1407.4853894938842,164,31,17,681.0,593.0,-0.33102839327690753
Zheng W.,1476.4380738099485,1476.8512483863435,1476.8512483863435,1476.8512483863435,6,0,0,309.0,305.0,
Zhou Y.M.,1499.697371136499,1499.692854214251,1499.692854214251,1499.692854214251,9,0,0,177.0,4987.0,
Zhu C.,1484.0,1484.0,1484.0,1484.0,1,0,0,596.0,306.0,
Zhu L.,1553.4326599660365,1498.456709237334,1503.2536146408418,1548.456709237334,157,16,22,219.0,317.0,-0.09060727689056652
Zhuk S.,1489.958559399396,1489.1199660672282,1488.0590030888218,1488.0590030888218,8,1,0,167.0,2653.0,
Zidansek T.,1460.4246321301257,1557.0467443716227,1489.4428778080028,1510.4246321301257,77,74,11,148.0,43.0,0.07894571572156589
Zoric N.,1499.9157269900102,1499.9157358991774,1499.9157269900102,1499.9157269900102,0,1,0,462.0,6627.0,
Zucchini A.,1484.1647908710183,1484.144192012141,1484.1647908710183,1484.1647908710183,0,1,0,620.0,480.0,
Zueger J.,1474.396943651465,1474.417458862471,1474.417458862471,1474.417458862471,2,0,0,180.0,1308.0,
Zuger J.,1500.7652524948387,1500.974183078063,1500.7652524948387,1500.7652524948387,0,2,0,165.0,1502.0,
Zvonareva V.,1502.2700444237094,1462.1797368901737,1487.5989368623038,1489.971225857798,314,66,27,326.0,104.0,0.008960602860510258
Xinyu W.,1500.0,1500.0,1500.0,1500.0,0,0,0,,,
Xiyu W.,1500.0,1500.0,1500.0,1500.0,0,0,0,,,
Frodin T.,1500.0,1500.0,1500.0,1500.0,0,0,0,,,
