tour,round,date,bet_on,opponent,model_prob,market_prob,ev_per_unit,edge_pp,decimal_odds,real_decimal_odds,won,player_hard_matches,opponent_hard_matches,min_hard_matches,event,filtered
ATP,1st Round,2026-08-30,Shimabukuro S.,Rinderknech A.,0.32600554031071793,0.24901185770750986,0.30919685235891503,7.699368260320807,4.015873015873016,4.0,False,18,120,18,US Open,False
ATP,1st Round,2026-08-30,Kopriva V.,Etcheverry T.,0.41138912286484863,0.38,0.08260295490749647,3.138912286484863,2.6315789473684212,2.54,False,19,88,19,US Open,False
ATP,1st Round,2026-08-30,Shapovalov D.,Kecmanovic M.,0.6442415599193704,0.556135770234987,0.15842496454985366,8.810578968438342,1.7981220657276995,1.73,True,148,158,148,US Open,False
ATP,1st Round,2026-08-30,Faria J.,Brooksby J.,0.500729601010482,0.47493403693931396,0.05431399323873731,2.5795564071168062,2.1055555555555556,2.03,True,10,87,10,US Open,False
ATP,1st Round,2026-08-30,Medvedev D.,Gaston H.,0.9197632684229646,0.8472032742155525,0.08564649879876507,7.25599942074121,1.180354267310789,1.13,True,233,49,49,US Open,False
ATP,1st Round,2026-08-30,Norrie C.,Van Assche L.,0.7292200135074185,0.6635071090047394,0.09903873464332347,6.571290450267908,1.507142857142857,1.45,False,165,31,31,US Open,False
ATP,1st Round,2026-08-30,Wong C.,Paul T.,0.26264826081531556,0.17884914463452564,0.4685463626456341,8.379911618078992,5.591304347826088,5.5,False,27,189,27,US Open,False
ATP,1st Round,2026-08-30,Machac T.,Samuel T.,0.723606992080856,0.39999999999999997,0.8090174802021401,32.360699208085606,2.5,2.75,False,86,0,0,US Open,False
ATP,1st Round,2026-08-30,Kennedy J.,Harris L.,0.5965277916191604,0.17325227963525833,2.443116551626382,42.3275511983902,5.771929824561404,5.75,False,0,39,0,US Open,False
ATP,1st Round,2026-08-30,Shevchenko A.,Prizmic D.,0.49072985114206347,0.2986725663716814,0.6430362423423164,19.205728477038207,3.3481481481481485,3.3,False,73,10,10,US Open,False
ATP,1st Round,2026-08-30,Carreno Busta P.,Lehecka J.,0.26801443249932944,0.21352313167259787,0.25520092553852614,5.449130082673157,4.683333333333334,4.5,False,77,136,77,US Open,False
ATP,1st Round,2026-08-30,Fucsovics M.,Merida Aguilar D.,0.3580811294010471,0.21645796064400716,0.6542756308693001,14.162316875703992,4.619834710743802,4.5,False,95,9,9,US Open,False
ATP,1st Round,2026-08-30,Wu Y.,Walton A.,0.6371029698646282,0.4528795811518324,0.40678228027912144,18.42233887127958,2.208092485549133,2.11,True,38,53,38,US Open,True
ATP,1st Round,2026-08-30,Majchrzak K.,Medjedovic H.,0.5723334339687731,0.5459317585301837,0.048360761260108465,2.64016754385894,1.8317307692307692,1.75,True,50,38,38,US Open,False
ATP,1st Round,2026-08-30,Munar J.,Atmane T.,0.4868088758847387,0.3790523690773067,0.28427867914329097,10.775650680743198,2.638157894736842,2.6,True,88,41,41,US Open,True
ATP,1st Round,2026-08-31,Vukic A.,Sakamoto R.,0.5382496319794071,0.41645244215938304,0.2924636224690702,12.179718982002408,2.4012345679012346,2.38,False,99,6,6,US Open,False
ATP,1st Round,2026-08-31,Baez S.,Nakashima B.,0.22438351807429424,0.16119828815977175,0.3919720900007104,6.31852299145225,6.20353982300885,6.0,False,80,166,80,US Open,False
ATP,1st Round,2026-08-31,Wawrinka S.,Berrettini M.,0.32091087458158185,0.2335216572504708,0.37422318066790305,8.738921733111106,4.282258064516129,4.33,False,66,88,66,US Open,False
ATP,1st Round,2026-08-31,Hanfmann Y.,Tabilo A.,0.4771963438762479,0.450261780104712,0.059819786980969125,2.693456377153586,2.2209302325581395,2.2,False,49,73,49,US Open,False
ATP,1st Round,2026-08-31,Diaz Acosta F.,Halys Q.,0.30616708653296953,0.2799145299145299,0.0937877595223644,2.6252556618439615,3.5725190839694654,3.5,False,15,83,15,US Open,False
ATP,1st Round,2026-08-31,Trungelliti M.,Shang J.,0.4287378214164944,0.3502415458937198,0.22412040045812898,7.849627552277461,2.8551724137931034,2.75,True,7,69,7,US Open,False
ATP,1st Round,2026-08-31,Burruchaga R.,Khachanov K.,0.44630512382680565,0.2399232245681382,0.860199756110126,20.638189925866747,4.168,4.33,False,2,175,2,US Open,False
ATP,1st Round,2026-08-31,Borges N.,Tien L.,0.38791931927980583,0.35835351089588374,0.08250458690918805,2.9565808383922088,2.790540540540541,2.7,False,103,70,70,US Open,False
ATP,1st Round,2026-08-31,Dzumhur D.,Hurkacz H.,0.28501344121810135,0.12013348164627363,1.3724729968062328,16.487995957182772,8.324074074074074,9.0,False,34,150,34,US Open,True
ATP,1st Round,2026-08-31,Svrcina D.,Royer V.,0.5403264659587917,0.4842105263157894,0.11589161448011343,5.611593964300232,2.065217391304348,2.0,True,18,31,18,US Open,False
ATP,1st Round,2026-08-31,Wendelken H.,Darderi L.,0.3263951204812797,0.2698744769874477,0.20943308209342404,5.652064349383201,3.705426356589147,3.6,False,0,47,0,US Open,False
ATP,1st Round,2026-08-31,Landaluce M.,Fearnley J.,0.6027044904022087,0.5277044854881265,0.14212500931218575,7.500000491408221,1.8950000000000005,1.83,False,16,23,16,US Open,False
ATP,1st Round,2026-08-31,Djokovic N.,Navone M.,0.8577030345963469,0.8244274809160306,0.04036201418630969,3.3275553680316317,1.2129629629629628,1.17,False,129,39,39,US Open,False
ATP,1st Round,2026-08-31,Bublik A.,Wolf J.J.,0.8015437244723822,0.6736596736596736,0.1898348020714602,12.78840508127086,1.4844290657439447,1.42,True,142,69,69,US Open,True
ATP,1st Round,2026-08-31,Virtanen O.,Rublev A.,0.26973631294865863,0.1811023622047244,0.48941355410781084,8.863395074393424,5.521739130434783,5.5,False,11,216,11,US Open,False
ATP,1st Round,2026-08-31,Tsitsipas S.,Fils A.,0.21365150220792406,0.19435215946843856,0.09930089170230993,1.9299342739485499,5.145299145299145,5.0,True,165,94,94,US Open,False
ATP,1st Round,2026-08-31,Tirante T.A.,Mannarino A.,0.720076844449381,0.6921348314606741,0.04037076551939789,2.794201298870691,1.444805194805195,1.4,False,19,160,19,US Open,False
ATP,1st Round,2026-08-31,Vacherot V.,Kovacevic A.,0.6043870405731847,0.5264550264550264,0.14803166500836107,7.793201411815831,1.8994974874371862,1.83,True,28,86,28,US Open,False
ATP,1st Round,2026-08-31,Gorzny S.,Collignon R.,0.4485172480937516,0.16165951359084407,1.774456251482587,28.685773450290753,6.185840707964601,6.5,True,1,21,1,US Open,False
ATP,1st Round,2026-08-31,Mpetshi Perricard G.,Rodionov J.,0.534761302222724,0.4761904761904762,0.12299873466772038,5.857082603224778,2.1,2.0,False,1,10,1,US Open,False
ATP,1st Round,2026-08-31,Alcaraz C.,Safiullin R.,0.9254220232325366,0.7965517241379312,0.16178522397158268,12.887029909460546,1.255411255411255,1.2,True,169,80,80,US Open,True
ATP,1st Round,2026-08-31,Duckworth J.,Arnaldi M.,0.594110493690309,0.4030612244897959,0.47399565523165266,19.10492692005131,2.481012658227848,2.4,True,81,80,80,US Open,True
ATP,1st Round,2026-08-31,Cina F.,Michelsen A.,0.21919004660470176,0.18238993710691823,0.20176611759129592,3.6800109497783535,5.482758620689656,7.0,False,3,105,3,US Open,False
ATP,1st Round,2026-09-01,Fery A.,Musetti L.,0.31210497907382395,0.25656565656565655,0.21647216253183355,5.5539322508167395,3.8976377952755907,3.75,False,10,150,10,US Open,False
ATP,1st Round,2026-09-01,Misolic F.,Cerundolo F.,0.2732450773871069,0.09803921568627451,1.7870997893484906,17.52058617008324,10.2,11.0,False,10,98,10,US Open,False
ATP,1st Round,2026-09-01,Cerundolo J.M.,Gea A.,0.49799032631467666,0.4578947368421053,0.0875650804573398,4.009558947257136,2.1839080459770113,2.1,False,24,9,9,US Open,False
ATP,1st Round,2026-09-01,Ugo Carabelli C.,Struff J.L.,0.39534586941375094,0.3444976076555024,0.1476012042704713,5.084826175824853,2.9027777777777777,2.8,False,23,82,23,US Open,False
ATP,1st Round,2026-09-01,Piros Z.,Bellucci M.,0.4377026230832285,0.3469879518072289,0.26143464291347107,9.071467127599957,2.8819444444444446,2.88,False,2,41,2,US Open,False
ATP,1st Round,2026-09-01,Sweeny D.,Moutet C.,0.39239132228761137,0.3035714285714286,0.2925831793003668,8.881989371618277,3.2941176470588234,3.5,True,7,83,7,US Open,False
ATP,1st Round,2026-09-01,Schoolkate T.,Basavareddy N.,0.36486994764745123,0.27083333333333337,0.3472121143905891,9.403661431411786,3.6923076923076916,3.75,True,21,18,18,US Open,False
ATP,1st Round,2026-09-01,Damm M.,Tiafoe F.,0.24463676293483505,0.23619047619047617,0.03576048823216471,0.8446286744358877,4.233870967741936,4.33,False,16,179,16,US Open,False
ATP,1st Round,2026-09-01,Mochizuki S.,Mensik J.,0.16331456394580257,0.13308913308913312,0.22710667772121362,3.0225430856669453,7.513761467889907,8.0,False,23,81,23,US Open,False
ATP,1st Round,2026-09-01,Griekspoor T.,Shelton B.,0.23338362066350948,0.15321477428180577,0.5232448812948696,8.016884638170371,6.5267857142857135,7.0,False,128,148,128,US Open,False
ATP,1st Round,2026-09-01,Dimitrov G.,Popyrin A.,0.7047457753076963,0.6365853658536585,0.107071907571477,6.8160409454037785,1.5708812260536398,1.5,False,145,111,111,US Open,False
ATP,1st Round,2026-09-01,Hijikata R.,Auger-Aliassime F.,0.1686155472246107,0.13473423980222496,0.2514676853643125,3.3881307422385736,7.422018348623854,8.0,False,80,196,80,US Open,False
ATP,1st Round,2026-09-01,Comesana F.,Cobolli F.,0.24386701344625306,0.20950704225352113,0.16400389611320798,3.435997119273193,4.773109243697479,5.0,False,29,81,29,US Open,False
ATP,2nd Round,2026-09-02,Gorzny S.,Medvedev D.,0.17836749679460007,0.08526490066225166,1.091921709979387,9.310259613234841,11.728155339805825,13.0,False,1,233,1,US Open,False
ATP,2nd Round,2026-09-02,Merida Aguilar D.,Rublev A.,0.4961410077944541,0.4113110539845758,0.2062428252002666,8.482995380987829,2.4312500000000004,2.4,True,9,216,9,US Open,False
ATP,2nd Round,2026-09-02,Shelton B.,Hurkacz H.,0.7458767216772467,0.6767441860465117,0.10215460591483194,6.913253563073507,1.4776632302405497,1.4,True,148,150,148,US Open,False
ATP,2nd Round,2026-09-02,Etcheverry T.,Fearnley J.,0.6140211333680133,0.5703125,0.07663979549459876,4.370863336801333,1.7534246575342465,1.72,True,88,23,23,US Open,False
ATP,2nd Round,2026-09-02,Lehecka J.,Samuel T.,0.7533357455713661,0.6993318485523385,0.07722213299854563,5.4003897019027525,1.429936305732484,1.36,True,136,0,0,US Open,False
ATP,2nd Round,2026-09-02,Tsitsipas S.,Harris L.,0.72513173769802,0.6767441860465117,0.07150050587679924,4.8387551651508325,1.4776632302405497,1.4,True,165,39,39,US Open,False
ATP,2nd Round,2026-09-02,Duckworth J.,Wu Y.,0.4557881107162479,0.43116883116883115,0.05709893148045464,2.461927954741677,2.319277108433735,2.25,False,81,38,38,US Open,False
ATP,2nd Round,2026-09-02,Berrettini M.,Navone M.,0.6064644430512115,0.5824742268041238,0.04118674293747815,2.399021624708775,1.7168141592920352,1.67,False,88,39,39,US Open,False
ATP,2nd Round,2026-09-02,Michelsen A.,Nakashima B.,0.3706208694125329,0.33333333333333337,0.11186260823759864,3.7287536079199546,2.9999999999999996,3.0,True,105,166,105,US Open,False
ATP,2nd Round,2026-09-02,Shapovalov D.,Van Assche L.,0.7061901413952253,0.5813953488372093,0.21464704319978734,12.479479255801596,1.72,1.62,True,148,31,31,US Open,True
ATP,2nd Round,2026-09-02,Munar J.,Rinderknech A.,0.5759106571283108,0.4030612244897959,0.4288416303436571,17.28494326385149,2.481012658227848,2.38,False,88,120,88,US Open,True
ATP,1st Round,2026-09-02,Taberner C.,Bergs Z.,0.3550393971495822,0.08904109589041097,2.9873655372183845,26.599830125917123,11.23076923076923,13.0,False,9,73,9,US Open,False
ATP,1st Round,2026-09-02,De Jong J.,Passaro F.,0.6125688400437446,0.5610389610389611,0.09184723804093342,5.152987900478346,1.7824074074074072,1.73,True,19,8,8,US Open,False
ATP,1st Round,2026-09-02,Sonego L.,Zverev A.,0.17356289648001755,0.09545454545454546,0.8182779631239934,7.810835102547209,10.476190476190476,11.0,False,142,187,142,US Open,False
ATP,1st Round,2026-09-02,Choinski J.,Van De Zandschulp B.,0.26739898257846484,0.24509803921568626,0.09098784892013656,2.2300943362778574,4.08,4.0,False,6,141,6,US Open,False
ATP,1st Round,2026-09-02,Molcan A.,Bonzi B.,0.3991481625976566,0.33569739952718675,0.189011780132456,6.3450763070469876,2.97887323943662,3.0,False,31,93,31,US Open,False
ATP,1st Round,2026-09-02,Altmaier D.,Svajda Z.,0.6363770198121091,0.4113110539845758,0.5471916294181904,22.506596582753335,2.4312500000000004,2.38,False,88,35,35,US Open,True
ATP,1st Round,2026-09-02,Monfils G.,Vallejo D.,0.5631258166454243,0.4360313315926892,0.29148016631854823,12.709448505273507,2.293413173652695,2.25,True,115,5,5,US Open,False
ATP,1st Round,2026-09-02,Bu Y.,Jodar R.,0.16271403846620824,0.11193241816261881,0.45368107950470926,5.078162030358943,8.933962264150942,9.0,True,45,24,24,US Open,False
ATP,1st Round,2026-09-02,Guerrieri A.,De Minaur A.,0.20667352397680705,0.08510638297872342,1.4284139067274824,12.156714099808363,11.749999999999998,13.0,False,0,200,0,US Open,False
ATP,1st Round,2026-09-02,Marozsan F.,Zheng M.,0.5584078169389837,0.398477157360406,0.40135464887872363,15.993065957857766,2.509554140127389,2.4,False,91,9,9,US Open,False
ATP,1st Round,2026-09-02,Buse I.,Giron M.,0.6597979393976339,0.6030534351145038,0.09409531722898778,5.674450428313005,1.6582278481012658,1.6,True,9,158,9,US Open,False
ATP,2nd Round,2026-09-03,Sweeny D.,Musetti L.,0.17951235047585087,0.08695652173913045,1.064392030472285,9.255582873672044,11.499999999999998,15.0,True,7,150,7,US Open,False
ATP,2nd Round,2026-09-03,Gea A.,Svajda Z.,0.6676952049749199,0.4397905759162304,0.5182117160739248,22.790462905868946,2.2738095238095237,2.25,True,9,35,9,US Open,False
ATP,2nd Round,2026-09-03,De Jong J.,Bergs Z.,0.39553121756304344,0.31797235023041476,0.2439170175533394,7.755886733262868,3.144927536231884,3.1,False,19,73,19,US Open,False
ATP,2nd Round,2026-09-03,Van De Zandschulp B.,De Minaur A.,0.3311380233656702,0.2832618025751073,0.16901756733638118,4.787622079056292,3.5303030303030303,3.5,True,141,200,141,US Open,False
ATP,2nd Round,2026-09-03,Bonzi B.,Buse I.,0.494859431281902,0.47074468085106375,0.05122681447454913,2.4114750430838274,2.124293785310735,2.05,True,93,9,9,US Open,False
ATP,2nd Round,2026-09-03,Trungelliti M.,Blockx A.,0.3312887833238016,0.17477203647416412,0.8955479950179259,15.651674684963751,5.721739130434783,6.0,False,7,12,7,US Open,False
ATP,2nd Round,2026-09-03,Cobolli F.,Schoolkate T.,0.8415716754402263,0.7886323268206039,0.06712804791181837,5.293934861962235,1.268018018018018,1.21,True,81,21,21,US Open,False
ATP,2nd Round,2026-09-03,Tabilo A.,Popyrin A.,0.6094928822281451,0.596938775510204,0.02103081125398676,1.2554106717941105,1.6752136752136755,1.62,True,73,111,73,US Open,False
ATP,2nd Round,2026-09-03,Rodionov J.,Mensik J.,0.16220839014109834,0.15426997245179064,0.05145795752176241,0.7938417689307697,6.482142857142857,6.5,False,10,81,10,US Open,False
ATP,2nd Round,2026-09-03,Auger-Aliassime F.,Khachanov K.,0.8247890534732066,0.7114967462039045,0.15923095625350103,11.329230726930216,1.405487804878049,1.33,False,196,175,175,US Open,True
ATP,2nd Round,2026-09-03,Darderi L.,Svrcina D.,0.6426608182554618,0.5665796344647519,0.13428153636793505,7.608118379070994,1.7649769585253459,1.73,True,47,18,18,US Open,False
ATP,2nd Round,2026-09-03,Cerundolo F.,Struff J.L.,0.6142252578531533,0.6050632911392405,0.01514216256065093,0.9161966713912784,1.6527196652719665,1.58,True,98,82,82,US Open,False
ATP,2nd Round,2026-09-03,Alcaraz C.,Faria J.,0.9030626922574091,0.8969873663751216,0.006773033946775531,0.6075325882287541,1.1148429035752978,1.06,True,169,10,10,US Open,False
ATP,2nd Round,2026-09-03,Prizmic D.,Paul T.,0.2699676431811233,0.19798657718120805,0.3635653842029618,7.198106599991528,5.0508474576271185,5.0,False,10,189,10,US Open,False
ATP,2nd Round,2026-09-03,Mannarino A.,Bublik A.,0.31204468355539383,0.25865580448065173,0.20640897343069575,5.33888790747421,3.866141732283465,4.0,False,160,142,142,US Open,False
ATP,2nd Round,2026-09-03,Vacherot V.,Majchrzak K.,0.5466744340937518,0.5447368421052632,0.003556932152781078,0.19375919884886406,1.8357487922705313,1.75,True,28,50,28,US Open,False
ATP,2nd Round,2026-09-03,Tiafoe F.,Sakamoto R.,0.8582993252839948,0.7582846003898636,0.13189602537452272,10.001472489413121,1.3187660668380463,1.25,True,179,6,6,US Open,False
ATP,2nd Round,2026-09-03,Fritz T.,Bellucci M.,0.861228879548855,0.8535620052770448,0.008982211279802366,0.766687427181012,1.1715610510046368,1.13,True,210,41,41,US Open,False
ATP,3rd Round,2026-09-04,Tsitsipas S.,Lehecka J.,0.3913855162429102,0.38596491228070173,0.014044292083903676,0.5420603962208448,2.5909090909090913,2.53,True,165,136,136,US Open,False
ATP,3rd Round,2026-09-04,Merida Aguilar D.,Michelsen A.,0.47450668995127265,0.38,0.24870181566124372,9.450668995127264,2.6315789473684212,2.55,False,9,105,9,US Open,False
ATP,3rd Round,2026-09-04,Navone M.,Etcheverry T.,0.5173061577013868,0.4488188976377953,0.1525944215451951,6.848726006359146,2.2280701754385963,2.2,False,39,88,39,US Open,False
ATP,3rd Round,2026-09-04,Alcaraz C.,Wu Y.,0.908191372153935,0.9055755395683452,0.00288858573503048,0.2615832585589728,1.1042701092353526,1.05,True,169,38,38,US Open,False
ATP,2nd Round,2026-09-04,Halys Q.,Zverev A.,0.18233860421955528,0.1764705882352941,0.03325209057748002,0.5868015984261177,5.666666666666667,5.5,False,83,187,83,US Open,False
ATP,3rd Round,2026-09-04,Medvedev D.,Rinderknech A.,0.7595555340659054,0.7149028077753781,0.062459855808199904,4.4652726290527305,1.3987915407854983,1.34,True,233,120,120,US Open,False
ATP,2nd Round,2026-09-04,Bu Y.,Zheng M.,0.38299728901141195,0.37562189054726364,0.01963516677210353,0.7375398464148308,2.6622516556291393,2.54,False,45,9,9,US Open,False
ATP,2nd Round,2026-09-04,Monfils G.,Tien L.,0.30372483071377576,0.19532554257095158,0.55496729570557,10.839928814282418,5.11965811965812,5.0,False,115,70,70,US Open,True
ATP,3rd Round,2026-09-04,Bublik A.,Paul T.,0.4102772945503672,0.3844221105527638,0.0672572760199095,2.585518399760339,2.6013071895424837,2.55,False,142,189,142,US Open,False
ATP,3rd Round,2026-09-05,Tiafoe F.,Vacherot V.,0.7233280332057581,0.6305418719211823,0.1471530526622571,9.278616128457584,1.5859375,1.53,True,179,28,28,US Open,False
ATP,3rd Round,2026-09-05,Shapovalov D.,Shelton B.,0.26703518684340033,0.2297551789077213,0.1622597066708653,3.7280007935679036,4.352459016393443,4.4,False,148,148,148,US Open,False
ATP,3rd Round,2026-09-05,Cerundolo F.,Fritz T.,0.2623252519490455,0.15796897038081809,0.6606125324274394,10.435628156822741,6.3303571428571415,6.5,True,98,210,98,US Open,True
ATP,3rd Round,2026-09-05,Cobolli F.,Blockx A.,0.6582683057118303,0.5225464190981433,0.25973173225055834,13.5721886613687,1.913705583756345,1.88,False,81,12,12,US Open,False
ATP,3rd Round,2026-09-05,Bonzi B.,Khachanov K.,0.6046801844282019,0.33255269320843084,0.8182988644425513,27.212749121977108,3.0070422535211274,3.0,False,93,175,93,US Open,True
ATP,3rd Round,2026-09-05,Sweeny D.,Darderi L.,0.3245053820110776,0.2550607287449393,0.27226713264660574,6.94446532661383,3.9206349206349205,4.0,False,7,47,7,US Open,False
ATP,3rd Round,2026-09-05,Gea A.,Zheng M.,0.5303807659404894,0.422279792746114,0.2559937156627541,10.810097319437546,2.3680981595092025,2.3,True,9,9,9,US Open,False
ATP,3rd Round,2026-09-05,Bergs Z.,Van De Zandschulp B.,0.3948582197834296,0.36519607843137253,0.08122250786335083,2.966214135205708,2.738255033557047,2.65,False,73,141,73,US Open,False
ATP,4th Round,2026-09-06,Tiafoe F.,Medvedev D.,0.5086751265245728,0.393939393939394,0.29125224425468477,11.473573258517883,2.5384615384615383,2.5,True,179,233,179,US Open,True
ATP,4th Round,2026-09-06,Etcheverry T.,Michelsen A.,0.3308974291364839,0.2832618025751073,0.16816819680001127,4.76356265613766,3.5303030303030303,3.5,False,88,105,88,US Open,False
ATP,4th Round,2026-09-06,Alcaraz C.,Paul T.,0.8198868045001563,0.7893805309734513,0.03864583978158809,3.0506273526704986,1.2668161434977578,1.21,True,169,189,169,US Open,False
ATP,3rd Round,2026-09-06,Mensik J.,Tien L.,0.519762296257378,0.4473684210526316,0.16182160339884488,7.239387520474644,2.235294117647059,2.2,False,81,70,70,US Open,False
ATP,3rd Round,2026-09-06,Zverev A.,Tabilo A.,0.8150974834371425,0.8020304568527918,0.01629243188048779,1.306702658435066,1.2468354430379747,1.2,True,187,73,73,US Open,False
ATP,4th Round,2026-09-07,Shelton B.,Tsitsipas S.,0.7436469483605866,0.7114967462039045,0.04518671705558086,3.2150202156682184,1.405487804878049,1.34,True,148,165,148,US Open,False
ATP,4th Round,2026-09-07,Cerundolo F.,Blockx A.,0.5199798501978699,0.4087403598971723,0.27215196054698954,11.123949030069758,2.4465408805031443,2.38,False,98,12,12,US Open,False
ATP,4th Round,2026-09-07,Van De Zandschulp B.,Gea A.,0.5993141834454864,0.5912596401028277,0.013622684175192301,0.8054543342658649,1.6913043478260872,1.63,True,141,9,9,US Open,False
ATP,4th Round,2026-09-07,Tien L.,Khachanov K.,0.7220264488627535,0.6165413533834586,0.17109167925300262,10.548509547929486,1.6219512195121952,1.56,False,70,175,70,US Open,True
ATP,4th Round,2026-09-08,Darderi L.,Zverev A.,0.15521686384920808,0.1299165673420739,0.19474264926133555,2.530029650713417,7.697247706422018,8.0,False,47,187,47,US Open,False
ATP,Quarterfinals,2026-09-08,Tiafoe F.,Michelsen A.,0.6494258211050735,0.5861182519280206,0.10801159828891915,6.330756917705294,1.7061403508771928,1.65,True,179,105,105,US Open,False
ATP,Quarterfinals,2026-09-09,Shelton B.,Alcaraz C.,0.27396696739561116,0.2465483234714004,0.11121001975659883,2.7418643924210757,4.056,4.0,True,148,169,148,US Open,False
ATP,Quarterfinals,2026-09-09,Blockx A.,Khachanov K.,0.5745374240147928,0.37810945273631846,0.5195002924601755,19.642797127847434,2.644736842105263,2.63,False,12,175,12,US Open,False
ATP,Quarterfinals,2026-09-10,Van De Zandschulp B.,Zverev A.,0.21166600611957787,0.15258855585831066,0.38716829010509035,5.907745026126721,6.553571428571427,6.5,False,141,187,141,US Open,False
ATP,Semifinals,2026-09-11,Zverev A.,Khachanov K.,0.8659847762674413,0.7860962566844919,0.1016268922585819,7.988851958294941,1.272108843537415,1.22,True,187,175,175,US Open,False
ATP,Semifinals,2026-09-12,Tiafoe F.,Shelton B.,0.4397523741238314,0.2958057395143488,0.48662556326937034,14.394663460948259,3.380597014925373,3.4,False,179,148,148,US Open,True
ATP,The Final,2026-09-13,Zverev A.,Shelton B.,0.5856848603873436,0.5684754521963824,0.03027291349955452,1.7209408190961173,1.7590909090909093,1.7,True,187,148,148,US Open,False
WTA,1st Round,2026-08-30,Gibson T.,Vekic D.,0.5634993552842102,0.5224274406332454,0.07861745279149335,4.1071914650964825,1.914141414141414,1.83,False,27,105,27,US Open,False
WTA,1st Round,2026-08-30,Boulter K.,Lee C.Y.,0.580519130307502,0.5677083333333334,0.022565807514131953,1.2810796974168648,1.7614678899082568,1.67,True,83,2,2,US Open,False
WTA,1st Round,2026-08-30,Kessler M.,Alexandrova E.,0.42583185891786257,0.42077922077922075,0.012007812860352463,0.5052638138641818,2.3765432098765435,2.3,False,70,162,70,US Open,False
WTA,1st Round,2026-08-30,Pliskova Ka.,Vandewinkel H.,0.7002599482001338,0.496,0.41181441169381827,20.425994820013383,2.0161290322580645,1.95,True,90,1,1,US Open,False
WTA,1st Round,2026-08-30,Arango E.,Wang Xin.,0.36203323142836263,0.28051391862955033,0.290607015855308,8.15193127988123,3.564885496183206,3.5,False,40,148,40,US Open,False
WTA,1st Round,2026-08-30,Yastremska D.,Stefanini L.,0.6174818068377601,0.544502617801047,0.13402908755780962,7.297918903671308,1.836538461538462,1.78,False,104,24,24,US Open,False
WTA,1st Round,2026-08-30,Kostyuk M.,Hunter S.,0.8790310245671389,0.8732394366197183,0.006632302326884831,0.5791587947420629,1.1451612903225807,1.1,True,152,17,17,US Open,False
WTA,1st Round,2026-08-30,Preston T.,Parks A.,0.4923584860244036,0.4840425531914894,0.017180168929537,0.8315932832914152,2.0659340659340657,2.2,True,13,89,13,US Open,False
WTA,1st Round,2026-08-30,Zhang S.,Fernandez L.,0.6478258738250638,0.3225058004640371,1.0087262706374283,32.53200733610267,3.100719424460432,3.0,False,96,1,1,US Open,False
WTA,1st Round,2026-08-30,Ruse E.G.,Pegula J.,0.1489487840314535,0.11505376344086023,0.29460158083412846,3.389502059059328,8.691588785046727,9.0,False,66,219,66,US Open,False
WTA,1st Round,2026-08-30,Erjavec V.,Paolini J.,0.20976402255787419,0.16119828815977175,0.30127946737229916,4.856573439810244,6.20353982300885,6.0,False,6,153,6,US Open,False
WTA,1st Round,2026-08-30,Krejcikova B.,Rakhimova K.,0.7911845554364967,0.7345679012345678,0.0770747729471637,5.661665420192885,1.361344537815126,1.33,False,121,74,74,US Open,False
WTA,1st Round,2026-08-30,Zarazua R.,Iatcenko P.,0.5456908304451517,0.5447368421052632,0.0017512829427903664,0.09539883398884674,1.8357487922705313,1.75,False,48,2,2,US Open,False
WTA,1st Round,2026-08-30,Kalieva E.,Tararudee L.,0.4355551456691815,0.34210526315789475,0.2731611950329922,9.344988251128678,2.923076923076923,2.8,False,11,13,11,US Open,False
WTA,1st Round,2026-08-31,Townsend T.,Chwalinska M.,0.6845319082298106,0.6595238095238095,0.03791841681054309,2.500809870600107,1.516245487364621,1.45,True,67,10,10,US Open,False
WTA,1st Round,2026-08-31,Krueger A.,Anisimova A.,0.20189823105266436,0.17538461538461536,0.15117412442308642,2.6513615668048995,5.701754385964913,5.5,False,88,113,88,US Open,False
WTA,1st Round,2026-08-31,Parry D.,Golubic V.,0.6207833086132994,0.5172413793103448,0.20018106331904573,10.354192930295468,1.9333333333333336,1.91,True,72,80,72,US Open,True
WTA,1st Round,2026-08-31,Shnaider D.,Snigur D.,0.678721672290211,0.665083135391924,0.020506514407781395,1.363853689828698,1.5035714285714286,1.44,True,108,20,20,US Open,False
WTA,1st Round,2026-08-31,Koevermans A.,McNally C.,0.30223153200944053,0.19086460032626426,0.5834865736904877,11.136693168317628,5.239316239316239,5.5,False,0,35,0,US Open,False
WTA,1st Round,2026-08-31,Tauson C.,Stephens S.,0.7334114364608026,0.6930022573363431,0.05831031385060448,4.040917912445952,1.4429967426710097,1.4,False,121,90,90,US Open,False
WTA,1st Round,2026-08-31,Cirstea S.,Grabher J.,0.8802505814211264,0.8795045045045045,0.0008482923200516801,0.0746076916621985,1.1370038412291934,1.08,True,144,24,24,US Open,False
WTA,1st Round,2026-08-31,Joint M.,Samsonova L.,0.32833559211298835,0.2958057395143488,0.10997032259092321,3.252985259863955,3.380597014925373,3.4,True,56,166,56,US Open,False
WTA,1st Round,2026-08-31,Ruzic A.,Li A.,0.41408766664985985,0.2760084925690021,0.5002714691698769,13.807917408085773,3.623076923076923,3.6,False,37,101,37,US Open,True
WTA,1st Round,2026-08-31,Cocciaretto E.,Siniakova K.,0.39824961454850805,0.37810945273631846,0.05326542795065925,2.0140161812189583,2.644736842105263,2.63,False,80,120,80,US Open,False
WTA,1st Round,2026-08-31,Birrell K.,Marcinko P.,0.5214940042693199,0.5211640211640212,0.0006331655522990864,0.032998310529874786,1.9187817258883249,1.83,True,69,13,13,US Open,False
WTA,1st Round,2026-08-31,Noskova L.,Volynets K.,0.8866269250054315,0.721868365180467,0.22823906375752423,16.475855982496444,1.385294117647059,1.33,True,116,75,75,US Open,True
WTA,1st Round,2026-08-31,Kalinskaya A.,Blinkova A.,0.7669036559518868,0.7318087318087318,0.04795641622970881,3.509492414315496,1.3664772727272727,1.3,True,131,102,102,US Open,False
WTA,1st Round,2026-08-31,Podoroska N.,Waltert S.,0.460779425852387,0.36609336609336607,0.2586391028316881,9.468605975902095,2.731543624161074,2.63,True,44,10,10,US Open,False
WTA,1st Round,2026-08-31,Ito A.,Selekhmeteva O.,0.5107336070486648,0.3869346733668342,0.31994789354135444,12.379893368183058,2.5844155844155843,2.5,False,17,19,17,US Open,False
WTA,1st Round,2026-08-31,Zidansek T.,Timofeeva M.,0.4093024571626084,0.3600973236009733,0.13664398576913528,4.920513356163508,2.7770270270270268,2.75,False,42,13,13,US Open,False
WTA,1st Round,2026-08-31,Sierra S.,Svitolina E.,0.13635147325275654,0.10961737331954499,0.24388560976807128,2.6734099933211546,9.122641509433961,10.0,False,17,109,17,US Open,False
WTA,1st Round,2026-08-31,Williams V.,Kenin S.,0.2850570234090194,0.14586070959264127,0.9543098631915652,13.919631381637812,6.8558558558558556,7.0,False,22,120,22,US Open,False
WTA,1st Round,2026-08-31,Bucsa C.,Bejlek S.,0.2943203971647228,0.2421875,0.21525841409950064,5.21328971647228,4.129032258064516,4.0,True,91,33,33,US Open,False
WTA,1st Round,2026-08-31,Muchova K.,Kraus S.,0.9377051078536348,0.8657635467980295,0.08309608474701502,7.194156105560534,1.1550497866287341,1.1,True,110,10,10,US Open,False
WTA,1st Round,2026-08-31,Udvardy P.,Sawangkaew M.,0.41531955963972356,0.38,0.09294620957821986,3.5319559639723552,2.6315789473684212,2.63,False,20,14,14,US Open,False
WTA,1st Round,2026-08-31,Sakatsume H.,Kalinina A.,0.4811291059090782,0.2781316348195329,0.7298611365127927,20.29974710895453,3.595419847328244,3.5,True,10,101,10,US Open,False
WTA,1st Round,2026-08-31,Dart H.,Stearns P.,0.34022494019832206,0.30337078651685395,0.12148221028335793,3.6854153681468107,3.2962962962962963,3.2,True,44,89,44,US Open,False
WTA,1st Round,2026-08-31,Zheng Q.,Liutova K.,0.7023749358381606,0.6095717884130982,0.15224317986673452,9.280314742506235,1.640495867768595,1.57,True,126,4,4,US Open,False
WTA,1st Round,2026-08-31,Jacquemot E.,Bouzkova M.,0.22842297642207254,0.13341493268053856,0.7121245113470942,9.500804374153399,7.495412844036697,8.0,False,25,142,25,US Open,False
WTA,1st Round,2026-08-31,Sabalenka A.,Osorio M.,0.9537950220451926,0.9148760330578513,0.04254017766457374,3.8918988987341363,1.093044263775971,1.04,True,213,94,94,US Open,False
WTA,1st Round,2026-08-31,Boisson L.,Navarro E.,0.38767200012713887,0.2713987473903967,0.42842221585307305,11.627325273674217,3.684615384615384,3.6,False,9,107,9,US Open,False
WTA,1st Round,2026-08-31,Korpatsch T.,Tagger L.,0.4151123351745367,0.22761194029850748,0.8237722266684562,18.750039487602923,4.393442622950819,4.33,False,43,18,18,US Open,False
WTA,1st Round,2026-09-01,Tjen J.,Andreeva M.,0.20615780329488897,0.15061058344640435,0.36881352277777624,5.554721984848462,6.639639639639639,6.5,False,34,93,34,US Open,False
WTA,1st Round,2026-09-01,Rus A.,Jeanjean L.,0.5705787293613933,0.3703703703703704,0.5405625692757619,20.02083589910229,2.6999999999999997,2.63,False,48,17,17,US Open,False
WTA,1st Round,2026-09-01,Vidmanova D.,Bouzas Maneiro J.,0.521989206930852,0.49734042553191493,0.04956118612834404,2.4648781398937114,2.0106951871657754,1.94,False,14,57,14,US Open,False
WTA,1st Round,2026-09-01,Potapova A.,Semenistaja D.,0.7800260760186325,0.7763401109057302,0.004747874109714667,0.3685965112902312,1.288095238095238,1.22,True,134,6,6,US Open,False
WTA,1st Round,2026-09-01,Oliynykova O.,Brantmeier R.,0.5919293105990258,0.49734042553191493,0.19018941596381644,9.458888506711084,2.0106951871657754,1.91,True,10,1,1,US Open,False
WTA,1st Round,2026-09-01,Quevedo K.,Mertens E.,0.24636866790256906,0.18053375196232338,0.36466818655596955,6.583491594024568,5.539130434782609,6.0,False,3,161,3,US Open,False
WTA,1st Round,2026-09-01,Bencic B.,Putintseva Y.,0.8146242578711627,0.7930434782608695,0.02721260586824248,2.1580779610293144,1.2609649122807018,1.2,False,119,126,119,US Open,False
WTA,1st Round,2026-09-01,Havlickova L.,Bondar A.,0.49303054912959676,0.3949367088607595,0.24837863401404303,9.809384026883727,2.532051282051282,2.42,False,8,67,8,US Open,False
WTA,1st Round,2026-09-01,Seidel E.,Starodubtseva Y.,0.4603183171216493,0.2885032537960954,0.5955394300231605,17.181506332555387,3.466165413533835,3.5,False,31,35,31,US Open,True
WTA,1st Round,2026-09-01,Lys E.,Knutson G.,0.7190550127580265,0.578811369509044,0.24229593722034037,14.024364324898253,1.7276785714285712,1.7,True,48,2,2,US Open,False
WTA,1st Round,2026-09-01,Rybakina E.,Frodin T.,0.9401445028666088,0.9167333867093675,0.025537540681566995,2.341111615724123,1.0908296943231441,1.06,True,194,0,0,US Open,False
WTA,1st Round,2026-09-01,Korneeva A.,Keys M.,0.2952253843464724,0.29515418502202645,0.0002412275619287918,0.007119932444593635,3.388059701492537,3.25,False,18,129,18,US Open,False
WTA,1st Round,2026-09-01,Zakharova A.,Osaka N.,0.1548748948612535,0.12189616252821672,0.2705477485839869,3.2978732333036778,8.203703703703702,9.0,False,43,81,43,US Open,False
WTA,1st Round,2026-09-01,Swiatek I.,Wang Xiy.,0.9132832799708678,0.8991354466858789,0.015734929967599953,1.414783328498892,1.1121794871794872,1.06,True,203,87,87,US Open,False
WTA,1st Round,2026-09-01,Sakkari M.,Montgomery R.,0.7002502174628275,0.5933503836317136,0.18016308201709275,10.68998338311139,1.6853448275862069,1.6,True,155,19,19,US Open,False
WTA,2nd Round,2026-09-02,Preston T.,Townsend T.,0.3046156428873632,0.23518164435946462,0.2952356197568371,6.943399852789859,4.252032520325203,4.33,False,13,67,13,US Open,False
WTA,2nd Round,2026-09-02,Birrell K.,Alexandrova E.,0.31516420048354565,0.2293233082706767,0.37432257915775646,8.584089221286895,4.360655737704918,4.33,False,69,162,69,US Open,False
WTA,2nd Round,2026-09-02,Kalinskaya A.,Wang Xin.,0.6816860635525415,0.653012048192771,0.04391039252510964,2.8674015359770433,1.5313653136531367,1.45,True,131,148,131,US Open,False
WTA,2nd Round,2026-09-02,Boulter K.,Muchova K.,0.16542327993903605,0.15977175463623397,0.035372493189859355,0.565152530280208,6.25892857142857,6.5,False,83,110,83,US Open,False
WTA,2nd Round,2026-09-02,Selekhmeteva O.,Rakhimova K.,0.508931871958969,0.37376237623762376,0.3616455382213477,13.516949572134529,2.6754966887417218,2.63,False,19,74,19,US Open,False
WTA,2nd Round,2026-09-02,Kostyuk M.,Stephens S.,0.9006866038110144,0.851006711409396,0.05837779154448852,4.967989240161841,1.1750788643533123,1.13,True,152,90,90,US Open,False
WTA,2nd Round,2026-09-02,McNally C.,Navarro E.,0.4977433126386315,0.4514435695538058,0.10255931462394519,4.629974308482565,2.2151162790697674,2.25,False,35,107,35,US Open,False
WTA,2nd Round,2026-09-02,Pegula J.,Kenin S.,0.9122572518387573,0.8971871968962172,0.01679700177919874,1.50700549425401,1.1145945945945948,1.06,True,219,120,120,US Open,False
WTA,2nd Round,2026-09-02,Paolini J.,Stefanini L.,0.7796053751915928,0.6713615023474179,0.16123038402663825,10.824387284417492,1.4895104895104894,1.42,True,153,24,24,US Open,False
WTA,1st Round,2026-09-02,Frech M.,Jovic I.,0.38082713090105713,0.26652892561983477,0.4288397779543536,11.429820528122237,3.751937984496123,3.75,False,118,47,47,US Open,True
WTA,2nd Round,2026-09-02,Sawangkaew M.,Fernandez L.,0.6150052595954352,0.3047404063205418,1.0181283703761315,31.02648532748934,3.281481481481481,3.2,False,14,1,1,US Open,False
WTA,2nd Round,2026-09-02,Parry D.,Cirstea S.,0.369335454627996,0.3,0.23111818209332013,6.933545462799601,3.3333333333333335,3.25,False,72,144,72,US Open,False
WTA,1st Round,2026-09-02,Eala A.,Stoiana M.,0.7968320662667542,0.7837837837837838,0.01664780868516913,1.3048282482970408,1.2758620689655173,1.22,True,51,3,3,US Open,False
WTA,1st Round,2026-09-02,Badosa P.,Kasatkina D.,0.6818242388515189,0.5291005291005291,0.2886478114293707,15.272370975098982,1.8900000000000001,1.8,True,113,156,113,US Open,True
WTA,1st Round,2026-09-02,Sherif M.,Bartunkova N.,0.24315429512054643,0.19865319865319864,0.22401399408139477,4.450109646734779,5.033898305084747,5.0,False,47,27,27,US Open,False
WTA,1st Round,2026-09-02,Sonmez Z.,Gauff C.,0.09841377373807125,0.0831315577078289,0.18383170545116778,1.5282216030242353,12.029126213592232,13.0,False,46,197,46,US Open,False
WTA,1st Round,2026-09-02,Ostapenko J.,Maria T.,0.7098763403093442,0.5803108808290156,0.22326905071163772,12.956545948032861,1.7232142857142856,1.67,False,148,93,93,US Open,True
WTA,2nd Round,2026-09-02,Pliskova Ka.,Shnaider D.,0.392413554846362,0.2421875,0.6202882264623979,15.022605484636198,4.129032258064516,4.33,False,90,108,90,US Open,True
WTA,1st Round,2026-09-02,Linette M.,Jones F.,0.6037905601280356,0.5132275132275131,0.1764578955072036,9.056304690052242,1.948453608247423,1.91,False,138,12,12,US Open,False
WTA,2nd Round,2026-09-03,Sakkari M.,Starodubtseva Y.,0.7289389352475848,0.6390243902439025,0.14070596737217467,8.991454500368235,1.5648854961832062,1.5,False,155,35,35,US Open,False
WTA,2nd Round,2026-09-03,Lys E.,Andreeva M.,0.2495457137255972,0.11732456140350878,1.1269690739976133,13.222115232208843,8.523364485981308,9.5,False,48,93,48,US Open,True
WTA,2nd Round,2026-09-03,Zheng Q.,Putintseva Y.,0.7549831168849892,0.6782407407407407,0.11314916892257809,7.67423761442485,1.4744027303754268,1.42,True,126,126,126,US Open,False
WTA,2nd Round,2026-09-03,Sakatsume H.,Bucsa C.,0.43713397126522846,0.3703703703703704,0.1802617224161167,6.676360089485805,2.6999999999999997,2.63,False,10,91,10,US Open,False
WTA,2nd Round,2026-09-03,Oliynykova O.,Eala A.,0.2851358247102058,0.141025641025641,1.02187221158146,14.411018368456482,7.090909090909093,7.0,False,10,51,10,US Open,False
WTA,2nd Round,2026-09-03,Maria T.,Bartunkova N.,0.32549714262222373,0.32101616628175517,0.0139587248591575,0.44809763404685676,3.115107913669065,3.1,False,93,27,27,US Open,False
WTA,2nd Round,2026-09-03,Dart H.,Bouzkova M.,0.2148244516326746,0.1873990306946688,0.1463477203502208,2.742542093800582,5.336206896551725,5.25,False,44,142,44,US Open,False
WTA,2nd Round,2026-09-03,Tagger L.,Anisimova A.,0.2087649459905112,0.1918032786885246,0.0884326243949729,1.6961667301986616,5.213675213675214,5.5,False,18,113,18,US Open,False
WTA,2nd Round,2026-09-03,Podoroska N.,Swiatek I.,0.0612040248122786,0.054565099945975144,0.12166980126265048,0.6638924866303457,18.32673267326733,34.0,False,44,203,44,US Open,False
WTA,2nd Round,2026-09-03,Bondar A.,Keys M.,0.20536506223009654,0.14839572192513373,0.38390150043344295,5.696934030496282,6.738738738738737,7.0,False,67,129,67,US Open,False
WTA,2nd Round,2026-09-03,Potapova A.,Jeanjean L.,0.8536345570463735,0.7582846003898636,0.12574428731308385,9.534995665650992,1.3187660668380463,1.25,True,134,17,17,US Open,False
WTA,2nd Round,2026-09-03,Mertens E.,Timofeeva M.,0.7297603544951027,0.726890756302521,0.003947770923898419,0.28695981925817016,1.3757225433526012,1.3,True,161,13,13,US Open,False
WTA,2nd Round,2026-09-03,Noskova L.,Tararudee L.,0.8083912943810637,0.7904929577464789,0.022641993782726466,1.7898336634584844,1.265033407572383,1.2,True,116,13,13,US Open,False
WTA,2nd Round,2026-09-03,Joint M.,Svitolina E.,0.1407990520776572,0.13625,0.0333875381846398,0.4549052077657184,7.339449541284403,7.5,False,56,109,56,US Open,False
WTA,2nd Round,2026-09-03,Vekic D.,Li A.,0.4498285649692866,0.39795918367346944,0.13033844530743788,5.186938129581714,2.5128205128205123,2.38,False,105,101,101,US Open,False
WTA,2nd Round,2026-09-03,Sabalenka A.,Iatcenko P.,0.9730332759626135,0.9297520661157025,0.046551345702010805,4.328120984691097,1.0755555555555556,1.03,True,213,2,2,US Open,False
WTA,2nd Round,2026-09-03,Siniakova K.,Osaka N.,0.28619341024847467,0.23791102514506768,0.20294303332082442,4.828238510340698,4.203252032520326,4.2,False,120,81,81,US Open,False
WTA,3rd Round,2026-09-04,Noskova L.,Li A.,0.7781433787486836,0.7366255144032922,0.05636224042419058,4.15178643453914,1.3575418994413408,1.3,True,116,101,101,US Open,False
WTA,3rd Round,2026-09-04,Muchova K.,Navarro E.,0.7967009267451248,0.7759259259259259,0.026774464062929493,2.077500081919892,1.288782816229117,1.22,False,110,107,107,US Open,False
WTA,3rd Round,2026-09-04,Townsend T.,Shnaider D.,0.4274836036550423,0.4030612244897959,0.06059223185301632,2.4422379165246366,2.481012658227848,2.42,True,67,108,67,US Open,False
WTA,3rd Round,2026-09-04,Pegula J.,Fernandez L.,0.9321028051205358,0.8219814241486069,0.1339706442709343,11.012138097192892,1.2165725047080977,1.17,True,219,1,1,US Open,False
WTA,3rd Round,2026-09-04,Kostyuk M.,Alexandrova E.,0.7672848502759121,0.7439516129032256,0.031363917986050094,2.3333237372686444,1.3441734417344176,1.3,True,152,162,152,US Open,False
WTA,3rd Round,2026-09-04,Sabalenka A.,Rakhimova K.,0.9739778559052845,0.9159256265157639,0.06338094241380143,5.80522293895206,1.091791703442189,1.05,True,213,74,74,US Open,False
WTA,2nd Round,2026-09-04,Rybakina E.,Bouzas Maneiro J.,0.9638303579877465,0.8116883116883117,0.18743900104090372,15.214204629943485,1.232,1.18,True,194,57,57,US Open,True
WTA,2nd Round,2026-09-04,Badosa P.,Gauff C.,0.2106603932372605,0.16096866096866097,0.30870438984563586,4.969173226859952,6.212389380530974,6.25,False,113,197,113,US Open,False
WTA,2nd Round,2026-09-04,Jones F.,Jovic I.,0.22996133556587472,0.16165951359084407,0.42250419080129586,6.830182197503065,6.185840707964601,6.0,False,12,47,12,US Open,False
WTA,3rd Round,2026-09-04,Paolini J.,Cirstea S.,0.4185120938602691,0.3964646464646465,0.055610122093417536,2.204744739562259,2.5222929936305727,2.5,False,153,144,144,US Open,False
WTA,3rd Round,2026-09-05,Kalinskaya A.,Svitolina E.,0.33707297204451214,0.2885032537960954,0.16835067753774524,4.856971824841672,3.466165413533835,3.5,True,131,109,109,US Open,False
WTA,3rd Round,2026-09-05,Zheng Q.,Keys M.,0.46972728360501304,0.39795918367346944,0.18034035367413526,7.176809993154359,2.5128205128205123,2.4,True,126,129,126,US Open,False
WTA,3rd Round,2026-09-05,Potapova A.,Anisimova A.,0.2795322443150116,0.18081761006289307,0.5459348468204122,9.871463425211854,5.530434782608696,5.5,True,134,113,113,US Open,False
WTA,3rd Round,2026-09-05,Bartunkova N.,Andreeva M.,0.26415906672526945,0.22040072859744989,0.19853989778655334,4.3758338127819565,4.537190082644629,4.5,False,27,93,27,US Open,False
WTA,3rd Round,2026-09-05,Bouzkova M.,Swiatek I.,0.20533224218661728,0.17592592592592593,0.16715169242919292,2.9406316260691345,5.684210526315789,5.5,False,142,203,142,US Open,False
WTA,3rd Round,2026-09-05,Bucsa C.,Gauff C.,0.09582009987154128,0.08462164361269327,0.13233560328965566,1.1198456258848009,11.81730769230769,13.0,False,91,197,91,US Open,False
WTA,4th Round,2026-09-06,Kostyuk M.,Noskova L.,0.577899523751193,0.5688311688311688,0.015942085133376027,0.9068354920024224,1.7579908675799087,1.7,False,152,116,116,US Open,False
WTA,3rd Round,2026-09-06,Rybakina E.,Starodubtseva Y.,0.950996890610197,0.8650990099009901,0.09929254308017055,8.58978807092069,1.155937052932761,1.1,True,194,35,35,US Open,False
WTA,4th Round,2026-09-06,Sabalenka A.,Townsend T.,0.8699162153885965,0.8040201005025126,0.0819582928895668,6.589611488608393,1.24375,1.2,True,213,67,67,US Open,False
WTA,3rd Round,2026-09-06,Mertens E.,Osaka N.,0.34423647061259044,0.27718550106609813,0.24189926705619147,6.705096954649231,3.607692307692307,3.6,False,161,81,81,US Open,False
WTA,3rd Round,2026-09-06,Eala A.,Jovic I.,0.5421272894537768,0.46825396825396826,0.1577633639182352,7.387332119980849,2.135593220338983,2.1,False,51,47,47,US Open,False
WTA,4th Round,2026-09-07,Pegula J.,Cirstea S.,0.73796635158974,0.7173447537473233,0.028747122962413663,2.0621597842416683,1.3940298507462687,1.33,True,219,144,144,US Open,False
WTA,4th Round,2026-09-07,Kalinskaya A.,Navarro E.,0.6265674876792028,0.5105820105820106,0.2271632660245526,11.59854770971922,1.9585492227979275,2.1,False,131,107,107,US Open,True
WTA,4th Round,2026-09-07,Potapova A.,Andreeva M.,0.326317419595215,0.1711711711711712,0.9063807144773084,15.514624842404379,5.842105263157894,6.5,False,134,93,93,US Open,True
WTA,4th Round,2026-09-07,Zheng Q.,Swiatek I.,0.2565428818413236,0.20521739130434782,0.2501030259217041,5.13254905369758,4.872881355932203,5.0,True,126,203,126,US Open,False
WTA,4th Round,2026-09-07,Rybakina E.,Osaka N.,0.7619677973660435,0.5625,0.3546094175396328,19.94677973660435,1.7777777777777777,1.73,True,194,81,81,US Open,True
WTA,4th Round,2026-09-08,Gauff C.,Jovic I.,0.7928308897036533,0.7228144989339019,0.0968663341327829,7.001639076975142,1.3834808259587021,1.33,True,197,47,47,US Open,False
WTA,Quarterfinals,2026-09-08,Sabalenka A.,Noskova L.,0.7795218421475516,0.7155172413793104,0.08945221312187934,6.400460076824121,1.397590361445783,1.34,True,213,116,116,US Open,False
WTA,Quarterfinals,2026-09-09,Pegula J.,Navarro E.,0.8306626518213573,0.7592233009708738,0.09409530866495919,7.1439350850483585,1.317135549872123,1.25,True,219,107,107,US Open,False
WTA,Quarterfinals,2026-09-09,Rybakina E.,Zheng Q.,0.8427153147814596,0.7284210526315789,0.15690686277801547,11.42942621498807,1.3728323699421967,1.33,True,194,126,126,US Open,True
WTA,Quarterfinals,2026-09-09,Gauff C.,Andreeva M.,0.6784650074949407,0.6578947368421053,0.0312668113923098,2.0570270652835343,1.5199999999999998,1.47,True,197,93,93,US Open,False
WTA,Semifinals,2026-09-11,Rybakina E.,Gauff C.,0.6196254820755841,0.5211640211640212,0.18892605190137446,9.846146091156294,1.9187817258883249,1.85,True,194,197,194,US Open,False
WTA,Semifinals,2026-09-11,Sabalenka A.,Pegula J.,0.6376277774706033,0.6305418719211823,0.011237803332284857,0.7085905549421012,1.5859375,1.55,True,213,219,213,US Open,False
WTA,The Final,2026-09-12,Rybakina E.,Sabalenka A.,0.4951478430466717,0.4205128205128206,0.17748572431830456,7.463502253385112,2.3780487804878043,2.4,True,194,213,194,US Open,False
ATP,1st Round,02/08/2026,Munar J.,Hijikata R.,0.6046332451383691,0.5526315789473685,0.09409825310752495,5.200166619100067,1.8095238095238093,1.74,True,88,73,73,Canadian Open,False
ATP,1st Round,02/08/2026,Vallejo D.,Shang J.,0.4493699297690117,0.427461139896373,0.051253290247506245,2.1908789872638668,2.33939393939394,2.3,False,0,65,0,Canadian Open,False
ATP,1st Round,03/08/2026,Berrettini M.,Navone M.,0.6720972650369472,0.653012048192771,0.029226439078720023,1.908521684417619,1.5313653136531367,1.5,False,87,33,33,Canadian Open,False
ATP,1st Round,03/08/2026,Kopriva V.,Galarneau A.,0.5765854925724898,0.4761904761904762,0.21082953440222862,10.03950163820136,2.1,2.0,True,16,5,5,Canadian Open,False
ATP,1st Round,03/08/2026,Mejia N.,Landaluce M.,0.37518837635116764,0.3149425287356322,0.1912915599471381,6.024584761553542,3.1751824817518246,3.1,True,2,11,2,Canadian Open,False
ATP,1st Round,03/08/2026,Droguet T.,Vanassche L.,0.5525379357060712,0.4735449735449735,0.1668119536139383,7.899296216109775,2.111731843575419,2.14,True,7,0,0,Canadian Open,False
ATP,1st Round,03/08/2026,Duckworth J.,O Connell C.,0.4886538270747888,0.4233766233766234,0.15418235229321287,6.527720369816542,2.3619631901840488,2.3,True,78,92,78,Canadian Open,False
ATP,1st Round,03/08/2026,Hanfmann Y.,Bonzi B.,0.5482432776544515,0.5303430079155673,0.03375224990565706,1.7900269738884145,1.8855721393034826,1.8,True,44,87,44,Canadian Open,False
ATP,1st Round,03/08/2026,Kovacevic A.,Borges N.,0.3741843075665635,0.324009324009324,0.15485660392845868,5.017498355723954,3.086330935251799,3.1,False,79,95,79,Canadian Open,False
ATP,1st Round,04/08/2026,Diallo G.,Jacquet K.,0.5770691166805592,0.5225464190981433,0.10434039080492785,5.45226975824159,1.913705583756345,1.84,True,53,5,5,Canadian Open,False
ATP,1st Round,04/08/2026,Cilic M.,Shimabukuro S.,0.6634022251118077,0.5435356200527705,0.2205312782396851,11.986660505903723,1.8398058252427185,1.8,True,90,15,15,Canadian Open,False
ATP,1st Round,04/08/2026,Kecmanovic M.,Zheng M.,0.5085633788960517,0.43717277486910994,0.16330066310354363,7.139060402694181,2.287425149700599,2.2,True,155,5,5,Canadian Open,False
ATP,1st Round,04/08/2026,Altmaier D.,Vukic A.,0.5388221184501847,0.4030612244897959,0.3368244964080531,13.576089396038876,2.481012658227848,2.63,True,82,98,82,Canadian Open,True
ATP,1st Round,04/08/2026,Struff J.L.,Michelsen A.,0.3507306656520667,0.2676348547717842,0.31048202204880737,8.309581088028246,3.7364341085271318,3.75,False,83,100,83,Canadian Open,False
ATP,1st Round,04/08/2026,Moutet C.,Fucsovics M.,0.5316028951329216,0.5212765957446808,0.019809635561115035,1.0326299388240812,1.9183673469387759,1.83,True,82,97,82,Canadian Open,False
ATP,1st Round,04/08/2026,Ugocarabelli C.,Norrie C.,0.327560136538096,0.2117437722419929,0.5469646784404198,11.581636429610311,4.722689075630252,4.7,False,0,163,0,Canadian Open,False
ATP,1st Round,04/08/2026,Monfils G.,Majchrzak K.,0.45334994170817666,0.26819126819126826,0.690397844663821,18.51586735169084,3.7286821705426347,3.6,True,118,47,47,Canadian Open,True
ATP,1st Round,04/08/2026,Baez S.,Bellucci M.,0.5783562694158448,0.5305039787798408,0.09020156784886768,4.785229063600404,1.8850000000000002,1.8,True,75,36,36,Canadian Open,False
ATP,1st Round,04/08/2026,Chan D.,Tirante T.A.,0.4218803623084624,0.2799145299145299,0.5071756454989342,14.196583239393245,3.5725190839694654,3.6,False,0,10,0,Canadian Open,False
ATP,1st Round,04/08/2026,Damm M.,Tsitsipas S.,0.3788831338649734,0.36097560975609755,0.049608681652966835,1.790752410887586,2.77027027027027,2.7,False,12,167,12,Canadian Open,False
ATP,1st Round,04/08/2026,Giron M.,Hurkacz H.,0.3952582928216244,0.38095238095238093,0.03755301865676408,1.430591186924346,2.625,2.54,False,163,150,150,Canadian Open,False
ATP,1st Round,04/08/2026,Brooksby J.,Walton A.,0.6791897679623546,0.537037037037037,0.26469818861955696,14.215273092531767,1.8620689655172415,1.83,True,88,47,47,Canadian Open,True
ATP,1st Round,04/08/2026,Mannarino A.,Fearnley J.,0.684220624052677,0.38539042821158687,0.7753959983589072,29.883019584109014,2.5947712418300655,2.63,False,157,21,21,Canadian Open,False
ATP,1st Round,04/08/2026,Royer V.,Carrenobusta P.,0.4086797626370189,0.33649289099526064,0.2145271819212815,7.218687164175824,2.971830985915493,3.0,True,28,0,0,Canadian Open,False
ATP,1st Round,04/08/2026,Shapovalov D.,Svajda Z.,0.747151390223789,0.5792207792207792,0.28992504590205725,16.793061100300978,1.7264573991031391,1.67,False,147,33,33,Canadian Open,True
ATP,1st Round,04/08/2026,Merida Aguilar D.,Draxl L.,0.7089693814736758,0.5876288659793815,0.20649175443765877,12.134051549429437,1.7017543859649122,1.65,True,1,3,1,Canadian Open,False
ATP,1st Round,04/08/2026,Burruchaga R.,Popyrin A.,0.6016940932907638,0.3844221105527638,0.5651911707825099,21.727198273800003,2.6013071895424837,2.63,False,0,111,0,Canadian Open,False
ATP,1st Round,04/08/2026,Cerundolo J.M.,Medjedovic H.,0.5088949883337466,0.3924050632911393,0.2968614218827734,11.64899250426073,2.5483870967741935,2.5,True,17,36,17,Canadian Open,False
ATP,1st Round,04/08/2026,Draper J.,Atmane T.,0.7830919149431499,0.65625,0.1932829180086093,12.68419149431499,1.5238095238095237,1.5,False,95,36,36,Canadian Open,True
ATP,1st Round,04/08/2026,Vandezandschulp B.,Mpetshi Perricard G.,0.5553274091035831,0.5511811023622047,0.0075225850879294676,0.41463067413783916,1.8142857142857143,1.75,True,0,1,0,Canadian Open,False
ATP,1st Round,04/08/2026,Sonego L.,Griekspoor T.,0.5007506773545357,0.4591029023746703,0.09071555584694835,4.1647774979865435,2.1781609195402294,2.1,False,140,124,124,Canadian Open,False
ATP,1st Round,04/08/2026,Marozsan F.,Mochizuki S.,0.6826433077088391,0.62,0.1010375930787728,6.264330770883908,1.6129032258064517,1.57,True,85,22,22,Canadian Open,False
ATP,2nd Round,04/08/2026,Shang J.,Rublev A.,0.36050358144364164,0.250996015936255,0.43629204670403254,10.950756550738665,3.984126984126984,4.0,True,65,220,65,Canadian Open,True
ATP,2nd Round,04/08/2026,Munar J.,Blockx A.,0.4879219350389886,0.4196891191709845,0.1625794254632691,6.8232815868004115,2.382716049382716,2.3,False,88,9,9,Canadian Open,False
ATP,2nd Round,04/08/2026,Kopriva V.,Lehecka J.,0.2337031720271734,0.21201413427561835,0.10229996139483455,2.1689037751555036,4.716666666666667,4.8,False,16,131,16,Canadian Open,False
ATP,2nd Round,04/08/2026,Altmaier D.,Nakashima B.,0.3131273457987924,0.2650103519668737,0.18156646891263062,4.81169938319187,3.7734374999999996,3.75,False,82,160,82,Canadian Open,False
ATP,2nd Round,05/08/2026,Tiafoe F.,Cilic M.,0.6637748554141233,0.6610978520286396,0.004049330030749809,0.26770033854837116,1.512635379061372,1.45,True,181,90,90,Canadian Open,False
ATP,2nd Round,05/08/2026,Duckworth J.,Deminaur A.,0.423366168628973,0.1397712833545108,2.028992497372743,28.35948852744622,7.154545454545454,8.0,False,78,0,0,Canadian Open,False
ATP,2nd Round,05/08/2026,Cobolli F.,Hanfmann Y.,0.6043404004911286,0.5850515463917526,0.03296949511258984,1.9288854099375974,1.7092511013215859,1.67,False,75,44,44,Canadian Open,False
ATP,2nd Round,05/08/2026,Darderi L.,Diallo G.,0.532522956818882,0.4196891191709845,0.26885099587708905,11.283383764789745,2.382716049382716,2.3,True,41,53,41,Canadian Open,True
ATP,2nd Round,05/08/2026,Bergs Z.,Baez S.,0.5855944203141982,0.5677083333333334,0.03150576789289938,1.7886086980864802,1.7614678899082568,1.73,True,70,75,70,Canadian Open,False
ATP,2nd Round,05/08/2026,Etcheverry T.,Borges N.,0.5157821785395553,0.3844221105527638,0.34170788927283025,13.136006798679151,2.6013071895424837,2.55,False,86,95,86,Canadian Open,True
ATP,2nd Round,05/08/2026,Mejia N.,Musetti L.,0.18076403715139355,0.15620641562064158,0.15721263069240332,2.455762153075197,6.4017857142857135,7.0,False,2,145,2,Canadian Open,False
ATP,2nd Round,05/08/2026,Tsitsipas S.,Fonseca J.,0.5083551145584726,0.4186046511627907,0.21440388477857342,8.975046339568188,2.388888888888889,2.38,False,167,25,25,Canadian Open,False
ATP,2nd Round,05/08/2026,Vacherot V.,Navone M.,0.7053697900428555,0.5912596401028277,0.1929949927246557,11.411014994002777,1.6913043478260872,1.65,False,26,33,26,Canadian Open,False
ATP,2nd Round,05/08/2026,Rinderknech A.,Kecmanovic M.,0.5804056804061731,0.48275862068965525,0.20226890941278697,9.764705971651788,2.071428571428571,2.01,True,118,155,118,Canadian Open,False
ATP,2nd Round,05/08/2026,Buse I.,Norrie C.,0.4143084801122813,0.31797235023041476,0.30297014759949326,9.633612988186652,3.144927536231884,3.1,False,2,163,2,Canadian Open,False
ATP,2nd Round,05/08/2026,Shelton B.,Brooksby J.,0.721576212888992,0.7194860813704497,0.002905033985592942,0.20901315185423153,1.3898809523809523,1.33,True,141,88,88,Canadian Open,False
ATP,2nd Round,05/08/2026,Ruud C.,Cerundolo J.M.,0.7057573309145794,0.7015590200445434,0.00598425898617827,0.41983108700359706,1.4253968253968254,1.36,True,157,17,17,Canadian Open,False
ATP,2nd Round,05/08/2026,Fils A.,Svajda Z.,0.8647219239175873,0.7230443974630022,0.19594581875151684,14.16775264545851,1.3830409356725144,1.33,True,84,33,33,Canadian Open,True
ATP,2nd Round,05/08/2026,Tirante T.A.,Fritz T.,0.21227535810975615,0.18892508143322473,0.12359542999474393,2.335027667653142,5.293103448275863,5.5,True,10,208,10,Canadian Open,False
ATP,2nd Round,05/08/2026,Tabilo A.,Hurkacz H.,0.5358885990454447,0.4248704663212435,0.2612987758020835,11.101813272420124,2.353658536585366,2.25,False,69,150,69,Canadian Open,True
ATP,2nd Round,05/08/2026,Zverev A.,Griekspoor T.,0.8549663707376266,0.8298507462686567,0.030265230924837683,2.5115624468969866,1.2050359712230216,1.15,False,188,124,124,Canadian Open,False
ATP,2nd Round,05/08/2026,Jodar R.,Moutet C.,0.7511277847020718,0.7334710743801653,0.02407281069240197,1.765671032190641,1.3633802816901408,1.33,True,14,82,14,Canadian Open,False
ATP,2nd Round,05/08/2026,Collignon R.,Popyrin A.,0.6564372792176025,0.6020408163265306,0.09035344683601787,5.439646289107191,1.6610169491525424,1.58,False,18,111,18,Canadian Open,False
ATP,2nd Round,05/08/2026,Cerundolo F.,Michelsen A.,0.476184856879743,0.4123711340206186,0.15474827793337664,6.38137228591244,2.425,2.35,False,96,100,96,Canadian Open,False
ATP,2nd Round,05/08/2026,Marozsan F.,Arnaldi M.,0.6170629885953901,0.5714285714285715,0.07986023004193243,4.56344171668186,1.7499999999999998,1.68,False,85,77,77,Canadian Open,False
ATP,2nd Round,05/08/2026,Mensik J.,Fearnley J.,0.8763320696806879,0.6864988558352403,0.2765237148348687,18.98332138454476,1.4566666666666666,1.4,True,74,21,21,Canadian Open,False
ATP,2nd Round,05/08/2026,Atmane T.,Khachanov K.,0.4539087887927036,0.4386422976501305,0.03480396492622306,1.5266491142573058,2.279761904761905,2.2,True,36,178,36,Canadian Open,False
ATP,2nd Round,05/08/2026,Merida Aguilar D.,Humbert U.,0.35850902178561955,0.3225058004640371,0.11163588769497879,3.6003221321582455,3.100719424460432,3.05,True,1,138,1,Canadian Open,False
ATP,2nd Round,06/08/2026,Medvedev D.,Vandezandschulp B.,0.8285161724405238,0.7465069860279441,0.10985722564893696,8.20091864125797,1.339572192513369,1.29,False,238,0,0,Canadian Open,False
ATP,2nd Round,06/08/2026,Droguet T.,Faria J.,0.5095477150916814,0.4087403598971723,0.24662931553876755,10.080735519450911,2.4465408805031443,2.4,True,7,5,5,Canadian Open,False
ATP,2nd Round,06/08/2026,Paul T.,Royer V.,0.8084497178992996,0.8033613445378152,0.006333853870467143,0.5088373361484488,1.2447698744769875,1.2,True,188,28,28,Canadian Open,False
ATP,2nd Round,06/08/2026,Monfils G.,Tien L.,0.34346979445935466,0.29711751662971175,0.1560065470236489,4.635227782964291,3.3656716417910446,3.4,False,118,63,63,Canadian Open,False
ATP,3rd Round,06/08/2026,Darderi L.,Shang J.,0.5178603605266504,0.4760638297872341,0.08779606456994715,4.179653073941631,2.1005586592178767,2.01,True,41,65,41,Canadian Open,False
ATP,3rd Round,06/08/2026,Fils A.,Navone M.,0.8309400832602282,0.7366255144032922,0.12803597895103613,9.431456885693601,1.3575418994413408,1.29,True,84,33,33,Canadian Open,False
ATP,3rd Round,06/08/2026,Norrie C.,Deminaur A.,0.672439863461904,0.3703703703703704,0.8155876313471406,30.20694930915336,2.6999999999999997,2.63,True,163,0,0,Canadian Open,False
ATP,3rd Round,06/08/2026,Hanfmann Y.,Borges N.,0.5060938743595709,0.4025641025641025,0.2571758662435202,10.352977179546835,2.4840764331210194,2.38,False,44,95,44,Canadian Open,True
ATP,3rd Round,06/08/2026,Blockx A.,Lehecka J.,0.3607792180901397,0.3502415458937198,0.03008687096081264,1.0537672196419878,2.8551724137931034,2.8,False,9,131,9,Canadian Open,False
ATP,3rd Round,07/08/2026,Musetti L.,Jodar R.,0.480400178096251,0.4526315789473684,0.06134923067776388,2.7768599148882633,2.2093023255813957,2.13,False,145,14,14,Canadian Open,False
ATP,3rd Round,07/08/2026,Droguet T.,Nakashima B.,0.3474461674878101,0.2455795677799607,0.41480079401036263,10.18665997078494,4.072,4.1,False,7,160,7,Canadian Open,False
ATP,3rd Round,07/08/2026,Tiafoe F.,Rinderknech A.,0.6445299844215414,0.6388206388206389,0.008937321767566564,0.5709345600902527,1.5653846153846152,1.52,False,181,118,118,Canadian Open,False
ATP,3rd Round,07/08/2026,Arnaldi M.,Griekspoor T.,0.39768124574980146,0.34292565947242204,0.15967188445921132,5.475558627737942,2.9160839160839163,2.9,False,77,124,77,Canadian Open,False
ATP,3rd Round,07/08/2026,Merida Aguilar D.,Michelsen A.,0.3642136516159145,0.2910284463894967,0.251470968334383,7.31852052264178,3.43609022556391,3.5,True,1,100,1,Canadian Open,False
ATP,3rd Round,07/08/2026,Vandezandschulp B.,Hurkacz H.,0.38579347856726126,0.3694581280788178,0.04421434865538698,1.6335350488443479,2.706666666666666,2.63,True,0,150,0,Canadian Open,False
ATP,3rd Round,07/08/2026,Shelton B.,Bergs Z.,0.7470023407284501,0.7257383966244725,0.029299736933969145,2.1263944103977583,1.3779069767441863,1.35,True,141,70,70,Canadian Open,False
ATP,3rd Round,07/08/2026,Mensik J.,Atmane T.,0.730974645836876,0.6456310679611651,0.13218629355185296,8.53435778757109,1.5488721804511276,1.5,True,74,36,36,Canadian Open,False
ATP,3rd Round,08/08/2026,Ruud C.,Fonseca J.,0.5853822958021326,0.4409448818897638,0.3275634208369793,14.443741391236886,2.267857142857143,2.2,False,157,25,25,Canadian Open,False
ATP,3rd Round,08/08/2026,Tirante T.A.,Popyrin A.,0.6130414913952545,0.4485488126649077,0.3667219131694204,16.449267873034685,2.229411764705882,2.11,True,10,111,10,Canadian Open,False
ATP,3rd Round,08/08/2026,Tien L.,Paul T.,0.48271827891430363,0.38734177215189874,0.2462334651709146,9.537650676240489,2.5816993464052285,2.5,True,63,188,63,Canadian Open,False
ATP,4th Round,08/08/2026,Darderi L.,Borges N.,0.4976433671650356,0.38539042821158687,0.29127069780731474,11.225293895344873,2.5947712418300655,2.5,True,41,95,41,Canadian Open,True
ATP,4th Round,08/08/2026,Rinderknech A.,Nakashima B.,0.4082855006019961,0.34866828087167073,0.17098549825433595,5.961721973032535,2.8680555555555554,2.8,False,118,160,118,Canadian Open,False
ATP,4th Round,09/08/2026,Lehecka J.,Jodar R.,0.4601329918634507,0.4578947368421053,0.004888143150064694,0.22382550213453922,2.1839080459770113,2.1,False,131,14,14,Canadian Open,False
ATP,4th Round,09/08/2026,Fils A.,Norrie C.,0.7049091365190473,0.6736596736596736,0.04638761095734023,3.124946285937369,1.4844290657439447,1.44,True,84,163,84,Canadian Open,False
ATP,4th Round,09/08/2026,Merida Aguilar D.,Griekspoor T.,0.5167750769068541,0.4576719576719577,0.12913860734561178,5.910311923489642,2.184971098265896,2.2,True,1,124,1,Canadian Open,False
ATP,4th Round,09/08/2026,Tirante T.A.,Tien L.,0.3391538144869055,0.3341232227488152,0.015056097258681733,0.503059173809034,2.99290780141844,3.0,False,10,63,10,Canadian Open,False
ATP,4th Round,09/08/2026,Shelton B.,Fonseca J.,0.6845298198260634,0.5523560209424083,0.2392909534291765,13.21737988836551,1.8104265402843605,1.73,True,141,25,25,Canadian Open,False
ATP,4th Round,10/08/2026,Mensik J.,Vandezandschulp B.,0.7808861341670034,0.7083333333333333,0.10242748352988729,7.25528008336701,1.411764705882353,1.34,True,74,0,0,Canadian Open,False
ATP,Quarterfinals,11/08/2026,Darderi L.,Nakashima B.,0.3634230106126044,0.31775700934579443,0.14371359222201963,4.5666001266809975,3.1470588235294112,3.2,False,41,160,41,Canadian Open,False
ATP,Quarterfinals,11/08/2026,Fils A.,Jodar R.,0.5806234781360595,0.4318766066838046,0.3444198392555189,14.87468714522549,2.3154761904761907,2.33,False,84,14,14,Canadian Open,False
ATP,Quarterfinals,11/08/2026,Mensik J.,Shelton B.,0.46639237190367056,0.43421052631578944,0.07411576559633226,3.2181845587881117,2.303030303030303,2.25,False,74,141,74,Canadian Open,False
ATP,Quarterfinals,12/08/2026,Tien L.,Merida Aguilar D.,0.6610072846525967,0.6350000000000001,0.04095635378361662,2.6007284652596607,1.5748031496062989,1.5,True,63,1,1,Canadian Open,False
ATP,Semifinals,12/08/2026,Nakashima B.,Jodar R.,0.4047244154151688,0.32558139534883723,0.24308213306087545,7.9143020066331555,3.071428571428571,3.0,True,160,14,14,Canadian Open,False
ATP,Semifinals,13/08/2026,Tien L.,Shelton B.,0.4099522145281045,0.34457831325301197,0.18972146174240145,6.537390127509251,2.902097902097903,2.8,False,63,141,63,Canadian Open,False
ATP,The Final,14/08/2026,Nakashima B.,Shelton B.,0.36211197857609445,0.32558139534883723,0.11220107705514715,3.653058322725722,3.071428571428571,3.1,False,160,141,141,Canadian Open,False
WTA,1st Round,2026-08-02,Williams V.,Rakhimova K.,0.35248513255866876,0.2297551789077213,0.5341770933496155,12.272995365094747,4.352459016393443,4.33,False,21,70,21,Canadian Open,False
WTA,1st Round,2026-08-02,Birrell K.,Golubic V.,0.5312142805664011,0.5106382978723405,0.040294632775868644,2.057598269406058,1.958333333333333,1.91,False,66,78,66,Canadian Open,False
WTA,1st Round,2026-08-02,Arseneault A.,Bouzas Maneiro J.,0.4411377738670792,0.14800000000000002,1.980660634237021,29.31377738670792,6.756756756756756,7.0,False,1,53,1,Canadian Open,False
WTA,1st Round,2026-08-02,Bejlek S.,Wang Xiy.,0.6772286254751213,0.5854922279792746,0.15668251961680024,9.173639749584673,1.7079646017699115,1.62,True,25,84,25,Canadian Open,False
WTA,1st Round,2026-08-02,Sebov K.,Ito A.,0.4520218562979882,0.41494845360824745,0.08934459778645598,3.7073402689740744,2.4099378881987574,2.31,True,8,16,8,Canadian Open,False
WTA,1st Round,2026-08-02,Bucsa C.,Uchijima M.,0.7427175603933286,0.5575916230366492,0.3320098970434344,18.512593735667938,1.7934272300469483,1.8,False,86,56,56,Canadian Open,True
WTA,1st Round,2026-08-02,Stefanini L.,Osorio M.,0.31369486029683347,0.3090909090909091,0.01489513625446115,0.46039512059243837,3.235294117647059,3.25,False,22,91,22,Canadian Open,False
WTA,1st Round,2026-08-03,Jones E.,Tararudee L.,0.47273214275384745,0.33890214797136037,0.39489273108353595,13.382999478248708,2.950704225352113,3.0,False,9,12,9,Canadian Open,False
WTA,1st Round,2026-08-03,Tjen J.,Samsonova L.,0.4536577652738182,0.38345864661654133,0.18306828983172196,7.019911865727685,2.607843137254902,2.6,False,29,163,29,Canadian Open,False
WTA,1st Round,2026-08-03,Boisson L.,Ruzic A.,0.5099588692189467,0.5,0.019917738437893462,0.9958869218946731,2.0,1.92,False,6,33,6,Canadian Open,False
WTA,1st Round,2026-08-03,Zhao C.,Linette M.,0.29724880230327355,0.11111111111111112,1.6752392207294617,18.613769119216244,9.0,11.0,False,8,144,8,Canadian Open,False
WTA,1st Round,2026-08-03,Lys E.,Udvardy P.,0.6528746627252617,0.6320987654320989,0.03286811876457407,2.077589729316287,1.5820312499999998,1.55,False,47,16,16,Canadian Open,False
WTA,1st Round,2026-08-03,Joint M.,Starodubtseva Y.,0.5891065821909487,0.43229166666666663,0.36275257567062846,15.681491552428206,2.313253012048193,2.21,True,51,30,30,Canadian Open,True
WTA,1st Round,2026-08-03,Bartunkova N.,Andreescu B.,0.6832095450066198,0.5824742268041238,0.1729438206308338,10.073531820249604,1.7168141592920352,1.67,True,18,50,18,Canadian Open,False
WTA,1st Round,2026-08-03,Korpatsch T.,Zarazua R.,0.5270533601692753,0.4066496163682865,0.2960871938753875,12.040374380098879,2.4591194968553456,2.5,False,40,45,40,Canadian Open,True
WTA,1st Round,2026-08-03,Jimenez Kasintseva V.,Parks A.,0.47020440579257994,0.4186046511627907,0.1232660805044965,5.159975462978922,2.388888888888889,2.3,False,14,83,14,Canadian Open,False
WTA,1st Round,2026-08-03,Frech M.,Jeanjean L.,0.7549334254541838,0.62,0.21763455718416758,13.493342545418386,1.6129032258064517,1.56,True,113,16,16,Canadian Open,False
WTA,1st Round,2026-08-03,Townsend T.,Valentova T.,0.5065107391528979,0.35523114355231145,0.4258624232317878,15.127959560058645,2.815068493150685,2.75,True,62,28,28,Canadian Open,False
WTA,1st Round,2026-08-03,Ruse E.G.,Stearns P.,0.5005276834322666,0.4552631578947368,0.09942496938879386,4.52645255375298,2.1965317919075145,2.1,True,63,86,63,Canadian Open,False
WTA,1st Round,2026-08-03,Bondar A.,Kalinina A.,0.5124826807073407,0.37749999999999995,0.3575700151187835,13.498268070734076,2.6490066225165565,2.63,True,63,99,63,Canadian Open,True
WTA,1st Round,2026-08-03,Zhang S.,Putintseva Y.,0.478148854715662,0.3502415458937198,0.3651974196709247,12.790730882194218,2.8551724137931034,2.8,True,98,130,98,Canadian Open,True
WTA,1st Round,2026-08-03,Oliynykova O.,Pliskova Ka.,0.4113958471796533,0.2606924643584521,0.5780887575407014,15.070338282120115,3.8359375000000004,3.75,False,5,95,5,Canadian Open,False
WTA,1st Round,2026-08-03,Parry D.,Day K.,0.6889146076718529,0.4285714285714286,0.6074674179009898,26.034317910042425,2.333333333333333,2.33,False,63,12,12,Canadian Open,False
WTA,1st Round,2026-08-03,Kudermetova P.,Korneeva A.,0.4574661359048683,0.3478260869565217,0.3152151407264965,10.96400489483466,2.8750000000000004,2.8,False,39,15,15,Canadian Open,False
WTA,1st Round,2026-08-03,Gibson T.,Cocciaretto E.,0.47700386429423103,0.41494845360824745,0.1495496853798859,6.205541068598358,2.4099378881987574,2.5,True,23,80,23,Canadian Open,False
WTA,1st Round,2026-08-03,Brace C.,Kessler M.,0.3397805863161817,0.18053375196232338,0.8820889868122412,15.92468343538583,5.539130434782609,5.5,False,4,67,4,Canadian Open,False
WTA,1st Round,2026-08-03,Sramkova R.,Blinkova A.,0.4696757967657156,0.4375,0.07354467832163558,3.217579676571558,2.2857142857142856,2.2,True,62,99,62,Canadian Open,False
WTA,1st Round,2026-08-03,Cross K.,Boulter K.,0.28615279706619984,0.27718550106609813,0.032351244800366885,0.896729600010171,3.607692307692307,3.5,True,2,80,2,Canadian Open,False
WTA,2nd Round,2026-08-04,Siniakova K.,Rakhimova K.,0.7275520278882055,0.6311881188118812,0.15267066379150984,9.63639090763243,1.584313725490196,1.53,False,124,70,70,Canadian Open,False
WTA,2nd Round,2026-08-04,Kalinskaya A.,Kessler M.,0.646319053228046,0.6040609137055837,0.06995675198256368,4.225813952246227,1.6554621848739497,1.58,True,128,67,67,Canadian Open,False
WTA,2nd Round,2026-08-04,Zhang S.,Ostapenko J.,0.364566897631706,0.3286384976525822,0.10932498850790529,3.5928399979123835,3.0428571428571427,3.0,True,98,150,98,Canadian Open,False
WTA,2nd Round,2026-08-04,Ruzic A.,Keys M.,0.22623487941330578,0.19966159052453464,0.1330916418073198,2.657328888877114,5.008474576271188,5.0,False,33,126,33,Canadian Open,False
WTA,2nd Round,2026-08-04,Potapova A.,Ruse E.G.,0.6611850416414407,0.5132978723404255,0.2881117909698534,14.78871693010152,1.9481865284974096,1.91,True,132,63,63,Canadian Open,True
WTA,2nd Round,2026-08-04,Chwalinska M.,Gibson T.,0.48553483789408036,0.44619422572178474,0.08816925433908618,3.934061217229562,2.2411764705882353,2.2,False,6,23,6,Canadian Open,False
WTA,2nd Round,2026-08-04,Sebov K.,Kostyuk M.,0.11425215590668059,0.08441558441558442,0.353448616125293,2.983657149109617,11.846153846153847,15.0,False,8,148,8,Canadian Open,False
WTA,2nd Round,2026-08-04,Sramkova R.,Shnaider D.,0.2699358885263795,0.22040072859744989,0.22475043637175518,4.953515992892962,4.537190082644629,4.5,False,62,101,62,Canadian Open,False
WTA,2nd Round,2026-08-04,Alexandrova E.,Osorio M.,0.5250209324062295,0.4694960212201591,0.11826492382569787,5.552491118607039,2.129943502824859,2.05,True,157,91,91,Canadian Open,False
WTA,2nd Round,2026-08-04,Bejlek S.,Swiatek I.,0.1977233888770653,0.1332518337408313,0.4838324046003617,6.447155513623401,7.504587155963303,8.0,False,25,194,25,Canadian Open,False
WTA,2nd Round,2026-08-04,Svitolina E.,Bouzas Maneiro J.,0.8406026766457642,0.8171701112877584,0.028675259941995268,2.3432565358005752,1.2237354085603112,1.17,True,109,53,53,Canadian Open,False
WTA,1st Round,2026-08-04,Wang Xin.,Kasatkina D.,0.5130616590729316,0.4986737400530504,0.02885236952391068,1.438791901988118,2.00531914893617,1.96,False,144,163,144,Canadian Open,False
WTA,1st Round,2026-08-04,Sierra S.,Stephens S.,0.64844437632392,0.5264550264550264,0.23171846357005932,12.198934986889364,1.8994974874371862,1.82,False,16,90,16,Canadian Open,False
WTA,1st Round,2026-08-04,McNally C.,Maria T.,0.6481614545697415,0.6050632911392405,0.07122918223869412,4.309816343050099,1.6527196652719665,1.62,True,30,90,30,Canadian Open,False
WTA,1st Round,2026-08-04,Sonmez Z.,Marino R.,0.737105871791943,0.7257383966244725,0.015663323341223778,1.1367475167470498,1.3779069767441863,1.32,True,42,51,42,Canadian Open,False
WTA,2nd Round,2026-08-04,Golubic V.,Vekic D.,0.4473754449510668,0.4360313315926892,0.026016739019512736,1.1344113358377594,2.293413173652695,2.38,True,78,105,78,Canadian Open,False
WTA,2nd Round,2026-08-05,Pliskova Ka.,Andreeva M.,0.29985231489124775,0.21582733812949637,0.3893157256627815,8.40249767617514,4.633333333333334,4.6,False,95,88,88,Canadian Open,False
WTA,2nd Round,2026-08-05,Noskova L.,McNally C.,0.7608263076777024,0.7474949899799599,0.017834658260518887,1.333131769774254,1.3378016085790885,1.29,False,112,30,30,Canadian Open,False
WTA,2nd Round,2026-08-05,Krejcikova B.,Samsonova L.,0.7321650414708779,0.5902061855670103,0.2405241750685616,14.195885590386759,1.6943231441048034,1.62,False,123,163,123,Canadian Open,True
WTA,2nd Round,2026-08-05,Udvardy P.,Osaka N.,0.13153439855985882,0.1070707070707071,0.22848164692698303,2.446369148915173,9.339622641509433,10.0,False,16,79,16,Canadian Open,False
WTA,2nd Round,2026-08-05,Bondar A.,Mertens E.,0.29127817611864426,0.2885032537960954,0.009618339779661644,0.2774922322548834,3.466165413533835,3.55,False,63,161,63,Canadian Open,False
WTA,2nd Round,2026-08-05,Sakkari M.,Sonmez Z.,0.6298150280062113,0.606060606060606,0.039194796210248795,2.3754421945605286,1.6500000000000004,1.63,True,154,42,42,Canadian Open,False
WTA,2nd Round,2026-08-05,Gauff C.,Day K.,0.9355039935850531,0.8859275053304905,0.055959983132105595,4.957648825456262,1.1287605294825511,1.09,True,191,12,12,Canadian Open,False
WTA,2nd Round,2026-08-05,Navarro E.,Korneeva A.,0.6497094179136557,0.5185185185185185,0.25301102026205036,13.119089939513717,1.9285714285714286,1.91,False,104,15,15,Canadian Open,False
WTA,2nd Round,2026-08-05,Cross K.,Li A.,0.36724782423376345,0.2612244897959184,0.4058705771448756,10.602333443784506,3.8281249999999996,3.75,False,2,95,2,Canadian Open,False
WTA,2nd Round,2026-08-05,Pegula J.,Frech M.,0.8861252596130772,0.863013698630137,0.026780062726263987,2.3111560982940205,1.1587301587301586,1.12,True,216,113,113,Canadian Open,False
WTA,2nd Round,2026-08-05,Sabalenka A.,Uchijima M.,0.9946955063769757,0.9155844155844155,0.08640502114932103,7.911109079256018,1.0921985815602837,1.06,True,212,56,56,Canadian Open,False
WTA,2nd Round,2026-08-05,Anisimova A.,Tararudee L.,0.8528046766891836,0.6721311475409837,0.2688069580009802,18.06735291481999,1.4878048780487803,1.45,True,110,12,12,Canadian Open,False
WTA,2nd Round,2026-08-05,Tauson C.,Bartunkova N.,0.6053342037939343,0.5132978723404255,0.17930394107004832,9.203633145350887,1.9481865284974096,1.91,False,115,18,18,Canadian Open,False
WTA,2nd Round,2026-08-05,Linette M.,Jovic I.,0.3142494437832106,0.23163841807909605,0.35663784267386056,8.261102570411458,4.317073170731708,4.33,False,144,43,43,Canadian Open,False
WTA,2nd Round,2026-08-05,Bouzkova M.,Townsend T.,0.5544635872942388,0.5511811023622047,0.005955365519547673,0.3282484932034091,1.8142857142857143,1.77,False,140,62,62,Canadian Open,False
WTA,2nd Round,2026-08-05,Rybakina E.,Kasatkina D.,0.9255858925169478,0.8330871491875924,0.11103129296803815,9.249874332935537,1.2003546099290778,1.15,True,191,163,163,Canadian Open,False
WTA,2nd Round,2026-08-05,Bencic B.,Stephens S.,0.8779735447943087,0.846153846153846,0.03760509839327408,3.1819698640462635,1.1818181818181819,1.17,True,119,90,90,Canadian Open,False
WTA,2nd Round,2026-08-06,Zarazua R.,Fernandez L.,0.5847270150283084,0.28051391862955033,1.084484855100916,30.421309639875805,3.564885496183206,3.75,False,45,1,1,Canadian Open,False
WTA,2nd Round,2026-08-06,Parks A.,Eala A.,0.25973600085379966,0.20136518771331058,0.2898753940705645,5.837081314048909,4.966101694915254,5.0,False,83,46,46,Canadian Open,False
WTA,3rd Round,2026-08-06,Alexandrova E.,Gibson T.,0.5366995766709434,0.5212765957446808,0.029586943001401744,1.5422980926262597,1.9183673469387759,1.85,True,157,23,23,Canadian Open,False
WTA,3rd Round,2026-08-06,Golubic V.,Swiatek I.,0.15316559512181283,0.10536779324055667,0.45362819521267617,4.779780188125615,9.490566037735848,10.0,False,78,194,78,Canadian Open,False
WTA,3rd Round,2026-08-06,Kalinskaya A.,Shnaider D.,0.5688048147393878,0.4485488126649077,0.268100145801341,12.025600207448012,2.229411764705882,2.2,False,128,101,101,Canadian Open,True
WTA,3rd Round,2026-08-06,Pegula J.,Rakhimova K.,0.9346212003386898,0.8625472887767969,0.08355937407687297,7.207391156189291,1.159356725146199,1.1,True,216,70,70,Canadian Open,False
WTA,3rd Round,2026-08-06,Kostyuk M.,Keys M.,0.6186242574530204,0.5499999999999999,0.12477137718731002,6.862425745302048,1.8181818181818183,1.73,True,148,126,126,Canadian Open,False
WTA,3rd Round,2026-08-06,Anisimova A.,Bartunkova N.,0.7964889907278073,0.6414634146341464,0.2416748524654031,15.502557609366097,1.55893536121673,1.5,True,110,18,18,Canadian Open,False
WTA,2nd Round,2026-08-06,Cirstea S.,Joint M.,0.7764728140991766,0.7089715536105032,0.09521011124482626,6.750126048867333,1.4104938271604939,1.36,False,145,51,51,Canadian Open,False
WTA,3rd Round,2026-08-07,Andreeva M.,Fernandez L.,0.8764802823159057,0.7742537313432836,0.13203236462969992,10.222655097262212,1.291566265060241,1.23,False,88,1,1,Canadian Open,False
WTA,3rd Round,2026-08-07,Joint M.,Samsonova L.,0.42149835562614957,0.2977777777777778,0.4154795524758752,12.372057784837176,3.3582089552238803,3.3,False,51,163,51,Canadian Open,True
WTA,3rd Round,2026-08-07,Mertens E.,Osaka N.,0.3294424756332943,0.31724137931034474,0.03845997753973229,1.2201096322949578,3.152173913043479,3.25,False,161,79,79,Canadian Open,False
WTA,3rd Round,2026-08-07,Rybakina E.,Li A.,0.9369982135145645,0.8272727272727273,0.13263520314947352,10.97254862418372,1.2087912087912087,1.15,True,191,95,95,Canadian Open,True
WTA,3rd Round,2026-08-07,Potapova A.,Svitolina E.,0.3577472288710807,0.3076923076923077,0.16267849383101218,5.0054921178772975,3.25,3.25,False,132,109,109,Canadian Open,False
WTA,3rd Round,2026-08-07,Sabalenka A.,Zhang S.,0.9421115301862393,0.9045454545454545,0.0415303348792595,3.7566075640784735,1.1055276381909547,1.06,True,212,98,98,Canadian Open,False
WTA,3rd Round,2026-08-07,Jovic I.,Korneeva A.,0.7285686922999884,0.6439024390243903,0.13148925698104263,8.466625327559818,1.553030303030303,1.5,False,43,15,15,Canadian Open,False
WTA,3rd Round,2026-08-08,Gauff C.,Sakkari M.,0.7863901740848761,0.7666034155597723,0.025810944907746824,1.978675852510381,1.3044554455445545,1.25,True,191,154,154,Canadian Open,False
WTA,3rd Round,2026-08-08,Townsend T.,Bencic B.,0.308601535115552,0.28448275862068967,0.084781153739516,2.4118776494862324,3.515151515151515,3.5,False,62,119,62,Canadian Open,False
WTA,3rd Round,2026-08-08,McNally C.,Eala A.,0.3525015930958809,0.31724137931034474,0.11114632606310315,3.526021378553618,3.152173913043479,3.1,False,30,46,30,Canadian Open,False
WTA,4th Round,2026-08-08,Kostyuk M.,Swiatek I.,0.4982570640909796,0.4285714285714286,0.1625998162122857,6.968563551955098,2.333333333333333,2.25,False,148,194,148,Canadian Open,False
WTA,4th Round,2026-08-08,Pegula J.,Shnaider D.,0.8104650975839834,0.7096069868995633,0.14213235290296744,10.08581106844202,1.4092307692307693,1.38,False,216,101,101,Canadian Open,True
WTA,4th Round,2026-08-09,Gauff C.,Korneeva A.,0.8628567089033287,0.7359667359667359,0.17241264684322344,12.688997293659277,1.3587570621468927,1.29,True,191,15,15,Canadian Open,False
WTA,4th Round,2026-08-09,Rybakina E.,Samsonova L.,0.8933081963176799,0.7195652173913043,0.24145549941429834,17.374297892637557,1.3897280966767374,1.33,True,191,163,163,Canadian Open,True
WTA,4th Round,2026-08-09,Sabalenka A.,Alexandrova E.,0.9300447298085569,0.8217054263565892,0.13184688816324375,10.833930345196773,1.2169811320754718,1.17,False,212,157,157,Canadian Open,True
WTA,4th Round,2026-08-09,Anisimova A.,Svitolina E.,0.5285751971836354,0.423076923076923,0.24935955697950218,10.549827410671242,2.3636363636363638,2.3,False,110,109,109,Canadian Open,True
WTA,4th Round,2026-08-10,Osaka N.,Fernandez L.,0.894729240147973,0.695067264573991,0.28725561647095454,19.96619755739819,1.4387096774193548,1.4,True,79,1,1,Canadian Open,False
WTA,4th Round,2026-08-10,Bencic B.,Eala A.,0.5974846094099444,0.5251989389920424,0.13763483710883362,7.2285670417902015,1.9040404040404042,1.81,True,119,46,46,Canadian Open,False
WTA,Quarterfinals,2026-08-11,Swiatek I.,Shnaider D.,0.7281907324189142,0.7155361050328227,0.017685519007473394,1.2654627386091466,1.3975535168195719,1.33,True,194,101,101,Canadian Open,False
WTA,Quarterfinals,2026-08-11,Svitolina E.,Alexandrova E.,0.7637595738660307,0.6837209302325581,0.11706332232106531,8.003864363347258,1.4625850340136055,1.4,True,109,157,109,Canadian Open,False
WTA,Quarterfinals,2026-08-12,Gauff C.,Bencic B.,0.623984492813494,0.6071428571428571,0.027739164633990177,1.68416356706369,1.647058823529412,1.57,True,191,119,119,Canadian Open,False
WTA,Quarterfinals,2026-08-12,Rybakina E.,Osaka N.,0.7057063489075502,0.49336870026525204,0.43038329859218494,21.23376486422982,2.0268817204301075,2.25,True,191,79,79,Canadian Open,True
WTA,Semifinals,2026-08-13,Rybakina E.,Gauff C.,0.6336238759864495,0.43556701030927836,0.4547104371759907,19.805686567717117,2.2958579881656807,2.25,True,191,191,191,Canadian Open,True
WTA,Semifinals,2026-08-13,Svitolina E.,Swiatek I.,0.4472968554027139,0.3463414634146341,0.29149092052896286,10.095539198807979,2.887323943661972,2.9,False,109,194,109,Canadian Open,True
WTA,The Final,2026-08-13,Rybakina E.,Swiatek I.,0.6677685232406279,0.45669291338582685,0.4621828008889608,21.1075609854801,2.1896551724137927,2.15,False,191,194,191,Canadian Open,True
ATP,1st Round,13/08/2026,Draper J.,Landaluce M.,0.8303818467245779,0.7008928571428572,0.1847486220783785,12.948898958172073,1.4267515923566878,1.36,False,96,12,12,Cincinnati,False
ATP,1st Round,13/08/2026,Norrie C.,Prizmic D.,0.6755396088836003,0.6439024390243903,0.04913348349347024,3.1637169859210057,1.553030303030303,1.5,True,164,9,9,Cincinnati,False
ATP,1st Round,13/08/2026,Burruchaga R.,Struff J.L.,0.4894319042158931,0.4588859416445623,0.06656547912943189,3.05459625713308,2.179190751445087,2.1,False,1,83,1,Cincinnati,False
ATP,1st Round,13/08/2026,Tirante T.A.,Choinski J.,0.7297775371561666,0.6504854368932039,0.12189681085201709,7.929210026296262,1.537313432835821,1.48,True,14,4,4,Cincinnati,False
ATP,1st Round,13/08/2026,Shapovalov D.,Mannarino A.,0.6510935040957746,0.5423280423280423,0.2005529002351356,10.876546176773228,1.8439024390243903,1.75,True,148,158,148,Cincinnati,True
ATP,1st Round,13/08/2026,Ugocarabelli C.,Kecmanovic M.,0.46691978084164476,0.27718550106609813,0.6845029016517796,18.973427977554664,3.607692307692307,3.5,False,0,155,0,Cincinnati,False
ATP,1st Round,13/08/2026,Navone M.,Collignon R.,0.4605130524769736,0.43193717277486904,0.06615749118911474,2.8575879702104565,2.3151515151515154,2.2,True,36,19,19,Cincinnati,False
ATP,1st Round,13/08/2026,Fucsovics M.,Atmane T.,0.43184254829484925,0.3462469733656174,0.24720959752288652,8.559557492923187,2.8881118881118883,2.75,False,98,39,39,Cincinnati,False
ATP,1st Round,14/08/2026,Monfils G.,Hijikata R.,0.6381950707193569,0.5590551181102362,0.14156019692053978,7.913995260912065,1.7887323943661972,1.73,False,120,74,74,Cincinnati,False
ATP,1st Round,14/08/2026,Bellucci M.,Svajda Z.,0.5098656905963945,0.38,0.3417518173589329,12.986569059639452,2.6315789473684212,2.54,True,37,34,34,Cincinnati,True
ATP,1st Round,14/08/2026,Vallejo D.,Jacquet K.,0.5273256810767697,0.3317535545023697,0.5895102672456913,19.557212657439997,3.014285714285714,2.9,True,1,6,1,Cincinnati,False
ATP,1st Round,14/08/2026,Kopriva V.,Halys Q.,0.3899975834713174,0.3068181818181818,0.271103235017627,8.317940165313559,3.259259259259259,3.2,False,18,80,18,Cincinnati,False
ATP,1st Round,14/08/2026,Hurkacz H.,Shimabukuro S.,0.7387417583228718,0.7349896480331263,0.005104983859005818,0.3752110289745536,1.36056338028169,1.29,True,153,16,16,Cincinnati,False
ATP,1st Round,14/08/2026,Altmaier D.,Wong C.,0.4347080769254418,0.4072164948453609,0.06751097371564163,2.7491582080080903,2.4556962025316453,2.38,True,84,26,26,Cincinnati,False
ATP,1st Round,14/08/2026,Royer V.,Tsitsipas S.,0.30304255310065153,0.2733050847457627,0.10880686095742265,2.9737468354888827,3.658914728682171,3.75,False,30,168,30,Cincinnati,False
ATP,1st Round,14/08/2026,Dimitrov G.,Baez S.,0.701511061016067,0.5818181818181818,0.20572213612136525,11.969287919788519,1.71875,1.64,False,147,77,77,Cincinnati,True
ATP,1st Round,14/08/2026,Hanfmann Y.,Vanassche L.,0.6119460271703606,0.5358090185676393,0.14209728833280177,7.613700860272132,1.8663366336633662,1.8,True,47,0,0,Cincinnati,False
ATP,1st Round,14/08/2026,Berrettini M.,Droguet T.,0.5911009692511426,0.5488126649076518,0.07705416993357228,4.228830434349085,1.8221153846153844,1.73,True,88,10,10,Cincinnati,False
ATP,1st Round,14/08/2026,Machac T.,Carrenobusta P.,0.7422953166129407,0.48533333333333345,0.5294546358783114,25.696198327960722,2.06043956043956,2.0,False,84,0,0,Cincinnati,False
ATP,1st Round,14/08/2026,Duckworth J.,Wolf J.J.,0.5738142025222759,0.40826873385012924,0.4054816226336757,16.554546867214665,2.4493670886075947,2.38,True,77,68,68,Cincinnati,True
ATP,1st Round,14/08/2026,Majchrzak K.,O Connell C.,0.6514489716782134,0.6111111111111112,0.06600740820071271,4.03378605671022,1.6363636363636362,1.57,False,48,93,48,Cincinnati,False
ATP,1st Round,14/08/2026,Shevchenko A.,Vandezandschulp B.,0.5422185299663764,0.35436893203883496,0.5300961256585417,18.784959792754147,2.821917808219178,2.75,False,72,0,0,Cincinnati,False
ATP,1st Round,14/08/2026,De Jong J.,Michelsen A.,0.2329383233520177,0.19931856899488923,0.1686734684413198,3.361975435712847,5.017094017094018,5.0,False,17,103,17,Cincinnati,False
ATP,1st Round,14/08/2026,Cerundolo J.M.,Lajal M.,0.5866843022822691,0.49336870026525204,0.18913968795922265,9.331560201701706,2.0268817204301075,2.0,True,19,3,3,Cincinnati,False
ATP,1st Round,14/08/2026,Kokkinakis T.,Borges N.,0.5176478768410493,0.3255269320843091,0.5901844849721443,19.212094475674018,3.071942446043166,3.0,False,68,99,68,Cincinnati,True
ATP,1st Round,14/08/2026,Sonego L.,Shang J.,0.5019516323726783,0.4170984455958549,0.2034368328935019,8.485318677682335,2.397515527950311,2.31,True,140,68,68,Cincinnati,False
ATP,1st Round,14/08/2026,Mejia N.,Walton A.,0.5559037582427911,0.36543209876543215,0.5212231222184485,19.0471659477359,2.736486486486486,2.63,False,4,48,4,Cincinnati,False
ATP,1st Round,14/08/2026,Trungelliti M.,Medjedovic H.,0.39043280398282065,0.3536585365853659,0.10398241126176866,3.677426739745476,2.8275862068965516,2.75,True,5,37,5,Cincinnati,False
ATP,1st Round,14/08/2026,Marozsan F.,Zheng M.,0.62926925734118,0.4308093994778067,0.4606674276464968,19.845985786337327,2.3212121212121217,2.21,False,87,6,6,Cincinnati,False
ATP,1st Round,14/08/2026,Cilic M.,Merida Aguilar D.,0.4837698835404146,0.43193717277486904,0.12000057886326321,5.183271076554558,2.3151515151515154,2.25,False,90,6,6,Cincinnati,False
ATP,1st Round,15/08/2026,Brooksby J.,Faria J.,0.597478892362793,0.5665796344647519,0.054536478225574836,3.0899257898041044,1.7649769585253459,1.8,False,84,6,6,Cincinnati,False
ATP,1st Round,15/08/2026,Kovacevic A.,Khachanov K.,0.36218814223043866,0.3194444444444444,0.1338063582865907,4.274369778599424,3.130434782608696,3.2,True,80,177,80,Cincinnati,False
ATP,2nd Round,15/08/2026,Cobolli F.,Kecmanovic M.,0.6587743968934824,0.5423280423280423,0.21471571719871396,11.644635456544005,1.8439024390243903,1.8,True,76,155,76,Cincinnati,True
ATP,2nd Round,15/08/2026,Navone M.,Blockx A.,0.44976002667912107,0.4244791666666667,0.05955736346492313,2.5280860012454385,2.3558282208588954,2.25,False,36,10,10,Cincinnati,False
ATP,2nd Round,15/08/2026,Arnaldi M.,Landaluce M.,0.5129678081970719,0.4523809523809524,0.13392883917247467,6.05868558161195,2.2105263157894735,2.15,False,79,12,12,Cincinnati,False
ATP,2nd Round,15/08/2026,Vacherot V.,Vallejo D.,0.6713445784337057,0.6388206388206389,0.050912474701992894,3.2523939613066766,1.5653846153846152,1.5,False,27,1,1,Cincinnati,False
ATP,2nd Round,15/08/2026,Djokovic N.,Tirante T.A.,0.812785497481677,0.7524950099800399,0.08012078047299798,6.029048750163712,1.3289124668435013,1.25,False,128,14,14,Cincinnati,False
ATP,2nd Round,15/08/2026,Mensik J.,Bellucci M.,0.8396827864558559,0.7474747474747475,0.12335940350175312,9.220803898110841,1.3378378378378377,1.28,True,78,37,37,Cincinnati,False
ATP,2nd Round,15/08/2026,Struff J.L.,Tabilo A.,0.4438398153556712,0.3888888888888889,0.1413023823431545,5.495092646678229,2.571428571428571,2.5,False,83,71,71,Cincinnati,False
ATP,2nd Round,15/08/2026,Halys Q.,Deminaur A.,0.593566515539143,0.3119266055045871,0.9029044174637233,28.163991003455585,3.205882352941177,3.2,False,80,0,0,Cincinnati,False
ATP,2nd Round,15/08/2026,Darderi L.,Hijikata R.,0.6311536982239355,0.6035805626598465,0.04568261019304587,2.7573135564089024,1.6567796610169492,1.58,False,44,74,44,Cincinnati,False
ATP,2nd Round,15/08/2026,Etcheverry T.,Atmane T.,0.4450213395089019,0.3888888888888889,0.14434058730860477,5.613245062001298,2.571428571428571,2.5,False,87,39,39,Cincinnati,False
ATP,2nd Round,15/08/2026,Paul T.,Hurkacz H.,0.5807882845720226,0.5212765957446808,0.11416528060755371,5.951168882734182,1.9183673469387759,1.83,True,187,153,153,Cincinnati,False
ATP,2nd Round,15/08/2026,Fery A.,Duckworth J.,0.6038641610836147,0.5093333333333333,0.18559717490238503,9.453082775028143,1.9633507853403143,1.91,True,4,77,4,Cincinnati,False
ATP,2nd Round,15/08/2026,Berrettini M.,Lehecka J.,0.41399586774409847,0.3536585365853659,0.1706090053453817,6.0337331158732574,2.8275862068965516,2.75,False,88,134,88,Cincinnati,False
ATP,2nd Round,16/08/2026,Shapovalov D.,Jodar R.,0.33103763140298914,0.3156682027649769,0.048688554955454766,1.5369428638012217,3.1678832116788325,3.1,False,148,21,21,Cincinnati,False
ATP,2nd Round,16/08/2026,Hanfmann Y.,Fils A.,0.26185321431827546,0.246031746031746,0.06430661303557139,1.5821468286529472,4.064516129032259,4.0,False,47,88,47,Cincinnati,False
ATP,2nd Round,16/08/2026,Norrie C.,Zverev A.,0.23970156830459277,0.230188679245283,0.04132648525765714,0.9512889059309776,4.344262295081967,4.33,False,164,189,164,Cincinnati,False
ATP,2nd Round,16/08/2026,Humbert U.,Zheng M.,0.6956700895707666,0.5173333333333333,0.34472311128369837,17.83367562374333,1.9329896907216495,1.91,False,137,6,6,Cincinnati,False
ATP,2nd Round,16/08/2026,Medvedev D.,Trungelliti M.,0.868475173013632,0.8157051282051282,0.06469255002064123,5.277004480850378,1.225933202357564,1.17,True,238,5,5,Cincinnati,False
ATP,2nd Round,16/08/2026,Ruud C.,O Connell C.,0.7680954974300086,0.7408163265306121,0.03682312325262882,2.7279170899396465,1.3498622589531681,1.29,False,158,93,93,Cincinnati,False
ATP,2nd Round,16/08/2026,Cerundolo J.M.,Rinderknech A.,0.40850928047180857,0.3944020356234097,0.035768691776908,1.410724484839887,2.5354838709677416,2.45,True,19,120,19,Cincinnati,False
ATP,2nd Round,16/08/2026,Fonseca J.,Vandezandschulp B.,0.7141689178564854,0.6945701357466064,0.028217139063734464,1.9598782109878976,1.4397394136807815,1.37,True,28,0,0,Cincinnati,False
ATP,2nd Round,16/08/2026,Auger-Aliassime F.,Tsitsipas S.,0.7141010454513158,0.5616797900262467,0.27136681456519307,15.242125542506912,1.780373831775701,1.72,True,197,168,168,Cincinnati,True
ATP,2nd Round,16/08/2026,Altmaier D.,Musetti L.,0.26414266484579263,0.23282442748091606,0.13451439655078135,3.1318237364876573,4.295081967213115,4.33,False,84,147,84,Cincinnati,False
ATP,2nd Round,16/08/2026,Fritz T.,Michelsen A.,0.6413809038193424,0.6045918367346939,0.06084942741427102,3.6789067084648575,1.6540084388185654,1.58,True,207,103,103,Cincinnati,False
ATP,2nd Round,16/08/2026,Nakashima B.,Kovacevic A.,0.8137358275571087,0.7261146496815286,0.12067127128479016,8.76211778755801,1.3771929824561404,1.3,True,161,80,80,Cincinnati,False
ATP,2nd Round,16/08/2026,Cerundolo F.,Borges N.,0.5767299307459102,0.4473684210526316,0.2891610216673286,12.936150969327858,2.235294117647059,2.2,False,97,99,97,Cincinnati,True
ATP,2nd Round,16/08/2026,Rublev A.,Carrenobusta P.,0.6773479448900007,0.6682464454976303,0.0136199742680152,0.9101499392370371,1.49645390070922,1.44,True,220,0,0,Cincinnati,False
ATP,2nd Round,16/08/2026,Tien L.,Baez S.,0.7813454224519482,0.7305263157894737,0.06956505955237868,5.081910666247447,1.3688760806916427,1.3,True,67,77,67,Cincinnati,False
ATP,2nd Round,16/08/2026,Merida Aguilar D.,Bergs Z.,0.5460745883520651,0.5435356200527705,0.004671208667148985,0.2538968299294675,1.8398058252427185,1.81,True,6,72,6,Cincinnati,False
ATP,2nd Round,16/08/2026,Buse I.,Walton A.,0.6301722868524053,0.4072164948453609,0.5475116917641345,22.295579200704445,2.4556962025316453,2.38,False,3,48,3,Cincinnati,False
ATP,2nd Round,17/08/2026,Shelton B.,Faria J.,0.8316402128713787,0.8016949152542373,0.03735248539981684,2.9945297617141375,1.2473572938689217,1.19,False,145,6,6,Cincinnati,False
ATP,2nd Round,17/08/2026,Tiafoe F.,Sonego L.,0.684112368342561,0.6035805626598465,0.13342345772009057,8.053180568271445,1.6567796610169492,1.57,True,180,140,140,Cincinnati,False
ATP,3rd Round,17/08/2026,Cobolli F.,Blockx A.,0.5956658133048377,0.47340425531914887,0.2582603696776349,12.226155798568882,2.112359550561798,2.01,True,76,10,10,Cincinnati,False
ATP,3rd Round,17/08/2026,Tirante T.A.,Landaluce M.,0.6532704142009109,0.5628272251308901,0.16069441034766485,9.04431890700208,1.7767441860465114,1.73,True,14,12,12,Cincinnati,False
ATP,3rd Round,17/08/2026,Fery A.,Deminaur A.,0.5321277307776178,0.21978021978021978,1.421181175038161,31.2347510997398,4.55,4.5,False,4,0,0,Cincinnati,False
ATP,3rd Round,17/08/2026,Jodar R.,Tabilo A.,0.731104353877152,0.6729411764705883,0.0864312950971664,5.816317740656373,1.486013986013986,1.4,True,21,71,21,Cincinnati,False
ATP,3rd Round,18/08/2026,Mensik J.,Hijikata R.,0.8096916292639542,0.7484909456740443,0.08176542941985288,6.120068358990993,1.336021505376344,1.29,True,78,74,74,Cincinnati,False
ATP,3rd Round,18/08/2026,Zverev A.,Atmane T.,0.8315786573383589,0.8154093097913324,0.01982973134212096,1.616934754702648,1.2263779527559053,1.17,True,189,39,39,Cincinnati,False
ATP,3rd Round,18/08/2026,Fils A.,Lehecka J.,0.6241202252511371,0.5927835051546392,0.052863684336700745,3.1336720096497905,1.6869565217391305,1.62,True,88,134,88,Cincinnati,False
ATP,3rd Round,18/08/2026,Vallejo D.,Paul T.,0.26305586602163467,0.21978021978021978,0.19690419039843765,4.327564624141489,4.55,4.5,False,1,187,1,Cincinnati,False
ATP,3rd Round,18/08/2026,O Connell C.,Fonseca J.,0.24588402784506294,0.21978021978021978,0.11877232669503646,2.6103808064843164,4.55,4.5,True,93,28,28,Cincinnati,False
ATP,3rd Round,18/08/2026,Borges N.,Rublev A.,0.4404767534086525,0.36567164179104483,0.2045690807501923,7.4805111617607665,2.73469387755102,2.7,True,99,220,99,Cincinnati,False
ATP,3rd Round,18/08/2026,Merida Aguilar D.,Fritz T.,0.27815072910669525,0.21978021978021978,0.2655858174354635,5.837050932647547,4.55,4.5,False,6,207,6,Cincinnati,False
ATP,3rd Round,18/08/2026,Musetti L.,Zheng M.,0.7515006230647101,0.6388206388206389,0.17638751379745,11.267998424407121,1.5653846153846152,1.5,True,147,6,6,Cincinnati,False
ATP,3rd Round,18/08/2026,Medvedev D.,Nakashima B.,0.6184701326913932,0.5665796344647519,0.0915855337364222,5.189049822664127,1.7649769585253459,1.7,False,238,161,161,Cincinnati,False
ATP,3rd Round,18/08/2026,Faria J.,Walton A.,0.6016625614722505,0.5803108808290156,0.03679352110843159,2.1351680643234894,1.7232142857142856,1.67,True,6,48,6,Cincinnati,False
ATP,3rd Round,19/08/2026,Auger-Aliassime F.,Cerundolo J.M.,0.8141186423613866,0.7954939341421144,0.02341275956976041,1.8624708219272201,1.2570806100217864,1.19,True,197,19,19,Cincinnati,False
ATP,3rd Round,19/08/2026,Tiafoe F.,Tien L.,0.4643978500163341,0.46419098143236076,0.00044565403518825875,0.020686858397334085,2.1542857142857144,2.1,True,180,67,67,Cincinnati,False
ATP,4th Round,19/08/2026,Cobolli F.,Jodar R.,0.3461594875280105,0.28017241379310354,0.23552309394612947,6.598707373490697,3.569230769230768,3.5,True,76,21,21,Cincinnati,False
ATP,4th Round,19/08/2026,Mensik J.,Tirante T.A.,0.6742429287532675,0.6504854368932039,0.0365227113669635,2.3757491860063595,1.537313432835821,1.47,False,78,14,14,Cincinnati,False
ATP,4th Round,19/08/2026,Zverev A.,Paul T.,0.7352783436775017,0.703125,0.04572919989689117,3.2153343677501667,1.4222222222222223,1.37,False,189,187,187,Cincinnati,False
ATP,4th Round,19/08/2026,Fils A.,Deminaur A.,0.829539370663677,0.6091370558375634,0.3618271335062031,22.04023148261136,1.6416666666666668,1.57,True,88,0,0,Cincinnati,False
ATP,4th Round,19/08/2026,Nakashima B.,Borges N.,0.674472078318195,0.6116751269035533,0.10266389567372958,6.27969514146417,1.6348547717842323,1.6,True,161,99,99,Cincinnati,False
ATP,4th Round,20/08/2026,O Connell C.,Fritz T.,0.16250921090614368,0.13090909090909095,0.24138980553304168,3.1600119997052727,7.638888888888887,8.0,False,93,207,93,Cincinnati,False
ATP,4th Round,20/08/2026,Musetti L.,Faria J.,0.7313053876790194,0.712719298245614,0.026077713174255113,1.858608943340545,1.403076923076923,1.34,True,147,6,6,Cincinnati,False
ATP,4th Round,20/08/2026,Tiafoe F.,Auger-Aliassime F.,0.38656249243863955,0.3454106280193236,0.11913896412305469,4.115186441931595,2.895104895104896,2.75,True,180,197,180,Cincinnati,False
ATP,Quarterfinals,20/08/2026,Cobolli F.,Paul T.,0.4427004861792531,0.42077922077922075,0.05209683443834856,2.1921265400032364,2.3765432098765435,2.33,True,76,187,76,Cincinnati,False
ATP,Quarterfinals,21/08/2026,Tirante T.A.,Fils A.,0.2836507802174716,0.2650103519668737,0.0703384909768654,1.8640428250597862,3.7734374999999996,3.75,False,14,88,14,Cincinnati,False
ATP,Quarterfinals,21/08/2026,Nakashima B.,Fritz T.,0.41014416439380735,0.37749999999999995,0.08647460766571502,3.2644164393807404,2.6490066225165565,2.54,True,161,207,161,Cincinnati,False
ATP,Quarterfinals,22/08/2026,Tiafoe F.,Musetti L.,0.5033127757704469,0.5,0.006625551540893726,0.3312775770446863,2.0,1.92,True,180,147,147,Cincinnati,False
ATP,Semifinals,22/08/2026,Cobolli F.,Fils A.,0.31069367616245747,0.30180180180180183,0.02946262847859038,0.8891874360655638,3.3134328358208953,3.2,False,76,88,76,Cincinnati,False
ATP,Semifinals,23/08/2026,Tiafoe F.,Nakashima B.,0.4829993915046269,0.4787234042553191,0.008932062254109585,0.4275987249307778,2.088888888888889,2.0,True,180,161,161,Cincinnati,False
ATP,The Final,23/08/2026,Tiafoe F.,Fils A.,0.3917712245756133,0.35539215686274506,0.10236316984034644,3.637906771286825,2.813793103448276,2.75,False,180,88,88,Cincinnati,False
WTA,1st Round,13/08/2026,Sonmez Z.,Kasatkina D.,0.45891475949070937,0.43717277486910994,0.049733162427850086,2.174198462159943,2.287425149700599,2.2,True,44,160,44,Cincinnati,False
WTA,1st Round,13/08/2026,Vidmanova D.,Kalinina A.,0.531150548922193,0.4813829787234043,0.10338456571682086,4.976757019878875,2.0773480662983426,2.1,False,10,100,10,Cincinnati,False
WTA,1st Round,13/08/2026,Birrell K.,Rakhimova K.,0.581844405726665,0.5079787234042553,0.14541097671846082,7.386568232240965,1.968586387434555,2.0,False,67,72,67,Cincinnati,False
WTA,1st Round,13/08/2026,Townsend T.,Osorio M.,0.626339273062145,0.6020408163265306,0.04036014847610514,2.429845673561437,1.6610169491525424,1.6,True,65,93,65,Cincinnati,False
WTA,1st Round,13/08/2026,Marcinko P.,Waltert S.,0.579419499811066,0.5264550264550264,0.1006058840632309,5.296447335603959,1.8994974874371862,1.83,False,11,8,8,Cincinnati,False
WTA,1st Round,13/08/2026,Boisson L.,Krueger A.,0.4307934320160702,0.30269058295964124,0.42321385688272084,12.810284905642893,3.303703703703704,3.4,True,7,87,7,Cincinnati,False
WTA,1st Round,13/08/2026,Ruzic A.,Frech M.,0.47021790558047294,0.3969465648854962,0.18458741598157613,7.327134069497676,2.519230769230769,2.4,False,35,115,35,Cincinnati,False
WTA,1st Round,13/08/2026,Linette M.,Ruse E.G.,0.4751690308615436,0.41343669250646,0.1493150933963585,6.173233835508363,2.4187499999999997,2.38,False,142,65,65,Cincinnati,False
WTA,1st Round,13/08/2026,Parry D.,Dolehide C.,0.5942558815121782,0.4813829787234043,0.23447630634574024,11.287290278877393,2.0773480662983426,2.0,True,64,67,64,Cincinnati,True
WTA,1st Round,13/08/2026,Yastremska D.,Maria T.,0.5886290935989291,0.4564643799472295,0.2895400374219317,13.216471365169962,2.1907514450867054,2.1,False,104,91,91,Cincinnati,True
WTA,1st Round,13/08/2026,Bucsa C.,Udvardy P.,0.5838705553597939,0.5669291338582677,0.029882785148525493,1.6941421501526222,1.7638888888888888,1.73,True,87,17,17,Cincinnati,False
WTA,1st Round,14/08/2026,Boulter K.,Volynets K.,0.6611807331046136,0.4656084656084655,0.4200358926905907,19.557226749614802,2.147727272727273,2.1,True,81,74,74,Cincinnati,True
WTA,1st Round,14/08/2026,Kessler M.,McNally C.,0.4779206094823789,0.4514435695538058,0.05864972216736253,2.6477039928573087,2.2151162790697674,2.2,False,69,33,33,Cincinnati,False
WTA,1st Round,14/08/2026,Cocciaretto E.,Stefanini L.,0.6889746631641986,0.655421686746988,0.05119296034243548,3.3552976417210667,1.525735294117647,1.45,False,80,23,23,Cincinnati,False
WTA,1st Round,14/08/2026,Pliskova Ka.,Bejlek S.,0.6181056057012941,0.47200000000000003,0.3095457747908774,14.61056057012941,2.11864406779661,2.01,False,96,27,27,Cincinnati,False
WTA,1st Round,14/08/2026,Bondar A.,Bouzas Maneiro J.,0.5154387099693586,0.4040920716112532,0.2755476936583494,11.134663835810537,2.4746835443037973,2.38,False,65,55,55,Cincinnati,True
WTA,1st Round,14/08/2026,Snigur D.,Starodubtseva Y.,0.6675696329421174,0.6363636363636365,0.04903799462332703,3.120599657848089,1.5714285714285712,1.5,True,18,31,18,Cincinnati,False
WTA,1st Round,14/08/2026,Charaeva A.,Bartunkova N.,0.37608343481134654,0.32941176470588235,0.14168185567730207,4.667167010546419,3.0357142857142856,3.0,False,1,21,1,Cincinnati,False
WTA,1st Round,14/08/2026,Sawangkaew M.,Blinkova A.,0.5903890501700629,0.5435356200527705,0.0862012136623973,4.685343011729248,1.8398058252427185,1.8,False,13,100,13,Cincinnati,False
WTA,1st Round,14/08/2026,Korpatsch T.,Joint M.,0.440960177399409,0.32941176470588235,0.3386291099624916,11.154841269352666,3.0357142857142856,3.0,True,41,54,41,Cincinnati,True
WTA,1st Round,14/08/2026,Dart H.,Stearns P.,0.3408838130083325,0.3286384976525822,0.03726074529678303,1.2245315355750297,3.0428571428571427,3.0,False,43,87,43,Cincinnati,False
WTA,1st Round,14/08/2026,Williams V.,Arango E.,0.3358923737960732,0.2903930131004367,0.15668200901204132,4.549936069563648,3.443609022556391,3.5,False,22,38,22,Cincinnati,False
WTA,1st Round,14/08/2026,Gibson T.,Tagger L.,0.42171152397283923,0.389873417721519,0.08166267512513947,3.183810625132022,2.5649350649350646,2.5,True,25,16,16,Cincinnati,False
WTA,1st Round,14/08/2026,Parks A.,Golubic V.,0.4340054224162613,0.3844221105527638,0.12898142563184312,4.958331186349746,2.6013071895424837,2.63,False,85,80,80,Cincinnati,False
WTA,1st Round,14/08/2026,Oliynykova O.,Kalieva E.,0.5773916453348792,0.35194174757281554,0.6405886750204843,22.544989776206364,2.8413793103448275,2.75,True,6,10,6,Cincinnati,False
WTA,1st Round,14/08/2026,Timofeeva M.,Wang Xiy.,0.5534484776059241,0.324009324009324,0.708125157503176,22.94391535966001,3.086330935251799,3.25,False,12,85,12,Cincinnati,False
WTA,1st Round,14/08/2026,Wang Xin.,Vandewinkel H.,0.5763235578199084,0.5039999999999999,0.1434991226585487,7.232355781990851,1.9841269841269846,1.91,True,145,0,0,Cincinnati,False
WTA,1st Round,14/08/2026,Putintseva Y.,Samsonova L.,0.39341246604663127,0.2991071428571429,0.3152894387230656,9.430532318948837,3.3432835820895517,3.25,False,127,165,127,Cincinnati,False
WTA,1st Round,14/08/2026,Stoiana M.,Valentova T.,0.32670481527094797,0.3133640552995392,0.04257271932052498,1.3340759971408767,3.191176470588235,3.1,False,2,29,2,Cincinnati,False
WTA,1st Round,15/08/2026,Stephens S.,Kraus S.,0.5321992102294834,0.4473684210526316,0.18962176404237452,8.483078917685177,2.235294117647059,2.15,True,88,9,9,Cincinnati,False
WTA,1st Round,15/08/2026,Lys E.,Kenin S.,0.6718254341213555,0.5613577023498694,0.19678670357432182,11.046773177148616,1.7813953488372096,1.7,False,47,118,47,Cincinnati,True
WTA,1st Round,15/08/2026,Zhang S.,Day K.,0.6970662209119645,0.4708994708994709,0.48028669384675604,22.61667500124936,2.1235955056179776,2.05,True,97,14,14,Cincinnati,False
WTA,2nd Round,15/08/2026,Chwalinska M.,Bucsa C.,0.510754069419294,0.4854111405835544,0.05220920312062205,2.534292883573963,2.060109289617486,2.0,True,7,87,7,Cincinnati,False
WTA,2nd Round,15/08/2026,Anisimova A.,Sonmez Z.,0.8327749085150524,0.7806215722120659,0.06681001161061739,5.215333630298657,1.281030444964871,1.22,True,110,44,44,Cincinnati,False
WTA,2nd Round,15/08/2026,Eala A.,Ruse E.G.,0.6953631722340526,0.6798143851508122,0.022872106596848685,1.5548787083240478,1.47098976109215,1.4,True,50,65,50,Cincinnati,False
WTA,2nd Round,15/08/2026,Kalinskaya A.,McNally C.,0.6168021848916545,0.5803108808290156,0.06288233646508301,3.6491304062638896,1.7232142857142856,1.68,True,130,33,33,Cincinnati,False
WTA,2nd Round,15/08/2026,Shnaider D.,Maria T.,0.7955542595794266,0.7544554455445545,0.05447480600422683,4.109881403487215,1.3254593175853018,1.25,True,105,91,91,Cincinnati,False
WTA,2nd Round,15/08/2026,Ostapenko J.,Frech M.,0.6173725004644957,0.5173333333333333,0.19337467873291692,10.003916713116235,1.9329896907216495,1.91,False,149,115,115,Cincinnati,True
WTA,2nd Round,15/08/2026,Noskova L.,Boulter K.,0.7584347201050771,0.7524752475247526,0.007919825402799674,0.5959472580324476,1.3289473684210524,1.27,True,113,81,81,Cincinnati,False
WTA,2nd Round,15/08/2026,Cirstea S.,Bartunkova N.,0.6613516280403972,0.596401028277635,0.10890423839532115,6.4950599762762184,1.6767241379310345,1.6,True,144,21,21,Cincinnati,False
WTA,2nd Round,15/08/2026,Pegula J.,Waltert S.,0.9128443451027302,0.9006622516556291,0.013525706694943018,1.2182093447101083,1.1102941176470589,1.07,True,219,8,8,Cincinnati,False
WTA,2nd Round,15/08/2026,Sakkari M.,Rakhimova K.,0.7278803092336178,0.6225,0.16928563732308066,10.538030923361774,1.6064257028112447,1.53,True,155,72,72,Cincinnati,True
WTA,2nd Round,15/08/2026,Navarro E.,Kalinina A.,0.6612395254055112,0.6180904522613065,0.06981028907070508,4.314907314420468,1.6178861788617886,1.54,True,105,100,100,Cincinnati,False
WTA,2nd Round,16/08/2026,Parry D.,Mertens E.,0.27728013171241334,0.26556016597510373,0.044132995979556444,1.1719965737309601,3.765625,3.75,True,64,159,64,Cincinnati,False
WTA,2nd Round,16/08/2026,Tauson C.,Stearns P.,0.6076308904459207,0.5039999999999999,0.2056168461228587,10.363089044592078,1.9841269841269846,2.0,True,116,87,87,Cincinnati,True
WTA,2nd Round,16/08/2026,Bencic B.,Boisson L.,0.8167731866123006,0.7908611599297013,0.032764318183108765,2.5912026682599287,1.2644444444444443,1.2,False,122,7,7,Cincinnati,False
WTA,2nd Round,16/08/2026,Krejcikova B.,Bejlek S.,0.7094147547668326,0.6040609137055837,0.17440929990811793,10.53538410612489,1.6554621848739497,1.58,False,124,27,27,Cincinnati,False
WTA,2nd Round,16/08/2026,Oliynykova O.,Andreeva M.,0.20356611400525115,0.10882956878850104,0.8705037268029678,9.47365452167501,9.188679245283017,10.0,False,6,90,6,Cincinnati,False
WTA,2nd Round,16/08/2026,Rybakina E.,Townsend T.,0.8835780053299056,0.7360824742268042,0.20037908287116024,14.749553110310142,1.3585434173669466,1.29,True,192,65,65,Cincinnati,True
WTA,2nd Round,16/08/2026,Golubic V.,Tjen J.,0.5231805671092411,0.4760638297872341,0.098971470575836,4.711673732200699,2.1005586592178767,2.02,False,80,30,30,Cincinnati,False
WTA,2nd Round,16/08/2026,Vekic D.,Wang Xin.,0.5406906452809734,0.4488188976377953,0.20469670088918623,9.187174764317813,2.2280701754385963,2.13,False,103,145,103,Cincinnati,False
WTA,2nd Round,16/08/2026,Keys M.,Snigur D.,0.7185549983313294,0.6894977168949772,0.042142679699080476,2.9057281436352222,1.4503311258278144,1.4,True,126,18,18,Cincinnati,False
WTA,2nd Round,16/08/2026,Arango E.,Swiatek I.,0.08123753324083882,0.05454545454545455,0.4893547760820449,2.669207869538427,18.333333333333332,23.0,False,38,198,38,Cincinnati,False
WTA,2nd Round,16/08/2026,Stefanini L.,Bouzkova M.,0.2242903092414107,0.21778584392014522,0.029866336600143928,0.6504465321265473,4.591666666666666,4.5,False,23,140,23,Cincinnati,False
WTA,2nd Round,16/08/2026,Zhang S.,Li A.,0.5607002286142855,0.41085271317829464,0.3647231979479777,14.984751543599085,2.433962264150943,2.5,False,97,97,97,Cincinnati,True
WTA,2nd Round,16/08/2026,Sabalenka A.,Gibson T.,0.9428389846164481,0.8518024032042724,0.10687523429109658,9.103658141217574,1.1739811912225706,1.13,True,214,25,25,Cincinnati,False
WTA,2nd Round,16/08/2026,Kostyuk M.,Kenin S.,0.8975635871762195,0.8723404255319148,0.028914356031276123,2.5223161644304715,1.1463414634146343,1.09,True,151,118,118,Cincinnati,False
WTA,2nd Round,16/08/2026,Siniakova K.,Bouzas Maneiro J.,0.6445345809821286,0.49468085106382986,0.3029301206950554,14.98537299182987,2.0215053763440856,2.0,True,122,55,55,Cincinnati,True
WTA,2nd Round,16/08/2026,Alexandrova E.,Blinkova A.,0.735579877541596,0.7149028077753781,0.028922910277217273,2.067706976621797,1.3987915407854983,1.36,True,161,100,100,Cincinnati,False
WTA,2nd Round,16/08/2026,Wang Xiy.,Fernandez L.,0.5113609112498408,0.422279792746114,0.21095283277569665,8.908111850372686,2.3680981595092025,2.3,True,85,1,1,Cincinnati,False
WTA,2nd Round,16/08/2026,Korpatsch T.,Jovic I.,0.26294614493972734,0.12313003452243958,1.1355158874076925,13.981611041728776,8.121495327102805,8.5,False,41,45,41,Cincinnati,True
WTA,2nd Round,16/08/2026,Potapova A.,Stephens S.,0.8133692572671367,0.6521739130434782,0.2471661944762764,16.119534422365856,1.5333333333333337,1.45,False,133,88,88,Cincinnati,True
WTA,2nd Round,17/08/2026,Gauff C.,Samsonova L.,0.7931319709807474,0.7413441955193483,0.0698565872295247,5.178777546139912,1.348901098901099,1.29,True,193,165,165,Cincinnati,False
WTA,2nd Round,17/08/2026,Svitolina E.,Valentova T.,0.7886597603959946,0.7573385518590998,0.04135694460556394,3.1321208536894796,1.3204134366925064,1.26,True,112,29,29,Cincinnati,False
WTA,3rd Round,17/08/2026,Boisson L.,Parry D.,0.5366013857294545,0.519893899204244,0.03213633887757328,1.670748652521048,1.9234693877551021,1.91,False,7,64,7,Cincinnati,False
WTA,3rd Round,17/08/2026,Sakkari M.,Swiatek I.,0.21653755223722915,0.15205479452054796,0.4240757939925879,6.4482757716681185,6.576576576576576,6.5,False,155,198,155,Cincinnati,False
WTA,3rd Round,17/08/2026,Rybakina E.,Frech M.,0.935962692221048,0.8364688856729378,0.11894501786287925,9.949380654811025,1.1955017301038062,1.13,True,192,115,115,Cincinnati,False
WTA,3rd Round,17/08/2026,Cirstea S.,Kalinskaya A.,0.526304449387839,0.5173333333333333,0.017341074847627036,0.8971116054505734,1.9329896907216495,1.83,True,144,130,130,Cincinnati,False
WTA,3rd Round,17/08/2026,Chwalinska M.,Shnaider D.,0.2930292264500304,0.2535211267605634,0.15583750433067545,3.9508099689467002,3.9444444444444446,3.8,False,7,105,7,Cincinnati,False
WTA,3rd Round,17/08/2026,Tauson C.,Noskova L.,0.30878885675870693,0.2997762863534676,0.03006432068016407,0.901257040523934,3.335820895522388,3.3,False,116,113,113,Cincinnati,False
WTA,3rd Round,18/08/2026,Pegula J.,Navarro E.,0.8107830683196681,0.7863554757630161,0.03106431290880174,2.4427592556651945,1.271689497716895,1.22,True,219,105,105,Cincinnati,False
WTA,3rd Round,18/08/2026,Anisimova A.,Eala A.,0.6101113736075848,0.5278514588859416,0.15583913492492196,8.225991472164317,1.894472361809045,1.83,True,110,50,50,Cincinnati,False
WTA,3rd Round,18/08/2026,Siniakova K.,Keys M.,0.34081756625601567,0.2421875,0.40724672518612914,9.863006625601567,4.129032258064516,4.0,False,122,126,122,Cincinnati,False
WTA,3rd Round,18/08/2026,Tjen J.,Andreeva M.,0.18891582268665597,0.15954415954415954,0.18409738862529013,2.9371663142496423,6.267857142857143,6.5,False,30,90,30,Cincinnati,False
WTA,3rd Round,18/08/2026,Svitolina E.,Wang Xiy.,0.8880779156188087,0.7333333333333333,0.2110153394801937,15.474458228547538,1.3636363636363638,1.3,False,112,85,85,Cincinnati,True
WTA,3rd Round,18/08/2026,Gauff C.,Li A.,0.8775093556030364,0.8390804597701149,0.04579882106115307,3.842889583292153,1.1917808219178083,1.13,True,193,97,97,Cincinnati,False
WTA,3rd Round,18/08/2026,Kostyuk M.,Stephens S.,0.9167778826251133,0.8460471567267684,0.0836013989716502,7.073072589834483,1.181967213114754,1.14,True,151,88,88,Cincinnati,False
WTA,3rd Round,18/08/2026,Alexandrova E.,Bejlek S.,0.6181659388025549,0.48806366047745364,0.2665682550465389,13.010227832510123,2.0489130434782608,2.0,False,161,27,27,Cincinnati,False
WTA,3rd Round,19/08/2026,Sabalenka A.,Wang Xin.,0.9416980729403849,0.8831877729257641,0.06624899235277204,5.851030001462076,1.1322620519159456,1.08,True,214,145,145,Cincinnati,False
WTA,3rd Round,19/08/2026,Bouzkova M.,Jovic I.,0.4384188754664417,0.3765586034912718,0.16427794080823266,6.186027197516991,2.6556291390728477,2.63,True,140,45,45,Cincinnati,False
WTA,4th Round,19/08/2026,Parry D.,Swiatek I.,0.11114035142028811,0.07612712490761271,0.45993102399660013,3.5013226512675395,13.135922330097088,20.0,False,64,198,64,Cincinnati,False
WTA,4th Round,19/08/2026,Cirstea S.,Pegula J.,0.2956787189622446,0.2633744855967078,0.12265513605977274,3.2304233365536836,3.7968750000000004,3.75,False,144,219,144,Cincinnati,False
WTA,4th Round,19/08/2026,Kostyuk M.,Andreeva M.,0.560641410284513,0.4450261780104712,0.2597942278157881,11.56152322740418,2.2470588235294118,2.2,True,151,90,90,Cincinnati,True
WTA,4th Round,19/08/2026,Anisimova A.,Noskova L.,0.5453934630706605,0.49202127659574474,0.10847536278145031,5.337218647491576,2.032432432432432,1.95,True,110,113,110,Cincinnati,False
WTA,4th Round,19/08/2026,Rybakina E.,Shnaider D.,0.8491004425952717,0.6909090909090908,0.2289611669142093,15.819135168618093,1.4473684210526319,1.4,True,192,105,105,Cincinnati,True
WTA,4th Round,19/08/2026,Gauff C.,Bouzkova M.,0.7815316520934913,0.7573385518590998,0.03194489462473915,2.4193100234391474,1.3204134366925064,1.26,True,193,140,140,Cincinnati,False
WTA,4th Round,20/08/2026,Keys M.,Wang Xiy.,0.8339374229533303,0.7549407114624506,0.10463962307430674,7.899671149087972,1.324607329842932,1.25,True,126,85,85,Cincinnati,False
WTA,4th Round,20/08/2026,Sabalenka A.,Bejlek S.,0.9559223140651695,0.86007702182285,0.11143803381607009,9.584529224231952,1.1626865671641788,1.1,False,214,27,27,Cincinnati,False
WTA,Quarterfinals,20/08/2026,Pegula J.,Anisimova A.,0.5849073527738178,0.5473684210526316,0.06858074064447472,3.7538931721186164,1.8269230769230769,1.73,True,219,110,110,Cincinnati,False
WTA,Quarterfinals,21/08/2026,Rybakina E.,Swiatek I.,0.6671785781208848,0.4160206718346253,0.6037149672843627,25.115790628625945,2.4037267080745344,2.31,False,192,198,192,Cincinnati,True
WTA,Quarterfinals,21/08/2026,Keys M.,Bejlek S.,0.7177721261988669,0.6456310679611651,0.11173727817268087,7.214105823770178,1.5488721804511276,1.5,False,126,27,27,Cincinnati,False
WTA,Quarterfinals,22/08/2026,Kostyuk M.,Gauff C.,0.4445685227737204,0.4360313315926892,0.019579306720568512,0.853719118103119,2.293413173652695,2.25,False,151,193,151,Cincinnati,False
WTA,Semifinals,22/08/2026,Pegula J.,Swiatek I.,0.500153450538725,0.31870669745958424,0.5693220585744054,18.14467530791407,3.1376811594202905,3.2,True,219,198,198,Cincinnati,True
WTA,Semifinals,23/08/2026,Gauff C.,Bejlek S.,0.8349210566680044,0.7676190476190476,0.08767631451787183,6.730200904895678,1.3027295285359801,1.24,True,193,27,27,Cincinnati,False
WTA,The Final,24/08/2026,Pegula J.,Gauff C.,0.4865951703348176,0.41282051282051285,0.17870879770545867,7.377465751430473,2.422360248447205,2.38,False,219,193,193,Cincinnati,False
