match_key,source,tour,tournament,year,round_label,round_num,date,player_a,player_b,favorite,favorite_prob,winner,favorite_won,logged_at,market_prob_a,status_detail,ended_by_retirement
ATP|Cincinnati Open|2026|R1|Andaluce M.::Draper J.,live_espn,ATP,Cincinnati Open,2026,Round 1,1,2026-08-13 15:10:00+00:00,Andaluce M.,Draper J.,Draper J.,0.8349,Andaluce M.,False,2026-08-20 17:59:11.238222+00:00,,STATUS_FINAL,False
ATP|Cincinnati Open|2026|R1|Baez S.::Dimitrov G.,live_espn,ATP,Cincinnati Open,2026,Round 1,1,2026-08-14 16:35:00+00:00,Baez S.,Dimitrov G.,Dimitrov G.,0.7279,Baez S.,False,2026-08-19 17:00:40.585296+00:00,,,
ATP|Cincinnati Open|2026|R1|Borges N.::Kokkinakis T.,live_espn,ATP,Cincinnati Open,2026,Round 1,1,2026-08-14 19:05:00+00:00,Borges N.,Kokkinakis T.,Kokkinakis T.,0.5666,Borges N.,False,2026-08-19 17:00:40.593296+00:00,,,
ATP|Cincinnati Open|2026|R1|Burruchaga R.::Struff J.L.,live_espn,ATP,Cincinnati Open,2026,Round 1,1,2026-08-13 19:30:00+00:00,Burruchaga R.,Struff J.L.,Burruchaga R.,0.5946,Struff J.L.,False,2026-08-19 17:00:40.574296+00:00,,,
ATP|Cincinnati Open|2026|R1|Berrettini M.::Droguet T.,live_espn,ATP,Cincinnati Open,2026,Round 1,1,2026-08-14 16:45:00+00:00,Droguet T.,Berrettini M.,Berrettini M.,0.6091,Berrettini M.,True,2026-08-19 17:00:40.587295+00:00,,,
ATP|Cincinnati Open|2026|R1|Brooksby J.::Faria J.,live_espn,ATP,Cincinnati Open,2026,Round 1,1,2026-08-14 23:15:00+00:00,Faria J.,Brooksby J.,Brooksby J.,0.567,Faria J.,False,2026-08-19 17:00:40.599295+00:00,,,
ATP|Cincinnati Open|2026|R1|Atmane T.::Fucsovics M.,live_espn,ATP,Cincinnati Open,2026,Round 1,1,2026-08-13 22:55:00+00:00,Fucsovics M.,Atmane T.,Atmane T.,0.5547,Atmane T.,True,2026-08-19 17:00:40.579295+00:00,,,
ATP|Cincinnati Open|2026|R1|Hanfmann Y.::Van Assche L.,live_espn,ATP,Cincinnati Open,2026,Round 1,1,2026-08-14 16:40:00+00:00,Hanfmann Y.,Van Assche L.,Hanfmann Y.,0.6202,Hanfmann Y.,True,2026-08-19 17:00:40.586296+00:00,,,
ATP|Cincinnati Open|2026|R1|Hanfmann Y.::Vanassche L.,live_espn,ATP,Cincinnati Open,2026,Round 1,1,2026-08-14 16:40:00+00:00,Hanfmann Y.,Vanassche L.,Hanfmann Y.,0.6076,Hanfmann Y.,True,2026-08-20 17:59:11.245221+00:00,,STATUS_FINAL,False
ATP|Cincinnati Open|2026|R1|Hijikata R.::Monfils G.,live_espn,ATP,Cincinnati Open,2026,Round 1,1,2026-08-13 23:10:00+00:00,Hijikata R.,Monfils G.,Monfils G.,0.6173,Hijikata R.,False,2026-08-19 17:00:40.579295+00:00,,,
ATP|Cincinnati Open|2026|R1|Jacquet K.::Vallejo D.,live_espn,ATP,Cincinnati Open,2026,Round 1,1,2026-08-14 15:05:00+00:00,Jacquet K.,Vallejo D.,Vallejo D.,0.5878,Vallejo D.,True,2026-08-19 17:00:40.581295+00:00,,,
ATP|Cincinnati Open|2026|R1|Halys Q.::Kopriva V.,live_espn,ATP,Cincinnati Open,2026,Round 1,1,2026-08-14 15:15:00+00:00,Kopriva V.,Halys Q.,Halys Q.,0.5228,Halys Q.,True,2026-08-19 17:00:40.585296+00:00,,,
ATP|Cincinnati Open|2026|R1|Khachanov K.::Kovacevic A.,live_espn,ATP,Cincinnati Open,2026,Round 1,1,2026-08-15 01:20:00+00:00,Kovacevic A.,Khachanov K.,Khachanov K.,0.6476,Kovacevic A.,False,2026-08-19 17:00:40.600295+00:00,,,
ATP|Cincinnati Open|2026|R1|Cerundolo J.M.::Lajal M.,live_espn,ATP,Cincinnati Open,2026,Round 1,1,2026-08-14 18:45:00+00:00,Lajal M.,Cerundolo J.M.,Cerundolo J.M.,0.6637,Cerundolo J.M.,True,2026-08-19 17:00:40.592295+00:00,,,
ATP|Cincinnati Open|2026|R1|Draper J.::Landaluce M.,live_espn,ATP,Cincinnati Open,2026,Round 1,1,2026-08-13 15:10:00+00:00,Landaluce M.,Draper J.,Draper J.,0.8079,Landaluce M.,False,2026-08-19 17:00:40.572295+00:00,,,
ATP|Cincinnati Open|2026|R1|Carreno Busta P.::Machac T.,live_espn,ATP,Cincinnati Open,2026,Round 1,1,2026-08-14 17:20:00+00:00,Machac T.,Carreno Busta P.,Machac T.,0.6942,Carreno Busta P.,False,2026-08-19 17:00:40.588296+00:00,,,
ATP|Cincinnati Open|2026|R1|Carrenobusta P.::Machac T.,live_espn,ATP,Cincinnati Open,2026,Round 1,1,2026-08-14 17:20:00+00:00,Machac T.,Carrenobusta P.,Machac T.,0.7423,Carrenobusta P.,False,2026-08-20 17:59:11.246222+00:00,,STATUS_FINAL,False
ATP|Cincinnati Open|2026|R1|Marozsan F.::Zheng M.,live_espn,ATP,Cincinnati Open,2026,Round 1,1,2026-08-14 20:50:00+00:00,Marozsan F.,Zheng M.,Marozsan F.,0.5659,Zheng M.,False,2026-08-19 17:00:40.597296+00:00,,,
ATP|Cincinnati Open|2026|R1|Medjedovic H.::Trungelliti M.,live_espn,ATP,Cincinnati Open,2026,Round 1,1,2026-08-14 20:50:00+00:00,Medjedovic H.,Trungelliti M.,Medjedovic H.,0.5537,Trungelliti M.,False,2026-08-19 17:00:40.596295+00:00,,,
ATP|Cincinnati Open|2026|R1|Cilic M.::Merida Aguilar D.,live_espn,ATP,Cincinnati Open,2026,Round 1,1,2026-08-14 22:20:00+00:00,Merida Aguilar D.,Cilic M.,Cilic M.,0.5052,Merida Aguilar D.,False,2026-08-19 17:00:40.598295+00:00,,,
ATP|Cincinnati Open|2026|R1|De Jong J.::Michelsen A.,live_espn,ATP,Cincinnati Open,2026,Round 1,1,2026-08-14 18:40:00+00:00,Michelsen A.,De Jong J.,Michelsen A.,0.7235,Michelsen A.,True,2026-08-19 17:00:40.591295+00:00,,,
ATP|Cincinnati Open|2026|R1|Collignon R.::Navone M.,live_espn,ATP,Cincinnati Open,2026,Round 1,1,2026-08-13 20:55:00+00:00,Navone M.,Collignon R.,Collignon R.,0.7062,Navone M.,False,2026-08-19 17:00:40.578296+00:00,,,
ATP|Cincinnati Open|2026|R1|Norrie C.::Prizmic D.,live_espn,ATP,Cincinnati Open,2026,Round 1,1,2026-08-13 17:40:00+00:00,Norrie C.,Prizmic D.,Norrie C.,0.6551,Norrie C.,True,2026-08-19 17:00:40.573295+00:00,,,
ATP|Cincinnati Open|2026|R1|Majchrzak K.::O Connell C.,live_espn,ATP,Cincinnati Open,2026,Round 1,1,2026-08-14 18:35:00+00:00,O Connell C.,Majchrzak K.,Majchrzak K.,0.6837,O Connell C.,False,2026-08-19 17:00:40.589295+00:00,,,
ATP|Cincinnati Open|2026|R1|Royer V.::Tsitsipas S.,live_espn,ATP,Cincinnati Open,2026,Round 1,1,2026-08-14 15:15:00+00:00,Royer V.,Tsitsipas S.,Tsitsipas S.,0.7279,Tsitsipas S.,True,2026-08-19 17:00:40.583296+00:00,,,
ATP|Cincinnati Open|2026|R1|Shang J.::Sonego L.,live_espn,ATP,Cincinnati Open,2026,Round 1,1,2026-08-14 20:30:00+00:00,Shang J.,Sonego L.,Sonego L.,0.6337,Sonego L.,True,2026-08-19 17:00:40.596295+00:00,,,
ATP|Cincinnati Open|2026|R1|Mannarino A.::Shapovalov D.,live_espn,ATP,Cincinnati Open,2026,Round 1,1,2026-08-13 20:00:00+00:00,Shapovalov D.,Mannarino A.,Shapovalov D.,0.6795,Shapovalov D.,True,2026-08-19 17:00:40.576295+00:00,,,
ATP|Cincinnati Open|2026|R1|Hurkacz H.::Shimabukuro S.,live_espn,ATP,Cincinnati Open,2026,Round 1,1,2026-08-14 15:15:00+00:00,Shimabukuro S.,Hurkacz H.,Hurkacz H.,0.6384,Hurkacz H.,True,2026-08-19 17:00:40.584295+00:00,,,
ATP|Cincinnati Open|2026|R1|Bellucci M.::Svajda Z.,live_espn,ATP,Cincinnati Open,2026,Round 1,1,2026-08-14 02:40:00+00:00,Svajda Z.,Bellucci M.,Bellucci M.,0.5121,Bellucci M.,True,2026-08-19 17:00:40.580295+00:00,,,
ATP|Cincinnati Open|2026|R1|Choinski J.::Tirante T.A.,live_espn,ATP,Cincinnati Open,2026,Round 1,1,2026-08-13 19:35:00+00:00,Tirante T.A.,Choinski J.,Tirante T.A.,0.6363,Tirante T.A.,True,2026-08-19 17:00:40.575295+00:00,,,
ATP|Cincinnati Open|2026|R1|Kecmanovic M.::Ugo Carabelli C.,live_espn,ATP,Cincinnati Open,2026,Round 1,1,2026-08-13 20:25:00+00:00,Ugo Carabelli C.,Kecmanovic M.,Kecmanovic M.,0.5618,Kecmanovic M.,True,2026-08-19 17:00:40.577295+00:00,,,
ATP|Cincinnati Open|2026|R1|Kecmanovic M.::Ugocarabelli C.,live_espn,ATP,Cincinnati Open,2026,Round 1,1,2026-08-13 20:25:00+00:00,Ugocarabelli C.,Kecmanovic M.,Kecmanovic M.,0.5331,Kecmanovic M.,True,2026-08-20 17:59:11.241221+00:00,,STATUS_FINAL,False
ATP|Cincinnati Open|2026|R1|Shevchenko A.::Van De Zandschulp B.,live_espn,ATP,Cincinnati Open,2026,Round 1,1,2026-08-14 18:40:00+00:00,Van De Zandschulp B.,Shevchenko A.,Van De Zandschulp B.,0.5389,Van De Zandschulp B.,True,2026-08-19 17:00:40.590295+00:00,,,
ATP|Cincinnati Open|2026|R1|Shevchenko A.::Vandezandschulp B.,live_espn,ATP,Cincinnati Open,2026,Round 1,1,2026-08-14 18:40:00+00:00,Vandezandschulp B.,Shevchenko A.,Shevchenko A.,0.5422,Vandezandschulp B.,False,2026-08-20 17:59:11.248220+00:00,,STATUS_FINAL,False
ATP|Cincinnati Open|2026|R1|Mejia N.::Walton A.,live_espn,ATP,Cincinnati Open,2026,Round 1,1,2026-08-14 20:30:00+00:00,Walton A.,Mejia N.,Walton A.,0.5778,Walton A.,True,2026-08-19 17:00:40.594295+00:00,,,
ATP|Cincinnati Open|2026|R1|Duckworth J.::Wolf J.J.,live_espn,ATP,Cincinnati Open,2026,Round 1,1,2026-08-14 18:20:00+00:00,Wolf J.J.,Duckworth J.,Duckworth J.,0.5888,Duckworth J.,True,2026-08-19 17:00:40.589295+00:00,,,
ATP|Cincinnati Open|2026|R1|Altmaier D.::Wong C.,live_espn,ATP,Cincinnati Open,2026,Round 1,1,2026-08-14 15:05:00+00:00,Wong C.,Altmaier D.,Wong C.,0.5972,Altmaier D.,False,2026-08-19 17:00:40.582296+00:00,,,
ATP|Cincinnati Open|2026|R2|Altmaier D.::Musetti L.,live_espn,ATP,Cincinnati Open,2026,Round 2,2,2026-08-16 17:35:00+00:00,Altmaier D.,Musetti L.,Musetti L.,0.7726,Musetti L.,True,2026-08-19 17:00:40.620141+00:00,,,
ATP|Cincinnati Open|2026|R2|Andaluce M.::Arnaldi M.,live_espn,ATP,Cincinnati Open,2026,Round 2,2,2026-08-15 15:05:00+00:00,Andaluce M.,Arnaldi M.,Arnaldi M.,0.5095,Andaluce M.,False,2026-08-20 17:59:11.252220+00:00,,STATUS_FINAL,False
ATP|Cincinnati Open|2026|R2|Atmane T.::Etcheverry T.,live_espn,ATP,Cincinnati Open,2026,Round 2,2,2026-08-15 21:00:00+00:00,Atmane T.,Etcheverry T.,Etcheverry T.,0.5458,Atmane T.,False,2026-08-19 17:00:40.608295+00:00,,,
ATP|Cincinnati Open|2026|R2|Bellucci M.::Mensik J.,live_espn,ATP,Cincinnati Open,2026,Round 2,2,2026-08-15 18:20:00+00:00,Bellucci M.,Mensik J.,Mensik J.,0.82,Mensik J.,True,2026-08-19 17:00:40.605295+00:00,,,
ATP|Cincinnati Open|2026|R2|Blockx A.::Navone M.,live_espn,ATP,Cincinnati Open,2026,Round 2,2,2026-08-15 15:10:00+00:00,Blockx A.,Navone M.,Blockx A.,0.6327,Blockx A.,True,2026-08-19 17:00:40.602295+00:00,,,
ATP|Cincinnati Open|2026|R2|Borges N.::Cerundolo F.,live_espn,ATP,Cincinnati Open,2026,Round 2,2,2026-08-16 19:15:00+00:00,Borges N.,Cerundolo F.,Cerundolo F.,0.6528,Borges N.,False,2026-08-19 17:00:40.623140+00:00,,,
ATP|Cincinnati Open|2026|R2|Darderi L.::Hijikata R.,live_espn,ATP,Cincinnati Open,2026,Round 2,2,2026-08-15 20:30:00+00:00,Darderi L.,Hijikata R.,Darderi L.,0.5016,Hijikata R.,False,2026-08-19 17:00:40.607295+00:00,,,
ATP|Cincinnati Open|2026|R2|Djokovic N.::Tirante T.A.,live_espn,ATP,Cincinnati Open,2026,Round 2,2,2026-08-15 18:10:00+00:00,Djokovic N.,Tirante T.A.,Djokovic N.,0.8819,Tirante T.A.,False,2026-08-19 17:00:40.604296+00:00,,,
ATP|Cincinnati Open|2026|R2|Duckworth J.::Fery A.,live_espn,ATP,Cincinnati Open,2026,Round 2,2,2026-08-15 21:30:00+00:00,Fery A.,Duckworth J.,Fery A.,0.624,Fery A.,True,2026-08-19 17:00:40.610295+00:00,,,
ATP|Cincinnati Open|2026|R2|Fonseca J.::Van De Zandschulp B.,live_espn,ATP,Cincinnati Open,2026,Round 2,2,2026-08-16 16:55:00+00:00,Fonseca J.,Van De Zandschulp B.,Fonseca J.,0.569,Fonseca J.,True,2026-08-19 17:00:40.618140+00:00,,,
ATP|Cincinnati Open|2026|R2|Fonseca J.::Vandezandschulp B.,live_espn,ATP,Cincinnati Open,2026,Round 2,2,2026-08-16 16:55:00+00:00,Fonseca J.,Vandezandschulp B.,Fonseca J.,0.7142,Fonseca J.,True,2026-08-20 17:59:11.259220+00:00,,STATUS_FINAL,False
ATP|Cincinnati Open|2026|R2|Fritz T.::Michelsen A.,live_espn,ATP,Cincinnati Open,2026,Round 2,2,2026-08-16 18:25:00+00:00,Fritz T.,Michelsen A.,Fritz T.,0.6398,Fritz T.,True,2026-08-19 17:00:40.621140+00:00,,,
ATP|Cincinnati Open|2026|R2|De Minaur A.::Halys Q.,live_espn,ATP,Cincinnati Open,2026,Round 2,2,2026-08-15 19:55:00+00:00,Halys Q.,De Minaur A.,De Minaur A.,0.788,De Minaur A.,True,2026-08-19 17:00:40.606295+00:00,,,
ATP|Cincinnati Open|2026|R2|Deminaur A.::Halys Q.,live_espn,ATP,Cincinnati Open,2026,Round 2,2,2026-08-15 19:55:00+00:00,Halys Q.,Deminaur A.,Halys Q.,0.5051,Deminaur A.,False,2026-08-20 17:59:11.254221+00:00,,STATUS_FINAL,False
ATP|Cincinnati Open|2026|R2|Fils A.::Hanfmann Y.,live_espn,ATP,Cincinnati Open,2026,Round 2,2,2026-08-16 00:10:00+00:00,Hanfmann Y.,Fils A.,Fils A.,0.7231,Fils A.,True,2026-08-19 17:00:40.614132+00:00,,,
ATP|Cincinnati Open|2026|R2|Humbert U.::Zheng M.,live_espn,ATP,Cincinnati Open,2026,Round 2,2,2026-08-16 15:05:00+00:00,Humbert U.,Zheng M.,Humbert U.,0.7079,Zheng M.,False,2026-08-19 17:00:40.615142+00:00,,,
ATP|Cincinnati Open|2026|R2|Jodar R.::Shapovalov D.,live_espn,ATP,Cincinnati Open,2026,Round 2,2,2026-08-15 23:05:00+00:00,Jodar R.,Shapovalov D.,Shapovalov D.,0.5077,Jodar R.,False,2026-08-19 17:00:40.612297+00:00,,,
ATP|Cincinnati Open|2026|R2|Cobolli F.::Kecmanovic M.,live_espn,ATP,Cincinnati Open,2026,Round 2,2,2026-08-15 15:10:00+00:00,Kecmanovic M.,Cobolli F.,Cobolli F.,0.584,Cobolli F.,True,2026-08-19 17:00:40.601296+00:00,,,
ATP|Cincinnati Open|2026|R2|Arnaldi M.::Landaluce M.,live_espn,ATP,Cincinnati Open,2026,Round 2,2,2026-08-15 15:05:00+00:00,Landaluce M.,Arnaldi M.,Landaluce M.,0.5434,Landaluce M.,True,2026-08-19 17:00:40.601296+00:00,,,
ATP|Cincinnati Open|2026|R2|Berrettini M.::Lehecka J.,live_espn,ATP,Cincinnati Open,2026,Round 2,2,2026-08-15 22:30:00+00:00,Lehecka J.,Berrettini M.,Lehecka J.,0.6107,Lehecka J.,True,2026-08-19 17:00:40.611296+00:00,,,
ATP|Cincinnati Open|2026|R2|Bergs Z.::Merida Aguilar D.,live_espn,ATP,Cincinnati Open,2026,Round 2,2,2026-08-16 20:50:00+00:00,Merida Aguilar D.,Bergs Z.,Bergs Z.,0.5219,Merida Aguilar D.,False,2026-08-19 17:00:40.625142+00:00,,,
ATP|Cincinnati Open|2026|R2|Kovacevic A.::Nakashima B.,live_espn,ATP,Cincinnati Open,2026,Round 2,2,2026-08-16 18:55:00+00:00,Nakashima B.,Kovacevic A.,Nakashima B.,0.7279,Nakashima B.,True,2026-08-19 17:00:40.622140+00:00,,,
ATP|Cincinnati Open|2026|R2|O Connell C.::Ruud C.,live_espn,ATP,Cincinnati Open,2026,Round 2,2,2026-08-16 15:05:00+00:00,O Connell C.,Ruud C.,Ruud C.,0.7348,O Connell C.,False,2026-08-19 17:00:40.616141+00:00,,,
ATP|Cincinnati Open|2026|R2|Hurkacz H.::Paul T.,live_espn,ATP,Cincinnati Open,2026,Round 2,2,2026-08-15 21:20:00+00:00,Paul T.,Hurkacz H.,Paul T.,0.6915,Paul T.,True,2026-08-19 17:00:40.609295+00:00,,,
ATP|Cincinnati Open|2026|R2|Cerundolo J.M.::Rinderknech A.,live_espn,ATP,Cincinnati Open,2026,Round 2,2,2026-08-16 16:50:00+00:00,Rinderknech A.,Cerundolo J.M.,Rinderknech A.,0.5888,Cerundolo J.M.,False,2026-08-19 17:00:40.618140+00:00,,,
ATP|Cincinnati Open|2026|R2|Carreno Busta P.::Rublev A.,live_espn,ATP,Cincinnati Open,2026,Round 2,2,2026-08-16 19:25:00+00:00,Rublev A.,Carreno Busta P.,Rublev A.,0.6379,Rublev A.,True,2026-08-19 17:00:40.624140+00:00,,,
ATP|Cincinnati Open|2026|R2|Carrenobusta P.::Rublev A.,live_espn,ATP,Cincinnati Open,2026,Round 2,2,2026-08-16 19:25:00+00:00,Rublev A.,Carrenobusta P.,Rublev A.,0.6682,Rublev A.,True,2026-08-20 17:59:11.262223+00:00,,STATUS_FINAL,False
ATP|Cincinnati Open|2026|R2|Faria J.::Shelton B.,live_espn,ATP,Cincinnati Open,2026,Round 2,2,2026-08-16 23:05:00+00:00,Shelton B.,Faria J.,Shelton B.,0.7767,Faria J.,False,2026-08-19 17:00:40.627142+00:00,,,
ATP|Cincinnati Open|2026|R2|Sonego L.::Tiafoe F.,live_espn,ATP,Cincinnati Open,2026,Round 2,2,2026-08-17 02:00:00+00:00,Sonego L.,Tiafoe F.,Tiafoe F.,0.67,Tiafoe F.,True,2026-08-19 17:00:40.628141+00:00,,,
ATP|Cincinnati Open|2026|R2|Struff J.L.::Tabilo A.,live_espn,ATP,Cincinnati Open,2026,Round 2,2,2026-08-15 19:20:00+00:00,Struff J.L.,Tabilo A.,Tabilo A.,0.6761,Tabilo A.,True,2026-08-19 17:00:40.605295+00:00,,,
ATP|Cincinnati Open|2026|R2|Baez S.::Tien L.,live_espn,ATP,Cincinnati Open,2026,Round 2,2,2026-08-16 20:35:00+00:00,Tien L.,Baez S.,Tien L.,0.7409,Tien L.,True,2026-08-19 17:00:40.624140+00:00,,,
ATP|Cincinnati Open|2026|R2|Medvedev D.::Trungelliti M.,live_espn,ATP,Cincinnati Open,2026,Round 2,2,2026-08-16 15:10:00+00:00,Trungelliti M.,Medvedev D.,Medvedev D.,0.8587,Medvedev D.,True,2026-08-19 17:00:40.617140+00:00,,,
ATP|Cincinnati Open|2026|R2|Auger-Aliassime F.::Tsitsipas S.,live_espn,ATP,Cincinnati Open,2026,Round 2,2,2026-08-16 17:20:00+00:00,Tsitsipas S.,Auger-Aliassime F.,Auger-Aliassime F.,0.729,Auger-Aliassime F.,True,2026-08-19 17:00:40.619142+00:00,,,
ATP|Cincinnati Open|2026|R2|Vacherot V.::Vallejo D.,live_espn,ATP,Cincinnati Open,2026,Round 2,2,2026-08-15 17:45:00+00:00,Vallejo D.,Vacherot V.,Vacherot V.,0.6794,Vallejo D.,False,2026-08-19 17:00:40.603297+00:00,,,
ATP|Cincinnati Open|2026|R2|Buse I.::Walton A.,live_espn,ATP,Cincinnati Open,2026,Round 2,2,2026-08-16 22:40:00+00:00,Walton A.,Buse I.,Buse I.,0.6467,Walton A.,False,2026-08-19 17:00:40.626142+00:00,,,
ATP|Cincinnati Open|2026|R2|Norrie C.::Zverev A.,live_espn,ATP,Cincinnati Open,2026,Round 2,2,2026-08-16 03:35:00+00:00,Zverev A.,Norrie C.,Zverev A.,0.7624,Zverev A.,True,2026-08-19 17:00:40.614236+00:00,,,
ATP|Cincinnati Open|2026|R3|Blockx A.::Cobolli F.,live_espn,ATP,Cincinnati Open,2026,Round 3,3,2026-08-17 15:10:00+00:00,Blockx A.,Cobolli F.,Cobolli F.,0.5788,Cobolli F.,True,2026-08-19 17:00:40.630140+00:00,,,
ATP|Cincinnati Open|2026|R3|Auger-Aliassime F.::Cerundolo J.M.,live_espn,ATP,Cincinnati Open,2026,Round 3,3,2026-08-18 23:10:00+00:00,Cerundolo J.M.,Auger-Aliassime F.,Auger-Aliassime F.,0.8147,Auger-Aliassime F.,True,2026-08-19 17:00:40.640140+00:00,0.201,,
ATP|Cincinnati Open|2026|R3|Faria J.::Walton A.,live_espn,ATP,Cincinnati Open,2026,Round 3,3,2026-08-18 21:10:00+00:00,Faria J.,Walton A.,Faria J.,0.5932,Faria J.,True,2026-08-19 17:00:40.640140+00:00,0.581,,
ATP|Cincinnati Open|2026|R3|De Minaur A.::Fery A.,live_espn,ATP,Cincinnati Open,2026,Round 3,3,2026-08-17 18:00:00+00:00,Fery A.,De Minaur A.,De Minaur A.,0.7792,De Minaur A.,True,2026-08-19 17:00:40.631141+00:00,,,
ATP|Cincinnati Open|2026|R3|Deminaur A.::Fery A.,live_espn,ATP,Cincinnati Open,2026,Round 3,3,2026-08-17 18:00:00+00:00,Fery A.,Deminaur A.,Fery A.,0.5321,Deminaur A.,False,2026-08-20 17:59:11.265221+00:00,,STATUS_FINAL,False
ATP|Cincinnati Open|2026|R3|Fonseca J.::O Connell C.,live_espn,ATP,Cincinnati Open,2026,Round 3,3,2026-08-18 15:00:00+00:00,Fonseca J.,O Connell C.,Fonseca J.,0.705,O Connell C.,False,2026-08-19 17:00:40.636141+00:00,,,
ATP|Cincinnati Open|2026|R3|Fritz T.::Merida Aguilar D.,live_espn,ATP,Cincinnati Open,2026,Round 3,3,2026-08-18 16:45:00+00:00,Fritz T.,Merida Aguilar D.,Fritz T.,0.7575,Fritz T.,True,2026-08-19 17:00:40.637141+00:00,,,
ATP|Cincinnati Open|2026|R3|Hijikata R.::Mensik J.,live_espn,ATP,Cincinnati Open,2026,Round 3,3,2026-08-17 23:10:00+00:00,Hijikata R.,Mensik J.,Mensik J.,0.7638,Mensik J.,True,2026-08-19 17:00:40.632141+00:00,,,
ATP|Cincinnati Open|2026|R3|Jodar R.::Tabilo A.,live_espn,ATP,Cincinnati Open,2026,Round 3,3,2026-08-17 22:05:00+00:00,Jodar R.,Tabilo A.,Jodar R.,0.5497,Jodar R.,True,2026-08-19 17:00:40.632141+00:00,,,
ATP|Cincinnati Open|2026|R3|Fils A.::Lehecka J.,live_espn,ATP,Cincinnati Open,2026,Round 3,3,2026-08-18 01:05:00+00:00,Lehecka J.,Fils A.,Fils A.,0.5427,Fils A.,True,2026-08-19 17:00:40.634140+00:00,,,
ATP|Cincinnati Open|2026|R3|Medvedev D.::Nakashima B.,live_espn,ATP,Cincinnati Open,2026,Round 3,3,2026-08-18 18:50:00+00:00,Nakashima B.,Medvedev D.,Medvedev D.,0.6955,Nakashima B.,False,2026-08-19 17:00:40.639141+00:00,0.186,,
ATP|Cincinnati Open|2026|R3|Paul T.::Vallejo D.,live_espn,ATP,Cincinnati Open,2026,Round 3,3,2026-08-18 02:40:00+00:00,Paul T.,Vallejo D.,Paul T.,0.7306,Paul T.,True,2026-08-19 17:00:40.635144+00:00,,,
ATP|Cincinnati Open|2026|R3|Borges N.::Rublev A.,live_espn,ATP,Cincinnati Open,2026,Round 3,3,2026-08-18 15:10:00+00:00,Rublev A.,Borges N.,Rublev A.,0.6356,Borges N.,False,2026-08-19 17:00:40.636141+00:00,,,
ATP|Cincinnati Open|2026|R3|Tiafoe F.::Tien L.,live_espn,ATP,Cincinnati Open,2026,Round 3,3,2026-08-19 00:20:00+00:00,Tien L.,Tiafoe F.,Tien L.,0.517,Tiafoe F.,False,2026-08-19 17:00:40.641141+00:00,0.535,,
ATP|Cincinnati Open|2026|R3|Landaluce M.::Tirante T.A.,live_espn,ATP,Cincinnati Open,2026,Round 3,3,2026-08-17 15:10:00+00:00,Tirante T.A.,Landaluce M.,Tirante T.A.,0.5143,Tirante T.A.,True,2026-08-19 17:00:40.629141+00:00,,,
ATP|Cincinnati Open|2026|R3|Andaluce M.::Tirante T.A.,live_espn,ATP,Cincinnati Open,2026,Round 3,3,2026-08-17 15:10:00+00:00,Tirante T.A.,Andaluce M.,Tirante T.A.,0.6196,Tirante T.A.,True,2026-08-20 17:59:11.264221+00:00,,STATUS_FINAL,False
ATP|Cincinnati Open|2026|R3|Musetti L.::Zheng M.,live_espn,ATP,Cincinnati Open,2026,Round 3,3,2026-08-18 16:50:00+00:00,Zheng M.,Musetti L.,Musetti L.,0.7406,Musetti L.,True,2026-08-19 17:00:40.638141+00:00,,,
ATP|Cincinnati Open|2026|R3|Atmane T.::Zverev A.,live_espn,ATP,Cincinnati Open,2026,Round 3,3,2026-08-17 23:50:00+00:00,Zverev A.,Atmane T.,Zverev A.,0.8304,Zverev A.,True,2026-08-19 17:00:40.633141+00:00,,,
ATP|Cincinnati Open|2026|R4|Borges N.::Nakashima B.,live_espn,ATP,Cincinnati Open,2026,Round 4,4,2026-08-19 22:35:00+00:00,Borges N.,Nakashima B.,Nakashima B.,0.6768,Nakashima B.,True,2026-08-20 17:59:11.272222+00:00,,STATUS_FINAL,False
ATP|Cincinnati Open|2026|R4|Faria J.::Musetti L.,live_espn,ATP,Cincinnati Open,2026,Round 4,4,2026-08-20 01:15:00+00:00,Faria J.,Musetti L.,Musetti L.,0.7258,Musetti L.,True,2026-08-20 17:59:11.274221+00:00,,STATUS_FINAL,False
ATP|Cincinnati Open|2026|R4|Deminaur A.::Fils A.,live_espn,ATP,Cincinnati Open,2026,Round 4,4,2026-08-19 19:20:00+00:00,Fils A.,Deminaur A.,Fils A.,0.7885,Fils A.,True,2026-08-20 17:59:11.271222+00:00,0.615,STATUS_FINAL,False
ATP|Cincinnati Open|2026|R4|Fritz T.::O Connell C.,live_espn,ATP,Cincinnati Open,2026,Round 4,4,2026-08-20 00:35:00+00:00,Fritz T.,O Connell C.,Fritz T.,0.8188,Fritz T.,True,2026-08-20 17:59:11.273222+00:00,0.863,STATUS_FINAL,False
ATP|Cincinnati Open|2026|R4|Cobolli F.::Jodar R.,live_espn,ATP,Cincinnati Open,2026,Round 4,4,2026-08-19 15:10:00+00:00,Jodar R.,Cobolli F.,Jodar R.,0.6331,Cobolli F.,False,2026-08-19 21:54:03.227110+00:00,0.725,,
ATP|Cincinnati Open|2026|R4|Auger-Aliassime F.::Tiafoe F.,live_espn,ATP,Cincinnati Open,2026,Round 4,4,2026-08-20 01:20:00+00:00,Tiafoe F.,Auger-Aliassime F.,Auger-Aliassime F.,0.6156,Tiafoe F.,False,2026-08-20 17:59:11.275221+00:00,,STATUS_FINAL,False
ATP|Cincinnati Open|2026|R4|Mensik J.::Tirante T.A.,live_espn,ATP,Cincinnati Open,2026,Round 4,4,2026-08-19 17:05:00+00:00,Tirante T.A.,Mensik J.,Mensik J.,0.6977,Tirante T.A.,False,2026-08-19 21:54:03.228109+00:00,0.336,,
ATP|Cincinnati Open|2026|R4|Paul T.::Zverev A.,live_espn,ATP,Cincinnati Open,2026,Round 4,4,2026-08-19 18:00:00+00:00,Zverev A.,Paul T.,Zverev A.,0.7018,Paul T.,False,2026-08-20 17:59:11.271222+00:00,0.687,STATUS_FINAL,False
ATP|Cincinnati Open|2026|R5|Fritz T.::Nakashima B.,live_espn,ATP,Cincinnati Open,2026,Quarterfinal,5,2026-08-21 20:05:00+00:00,Fritz T.,Nakashima B.,Fritz T.,0.6625,Nakashima B.,False,2026-08-24 18:09:24.958209+00:00,,STATUS_FINAL,False
ATP|Cincinnati Open|2026|R5|Musetti L.::Tiafoe F.,live_espn,ATP,Cincinnati Open,2026,Quarterfinal,5,2026-08-21 23:05:00+00:00,Musetti L.,Tiafoe F.,Musetti L.,0.5323,Tiafoe F.,False,2026-08-24 18:09:24.959166+00:00,,STATUS_FINAL,False
ATP|Cincinnati Open|2026|R5|Cobolli F.::Paul T.,live_espn,ATP,Cincinnati Open,2026,Quarterfinal,5,2026-08-20 19:45:00+00:00,Paul T.,Cobolli F.,Paul T.,0.645,Cobolli F.,False,2026-08-24 18:09:24.956574+00:00,,STATUS_FINAL,False
ATP|Cincinnati Open|2026|R5|Fils A.::Tirante T.A.,live_espn,ATP,Cincinnati Open,2026,Quarterfinal,5,2026-08-21 00:40:00+00:00,Tirante T.A.,Fils A.,Fils A.,0.7547,Fils A.,True,2026-08-24 18:09:24.957654+00:00,,STATUS_FINAL,False
ATP|Cincinnati Open|2026|R6|Cobolli F.::Fils A.,live_espn,ATP,Cincinnati Open,2026,Semifinal,6,2026-08-22 18:15:00+00:00,Cobolli F.,Fils A.,Fils A.,0.6998,Fils A.,True,2026-08-24 18:09:24.960165+00:00,,STATUS_FINAL,False
ATP|Cincinnati Open|2026|R6|Nakashima B.::Tiafoe F.,live_espn,ATP,Cincinnati Open,2026,Semifinal,6,2026-08-22 23:10:00+00:00,Nakashima B.,Tiafoe F.,Tiafoe F.,0.5561,Tiafoe F.,True,2026-08-24 18:09:24.961168+00:00,,STATUS_FINAL,False
ATP|Cincinnati Open|2026|R7|Fils A.::Tiafoe F.,live_espn,ATP,Cincinnati Open,2026,Final,7,2026-08-23 20:40:00+00:00,Fils A.,Tiafoe F.,Fils A.,0.5782,Fils A.,True,2026-08-24 18:09:24.961680+00:00,,STATUS_FINAL,False
ATP|Montreal Open|2026|R1|Altmaier D.::Vukic A.,kaggle_concluded,ATP,Montreal Open,2026,Round 1,1,2026-08-04 00:00:00+00:00,Altmaier D.,Vukic A.,Altmaier D.,0.5183,Altmaier D.,True,2026-08-19 17:00:38.653077+00:00,,,
ATP|Montreal Open|2026|R1|Baez S.::Bellucci M.,kaggle_concluded,ATP,Montreal Open,2026,Round 1,1,2026-08-04 00:00:00+00:00,Bellucci M.,Baez S.,Baez S.,0.57,Baez S.,True,2026-08-19 17:00:38.654075+00:00,,,
ATP|Montreal Open|2026|R1|Bonzi B.::Hanfmann Y.,kaggle_concluded,ATP,Montreal Open,2026,Round 1,1,2026-08-03 00:00:00+00:00,Bonzi B.,Hanfmann Y.,Hanfmann Y.,0.59,Hanfmann Y.,True,2026-08-19 17:00:38.645074+00:00,,,
ATP|Montreal Open|2026|R1|Borges N.::Kovacevic A.,kaggle_concluded,ATP,Montreal Open,2026,Round 1,1,2026-08-03 00:00:00+00:00,Borges N.,Kovacevic A.,Borges N.,0.6019,Borges N.,True,2026-08-19 17:00:38.646076+00:00,,,
ATP|Montreal Open|2026|R1|Burruchaga R.::Popyrin A.,kaggle_concluded,ATP,Montreal Open,2026,Round 1,1,2026-08-04 00:00:00+00:00,Burruchaga R.,Popyrin A.,Burruchaga R.,0.6163,Popyrin A.,False,2026-08-19 17:00:38.655075+00:00,,,
ATP|Montreal Open|2026|R1|Carrenobusta P.::Royer V.,kaggle_concluded,ATP,Montreal Open,2026,Round 1,1,2026-08-04 00:00:00+00:00,Carrenobusta P.,Royer V.,Carrenobusta P.,0.5913,Royer V.,False,2026-08-19 17:00:38.657074+00:00,,,
ATP|Montreal Open|2026|R1|Cerundolo J.M.::Medjedovic H.,kaggle_concluded,ATP,Montreal Open,2026,Round 1,1,2026-08-04 00:00:00+00:00,Cerundolo J.M.,Medjedovic H.,Cerundolo J.M.,0.5321,Cerundolo J.M.,True,2026-08-19 17:00:38.657074+00:00,,,
ATP|Montreal Open|2026|R1|Cilic M.::Shimabukuro S.,kaggle_concluded,ATP,Montreal Open,2026,Round 1,1,2026-08-04 00:00:00+00:00,Cilic M.,Shimabukuro S.,Cilic M.,0.6688,Cilic M.,True,2026-08-19 17:00:38.658076+00:00,,,
ATP|Montreal Open|2026|R1|Damm M.::Tsitsipas S.,kaggle_concluded,ATP,Montreal Open,2026,Round 1,1,2026-08-04 00:00:00+00:00,Damm M.,Tsitsipas S.,Tsitsipas S.,0.6349,Tsitsipas S.,True,2026-08-19 17:00:38.659075+00:00,,,
ATP|Montreal Open|2026|R1|Atmane T.::Draper J.,kaggle_concluded,ATP,Montreal Open,2026,Round 1,1,2026-08-04 00:00:00+00:00,Draper J.,Atmane T.,Draper J.,0.7823,Atmane T.,False,2026-08-19 17:00:38.660075+00:00,,,
ATP|Montreal Open|2026|R1|Duckworth J.::O Connell C.,kaggle_concluded,ATP,Montreal Open,2026,Round 1,1,2026-08-03 00:00:00+00:00,Duckworth J.,O Connell C.,O Connell C.,0.5153,Duckworth J.,False,2026-08-19 17:00:38.648077+00:00,,,
ATP|Montreal Open|2026|R1|Fearnley J.::Mannarino A.,kaggle_concluded,ATP,Montreal Open,2026,Round 1,1,2026-08-04 00:00:00+00:00,Fearnley J.,Mannarino A.,Mannarino A.,0.6704,Fearnley J.,False,2026-08-19 17:00:38.662075+00:00,,,
ATP|Montreal Open|2026|R1|Galarneau A.::Kopriva V.,kaggle_concluded,ATP,Montreal Open,2026,Round 1,1,2026-08-03 00:00:00+00:00,Galarneau A.,Kopriva V.,Kopriva V.,0.6657,Kopriva V.,True,2026-08-19 17:00:38.649077+00:00,,,
ATP|Montreal Open|2026|R1|Giron M.::Hurkacz H.,kaggle_concluded,ATP,Montreal Open,2026,Round 1,1,2026-08-04 00:00:00+00:00,Hurkacz H.,Giron M.,Hurkacz H.,0.5503,Hurkacz H.,True,2026-08-19 17:00:38.663075+00:00,,,
ATP|Montreal Open|2026|R1|Diallo G.::Jacquet K.,kaggle_concluded,ATP,Montreal Open,2026,Round 1,1,2026-08-04 00:00:00+00:00,Jacquet K.,Diallo G.,Diallo G.,0.5719,Diallo G.,True,2026-08-19 17:00:38.664075+00:00,,,
ATP|Montreal Open|2026|R1|Marozsan F.::Mochizuki S.,kaggle_concluded,ATP,Montreal Open,2026,Round 1,1,2026-08-04 00:00:00+00:00,Marozsan F.,Mochizuki S.,Marozsan F.,0.6709,Marozsan F.,True,2026-08-19 17:00:38.665075+00:00,,,
ATP|Montreal Open|2026|R1|Andaluce M.::Mejia N.,kaggle_concluded,ATP,Montreal Open,2026,Round 1,1,2026-08-03 00:00:00+00:00,Mejia N.,Andaluce M.,Andaluce M.,0.5762,Mejia N.,False,2026-08-19 17:00:38.650077+00:00,,,
ATP|Montreal Open|2026|R1|Landaluce M.::Mejia N.,kaggle_concluded,ATP,Montreal Open,2026,Round 1,1,2026-08-03 00:00:00+00:00,Mejia N.,Landaluce M.,Landaluce M.,0.6834,Mejia N.,False,2026-08-24 18:09:22.884787+00:00,,,
ATP|Montreal Open|2026|R1|Draxl L.::Merida Aguilar D.,kaggle_concluded,ATP,Montreal Open,2026,Round 1,1,2026-08-04 00:00:00+00:00,Merida Aguilar D.,Draxl L.,Merida Aguilar D.,0.7043,Merida Aguilar D.,True,2026-08-19 17:00:38.666077+00:00,,,
ATP|Montreal Open|2026|R1|Majchrzak K.::Monfils G.,kaggle_concluded,ATP,Montreal Open,2026,Round 1,1,2026-08-04 00:00:00+00:00,Monfils G.,Majchrzak K.,Majchrzak K.,0.5945,Monfils G.,False,2026-08-19 17:00:38.668075+00:00,,,
ATP|Montreal Open|2026|R1|Fucsovics M.::Moutet C.,kaggle_concluded,ATP,Montreal Open,2026,Round 1,1,2026-08-04 00:00:00+00:00,Moutet C.,Fucsovics M.,Moutet C.,0.5614,Moutet C.,True,2026-08-19 17:00:38.669076+00:00,,,
ATP|Montreal Open|2026|R1|Hijikata R.::Munar J.,kaggle_concluded,ATP,Montreal Open,2026,Round 1,1,2026-08-02 00:00:00+00:00,Munar J.,Hijikata R.,Munar J.,0.6016,Munar J.,True,2026-08-19 17:00:38.643076+00:00,,,
ATP|Montreal Open|2026|R1|Berrettini M.::Navone M.,kaggle_concluded,ATP,Montreal Open,2026,Round 1,1,2026-08-03 00:00:00+00:00,Navone M.,Berrettini M.,Berrettini M.,0.7408,Navone M.,False,2026-08-19 17:00:38.651075+00:00,,,
ATP|Montreal Open|2026|R1|Griekspoor T.::Sonego L.,kaggle_concluded,ATP,Montreal Open,2026,Round 1,1,2026-08-04 00:00:00+00:00,Sonego L.,Griekspoor T.,Griekspoor T.,0.5997,Griekspoor T.,True,2026-08-19 17:00:38.670074+00:00,,,
ATP|Montreal Open|2026|R1|Michelsen A.::Struff J.L.,kaggle_concluded,ATP,Montreal Open,2026,Round 1,1,2026-08-04 00:00:00+00:00,Struff J.L.,Michelsen A.,Michelsen A.,0.7364,Michelsen A.,True,2026-08-19 17:00:38.672075+00:00,,,
ATP|Montreal Open|2026|R1|Chan D.::Tirante T.A.,kaggle_concluded,ATP,Montreal Open,2026,Round 1,1,2026-08-04 00:00:00+00:00,Tirante T.A.,Chan D.,Tirante T.A.,0.547,Tirante T.A.,True,2026-08-19 17:00:38.673075+00:00,,,
ATP|Montreal Open|2026|R1|Norrie C.::Ugocarabelli C.,kaggle_concluded,ATP,Montreal Open,2026,Round 1,1,2026-08-04 00:00:00+00:00,Ugocarabelli C.,Norrie C.,Norrie C.,0.6724,Norrie C.,True,2026-08-19 17:00:38.675075+00:00,,,
ATP|Montreal Open|2026|R1|Shang J.::Vallejo D.,kaggle_concluded,ATP,Montreal Open,2026,Round 1,1,2026-08-02 00:00:00+00:00,Vallejo D.,Shang J.,Vallejo D.,0.5909,Shang J.,False,2026-08-19 17:00:38.644075+00:00,,,
ATP|Montreal Open|2026|R1|Droguet T.::Vanassche L.,kaggle_concluded,ATP,Montreal Open,2026,Round 1,1,2026-08-03 00:00:00+00:00,Vanassche L.,Droguet T.,Droguet T.,0.5525,Droguet T.,True,2026-08-19 17:00:38.652076+00:00,,,
ATP|Montreal Open|2026|R1|Mpetshiperricard G.::Vandezandschulp B.,kaggle_concluded,ATP,Montreal Open,2026,Round 1,1,2026-08-04 00:00:00+00:00,Vandezandschulp B.,Mpetshiperricard G.,Vandezandschulp B.,0.5,Vandezandschulp B.,True,2026-08-19 17:00:38.677075+00:00,,,
ATP|Montreal Open|2026|R1|Brooksby J.::Walton A.,kaggle_concluded,ATP,Montreal Open,2026,Round 1,1,2026-08-04 00:00:00+00:00,Walton A.,Brooksby J.,Brooksby J.,0.6563,Brooksby J.,True,2026-08-19 17:00:38.678077+00:00,,,
ATP|Montreal Open|2026|R1|Kecmanovic M.::Zheng M.,kaggle_concluded,ATP,Montreal Open,2026,Round 1,1,2026-08-04 00:00:00+00:00,Zheng M.,Kecmanovic M.,Kecmanovic M.,0.5663,Kecmanovic M.,True,2026-08-19 17:00:38.679077+00:00,,,
ATP|Montreal Open|2026|R2|Altmaier D.::Nakashima B.,kaggle_concluded,ATP,Montreal Open,2026,Round 2,2,2026-08-04 00:00:00+00:00,Altmaier D.,Nakashima B.,Nakashima B.,0.7179,Nakashima B.,True,2026-08-19 17:00:38.679077+00:00,,,
ATP|Montreal Open|2026|R2|Baez S.::Bergs Z.,kaggle_concluded,ATP,Montreal Open,2026,Round 2,2,2026-08-05 00:00:00+00:00,Baez S.,Bergs Z.,Bergs Z.,0.589,Bergs Z.,True,2026-08-19 17:00:38.681075+00:00,,,
ATP|Montreal Open|2026|R2|Borges N.::Etcheverry T.,kaggle_concluded,ATP,Montreal Open,2026,Round 2,2,2026-08-05 00:00:00+00:00,Borges N.,Etcheverry T.,Etcheverry T.,0.5498,Borges N.,False,2026-08-19 17:00:38.682074+00:00,,,
ATP|Montreal Open|2026|R2|Buse I.::Norrie C.,kaggle_concluded,ATP,Montreal Open,2026,Round 2,2,2026-08-05 00:00:00+00:00,Buse I.,Norrie C.,Norrie C.,0.5837,Norrie C.,True,2026-08-19 17:00:38.683077+00:00,,,
ATP|Montreal Open|2026|R2|Cerundolo J.M.::Ruud C.,kaggle_concluded,ATP,Montreal Open,2026,Round 2,2,2026-08-05 00:00:00+00:00,Cerundolo J.M.,Ruud C.,Ruud C.,0.6565,Ruud C.,True,2026-08-19 17:00:38.683077+00:00,,,
ATP|Montreal Open|2026|R2|Collignon R.::Popyrin A.,kaggle_concluded,ATP,Montreal Open,2026,Round 2,2,2026-08-05 00:00:00+00:00,Collignon R.,Popyrin A.,Collignon R.,0.663,Popyrin A.,False,2026-08-19 17:00:38.684074+00:00,,,
ATP|Montreal Open|2026|R2|Droguet T.::Faria J.,kaggle_concluded,ATP,Montreal Open,2026,Round 2,2,2026-08-06 00:00:00+00:00,Droguet T.,Faria J.,Faria J.,0.509,Droguet T.,False,2026-08-19 17:00:38.695110+00:00,,,
ATP|Montreal Open|2026|R2|Deminaur A.::Duckworth J.,kaggle_concluded,ATP,Montreal Open,2026,Round 2,2,2026-08-05 00:00:00+00:00,Duckworth J.,Deminaur A.,Deminaur A.,0.5766,Deminaur A.,True,2026-08-19 17:00:38.684074+00:00,,,
ATP|Montreal Open|2026|R2|Fils A.::Svajda Z.,kaggle_concluded,ATP,Montreal Open,2026,Round 2,2,2026-08-05 00:00:00+00:00,Fils A.,Svajda Z.,Fils A.,0.8272,Fils A.,True,2026-08-19 17:00:38.685076+00:00,,,
ATP|Montreal Open|2026|R2|Fonseca J.::Tsitsipas S.,kaggle_concluded,ATP,Montreal Open,2026,Round 2,2,2026-08-05 00:00:00+00:00,Fonseca J.,Tsitsipas S.,Fonseca J.,0.5238,Fonseca J.,True,2026-08-19 17:00:38.686077+00:00,,,
ATP|Montreal Open|2026|R2|Fritz T.::Tirante T.A.,kaggle_concluded,ATP,Montreal Open,2026,Round 2,2,2026-08-05 00:00:00+00:00,Fritz T.,Tirante T.A.,Fritz T.,0.7873,Tirante T.A.,False,2026-08-19 17:00:38.686077+00:00,,,
ATP|Montreal Open|2026|R2|Cobolli F.::Hanfmann Y.,kaggle_concluded,ATP,Montreal Open,2026,Round 2,2,2026-08-05 00:00:00+00:00,Hanfmann Y.,Cobolli F.,Cobolli F.,0.5653,Hanfmann Y.,False,2026-08-19 17:00:38.687074+00:00,,,
ATP|Montreal Open|2026|R2|Hurkacz H.::Tabilo A.,kaggle_concluded,ATP,Montreal Open,2026,Round 2,2,2026-08-05 00:00:00+00:00,Hurkacz H.,Tabilo A.,Tabilo A.,0.6448,Hurkacz H.,False,2026-08-19 17:00:38.687074+00:00,,,
ATP|Montreal Open|2026|R2|Jodar R.::Moutet C.,kaggle_concluded,ATP,Montreal Open,2026,Round 2,2,2026-08-05 00:00:00+00:00,Jodar R.,Moutet C.,Jodar R.,0.6182,Jodar R.,True,2026-08-19 17:00:38.688074+00:00,,,
ATP|Montreal Open|2026|R2|Atmane T.::Khachanov K.,kaggle_concluded,ATP,Montreal Open,2026,Round 2,2,2026-08-05 00:00:00+00:00,Khachanov K.,Atmane T.,Khachanov K.,0.5641,Atmane T.,False,2026-08-19 17:00:38.689074+00:00,,,
ATP|Montreal Open|2026|R2|Kopriva V.::Lehecka J.,kaggle_concluded,ATP,Montreal Open,2026,Round 2,2,2026-08-04 00:00:00+00:00,Lehecka J.,Kopriva V.,Lehecka J.,0.7513,Lehecka J.,True,2026-08-19 17:00:38.680075+00:00,,,
ATP|Montreal Open|2026|R2|Arnaldi M.::Marozsan F.,kaggle_concluded,ATP,Montreal Open,2026,Round 2,2,2026-08-05 00:00:00+00:00,Marozsan F.,Arnaldi M.,Marozsan F.,0.6145,Arnaldi M.,False,2026-08-19 17:00:38.689074+00:00,,,
ATP|Montreal Open|2026|R2|Medvedev D.::Vandezandschulp B.,kaggle_concluded,ATP,Montreal Open,2026,Round 2,2,2026-08-06 00:00:00+00:00,Medvedev D.,Vandezandschulp B.,Medvedev D.,0.8388,Vandezandschulp B.,False,2026-08-19 17:00:38.695110+00:00,,,
ATP|Montreal Open|2026|R2|Mejia N.::Musetti L.,kaggle_concluded,ATP,Montreal Open,2026,Round 2,2,2026-08-05 00:00:00+00:00,Mejia N.,Musetti L.,Musetti L.,0.8052,Musetti L.,True,2026-08-19 17:00:38.689074+00:00,,,
ATP|Montreal Open|2026|R2|Fearnley J.::Mensik J.,kaggle_concluded,ATP,Montreal Open,2026,Round 2,2,2026-08-05 00:00:00+00:00,Mensik J.,Fearnley J.,Mensik J.,0.8507,Mensik J.,True,2026-08-19 17:00:38.690075+00:00,,,
ATP|Montreal Open|2026|R2|Humbert U.::Merida Aguilar D.,kaggle_concluded,ATP,Montreal Open,2026,Round 2,2,2026-08-05 00:00:00+00:00,Merida Aguilar D.,Humbert U.,Humbert U.,0.6433,Merida Aguilar D.,False,2026-08-19 17:00:38.690075+00:00,,,
ATP|Montreal Open|2026|R2|Cerundolo F.::Michelsen A.,kaggle_concluded,ATP,Montreal Open,2026,Round 2,2,2026-08-05 00:00:00+00:00,Michelsen A.,Cerundolo F.,Cerundolo F.,0.5083,Michelsen A.,False,2026-08-19 17:00:38.691074+00:00,,,
ATP|Montreal Open|2026|R2|Kecmanovic M.::Rinderknech A.,kaggle_concluded,ATP,Montreal Open,2026,Round 2,2,2026-08-05 00:00:00+00:00,Rinderknech A.,Kecmanovic M.,Rinderknech A.,0.588,Rinderknech A.,True,2026-08-19 17:00:38.691074+00:00,,,
ATP|Montreal Open|2026|R2|Paul T.::Royer V.,kaggle_concluded,ATP,Montreal Open,2026,Round 2,2,2026-08-06 00:00:00+00:00,Royer V.,Paul T.,Paul T.,0.8074,Paul T.,True,2026-08-19 17:00:38.696110+00:00,,,
ATP|Montreal Open|2026|R2|Rublev A.::Shang J.,kaggle_concluded,ATP,Montreal Open,2026,Round 2,2,2026-08-04 00:00:00+00:00,Rublev A.,Shang J.,Rublev A.,0.6316,Shang J.,False,2026-08-19 17:00:38.681075+00:00,,,
ATP|Montreal Open|2026|R2|Brooksby J.::Shelton B.,kaggle_concluded,ATP,Montreal Open,2026,Round 2,2,2026-08-05 00:00:00+00:00,Shelton B.,Brooksby J.,Shelton B.,0.7265,Shelton B.,True,2026-08-19 17:00:38.692076+00:00,,,
ATP|Montreal Open|2026|R2|Cilic M.::Tiafoe F.,kaggle_concluded,ATP,Montreal Open,2026,Round 2,2,2026-08-05 00:00:00+00:00,Tiafoe F.,Cilic M.,Tiafoe F.,0.6473,Tiafoe F.,True,2026-08-19 17:00:38.692076+00:00,,,
ATP|Montreal Open|2026|R2|Monfils G.::Tien L.,kaggle_concluded,ATP,Montreal Open,2026,Round 2,2,2026-08-06 00:00:00+00:00,Tien L.,Monfils G.,Tien L.,0.6174,Tien L.,True,2026-08-19 17:00:38.696110+00:00,,,
ATP|Montreal Open|2026|R2|Navone M.::Vacherot V.,kaggle_concluded,ATP,Montreal Open,2026,Round 2,2,2026-08-05 00:00:00+00:00,Vacherot V.,Navone M.,Vacherot V.,0.7707,Navone M.,False,2026-08-19 17:00:38.693074+00:00,,,
ATP|Montreal Open|2026|R2|Griekspoor T.::Zverev A.,kaggle_concluded,ATP,Montreal Open,2026,Round 2,2,2026-08-05 00:00:00+00:00,Zverev A.,Griekspoor T.,Zverev A.,0.7772,Griekspoor T.,False,2026-08-19 17:00:38.694258+00:00,,,
ATP|Montreal Open|2026|R3|Bergs Z.::Shelton B.,kaggle_concluded,ATP,Montreal Open,2026,Round 3,3,2026-08-07 00:00:00+00:00,Bergs Z.,Shelton B.,Shelton B.,0.7383,Shelton B.,True,2026-08-19 17:00:38.698110+00:00,,,
ATP|Montreal Open|2026|R3|Blockx A.::Lehecka J.,kaggle_concluded,ATP,Montreal Open,2026,Round 3,3,2026-08-06 00:00:00+00:00,Blockx A.,Lehecka J.,Lehecka J.,0.7224,Lehecka J.,True,2026-08-19 17:00:38.697111+00:00,,,
ATP|Montreal Open|2026|R3|Borges N.::Hanfmann Y.,kaggle_concluded,ATP,Montreal Open,2026,Round 3,3,2026-08-06 00:00:00+00:00,Borges N.,Hanfmann Y.,Hanfmann Y.,0.5214,Borges N.,False,2026-08-19 17:00:38.697111+00:00,,,
ATP|Montreal Open|2026|R3|Deminaur A.::Norrie C.,kaggle_concluded,ATP,Montreal Open,2026,Round 3,3,2026-08-06 00:00:00+00:00,Deminaur A.,Norrie C.,Norrie C.,0.6724,Norrie C.,True,2026-08-19 17:00:38.697111+00:00,,,
ATP|Montreal Open|2026|R3|Droguet T.::Nakashima B.,kaggle_concluded,ATP,Montreal Open,2026,Round 3,3,2026-08-07 00:00:00+00:00,Droguet T.,Nakashima B.,Nakashima B.,0.6484,Nakashima B.,True,2026-08-19 17:00:38.698110+00:00,,,
ATP|Montreal Open|2026|R3|Fils A.::Navone M.,kaggle_concluded,ATP,Montreal Open,2026,Round 3,3,2026-08-06 00:00:00+00:00,Fils A.,Navone M.,Fils A.,0.8466,Fils A.,True,2026-08-19 17:00:38.698110+00:00,,,
ATP|Montreal Open|2026|R3|Arnaldi M.::Griekspoor T.,kaggle_concluded,ATP,Montreal Open,2026,Round 3,3,2026-08-07 00:00:00+00:00,Griekspoor T.,Arnaldi M.,Griekspoor T.,0.6843,Griekspoor T.,True,2026-08-19 17:00:38.698110+00:00,,,
ATP|Montreal Open|2026|R3|Jodar R.::Musetti L.,kaggle_concluded,ATP,Montreal Open,2026,Round 3,3,2026-08-07 00:00:00+00:00,Jodar R.,Musetti L.,Musetti L.,0.5752,Jodar R.,False,2026-08-19 17:00:38.699110+00:00,,,
ATP|Montreal Open|2026|R3|Atmane T.::Mensik J.,kaggle_concluded,ATP,Montreal Open,2026,Round 3,3,2026-08-07 00:00:00+00:00,Mensik J.,Atmane T.,Mensik J.,0.726,Mensik J.,True,2026-08-19 17:00:38.699110+00:00,,,
ATP|Montreal Open|2026|R3|Merida Aguilar D.::Michelsen A.,kaggle_concluded,ATP,Montreal Open,2026,Round 3,3,2026-08-07 00:00:00+00:00,Michelsen A.,Merida Aguilar D.,Michelsen A.,0.6376,Merida Aguilar D.,False,2026-08-19 17:00:38.699110+00:00,,,
ATP|Montreal Open|2026|R3|Paul T.::Tien L.,kaggle_concluded,ATP,Montreal Open,2026,Round 3,3,2026-08-08 00:00:00+00:00,Paul T.,Tien L.,Tien L.,0.5023,Tien L.,True,2026-08-19 17:00:38.699110+00:00,,,
ATP|Montreal Open|2026|R3|Fonseca J.::Ruud C.,kaggle_concluded,ATP,Montreal Open,2026,Round 3,3,2026-08-08 00:00:00+00:00,Ruud C.,Fonseca J.,Ruud C.,0.5496,Fonseca J.,False,2026-08-19 17:00:38.700109+00:00,,,
ATP|Montreal Open|2026|R3|Darderi L.::Shang J.,kaggle_concluded,ATP,Montreal Open,2026,Round 3,3,2026-08-06 00:00:00+00:00,Shang J.,Darderi L.,Shang J.,0.5999,Darderi L.,False,2026-08-19 17:00:38.698110+00:00,,,
ATP|Montreal Open|2026|R3|Popyrin A.::Tirante T.A.,kaggle_concluded,ATP,Montreal Open,2026,Round 3,3,2026-08-08 00:00:00+00:00,Tirante T.A.,Popyrin A.,Tirante T.A.,0.5948,Tirante T.A.,True,2026-08-19 17:00:38.700109+00:00,,,
ATP|Montreal Open|2026|R3|Hurkacz H.::Vandezandschulp B.,kaggle_concluded,ATP,Montreal Open,2026,Round 3,3,2026-08-07 00:00:00+00:00,Vandezandschulp B.,Hurkacz H.,Hurkacz H.,0.5637,Vandezandschulp B.,False,2026-08-19 17:00:38.699110+00:00,,,
ATP|Montreal Open|2026|R4|Borges N.::Darderi L.,kaggle_concluded,ATP,Montreal Open,2026,Round 4,4,2026-08-08 00:00:00+00:00,Darderi L.,Borges N.,Borges N.,0.5956,Darderi L.,False,2026-08-19 17:00:38.700109+00:00,,,
ATP|Montreal Open|2026|R4|Jodar R.::Lehecka J.,kaggle_concluded,ATP,Montreal Open,2026,Round 4,4,2026-08-09 00:00:00+00:00,Jodar R.,Lehecka J.,Lehecka J.,0.5734,Jodar R.,False,2026-08-19 17:00:38.700109+00:00,,,
ATP|Montreal Open|2026|R4|Griekspoor T.::Merida Aguilar D.,kaggle_concluded,ATP,Montreal Open,2026,Round 4,4,2026-08-09 00:00:00+00:00,Merida Aguilar D.,Griekspoor T.,Griekspoor T.,0.5688,Merida Aguilar D.,False,2026-08-19 17:00:38.700109+00:00,,,
ATP|Montreal Open|2026|R4|Fils A.::Norrie C.,kaggle_concluded,ATP,Montreal Open,2026,Round 4,4,2026-08-09 00:00:00+00:00,Norrie C.,Fils A.,Fils A.,0.6442,Fils A.,True,2026-08-19 17:00:38.700109+00:00,,,
ATP|Montreal Open|2026|R4|Nakashima B.::Rinderknech A.,kaggle_concluded,ATP,Montreal Open,2026,Round 4,4,2026-08-08 00:00:00+00:00,Rinderknech A.,Nakashima B.,Nakashima B.,0.5842,Nakashima B.,True,2026-08-19 17:00:38.700109+00:00,,,
ATP|Montreal Open|2026|R4|Fonseca J.::Shelton B.,kaggle_concluded,ATP,Montreal Open,2026,Round 4,4,2026-08-09 00:00:00+00:00,Shelton B.,Fonseca J.,Shelton B.,0.685,Shelton B.,True,2026-08-19 17:00:38.700109+00:00,,,
ATP|Montreal Open|2026|R4|Tien L.::Tirante T.A.,kaggle_concluded,ATP,Montreal Open,2026,Round 4,4,2026-08-09 00:00:00+00:00,Tirante T.A.,Tien L.,Tien L.,0.7038,Tien L.,True,2026-08-19 17:00:38.701109+00:00,,,
ATP|Montreal Open|2026|R4|Mensik J.::Vandezandschulp B.,kaggle_concluded,ATP,Montreal Open,2026,Round 4,4,2026-08-10 00:00:00+00:00,Vandezandschulp B.,Mensik J.,Mensik J.,0.7809,Mensik J.,True,2026-08-19 17:00:38.701109+00:00,,,
ATP|Montreal Open|2026|R5|Fils A.::Jodar R.,kaggle_concluded,ATP,Montreal Open,2026,Quarterfinal,5,2026-08-11 00:00:00+00:00,Fils A.,Jodar R.,Fils A.,0.6234,Jodar R.,False,2026-08-19 17:00:38.701109+00:00,,,
ATP|Montreal Open|2026|R5|Merida Aguilar D.::Tien L.,kaggle_concluded,ATP,Montreal Open,2026,Quarterfinal,5,2026-08-12 00:00:00+00:00,Merida Aguilar D.,Tien L.,Tien L.,0.6673,Tien L.,True,2026-08-19 17:00:38.701109+00:00,,,
ATP|Montreal Open|2026|R5|Darderi L.::Nakashima B.,kaggle_concluded,ATP,Montreal Open,2026,Quarterfinal,5,2026-08-11 00:00:00+00:00,Nakashima B.,Darderi L.,Nakashima B.,0.7227,Nakashima B.,True,2026-08-19 17:00:38.701109+00:00,,,
ATP|Montreal Open|2026|R5|Mensik J.::Shelton B.,kaggle_concluded,ATP,Montreal Open,2026,Quarterfinal,5,2026-08-11 00:00:00+00:00,Shelton B.,Mensik J.,Shelton B.,0.5406,Shelton B.,True,2026-08-19 17:00:38.701109+00:00,,,
ATP|Montreal Open|2026|R6|Jodar R.::Nakashima B.,kaggle_concluded,ATP,Montreal Open,2026,Semifinal,6,2026-08-12 00:00:00+00:00,Nakashima B.,Jodar R.,Jodar R.,0.5048,Nakashima B.,False,2026-08-19 17:00:38.701109+00:00,,,
ATP|Montreal Open|2026|R6|Shelton B.::Tien L.,kaggle_concluded,ATP,Montreal Open,2026,Semifinal,6,2026-08-13 00:00:00+00:00,Tien L.,Shelton B.,Shelton B.,0.5857,Shelton B.,True,2026-08-19 17:00:38.702110+00:00,,,
ATP|Montreal Open|2026|R7|Nakashima B.::Shelton B.,kaggle_concluded,ATP,Montreal Open,2026,Final,7,2026-08-14 00:00:00+00:00,Shelton B.,Nakashima B.,Shelton B.,0.6405,Shelton B.,True,2026-08-19 17:00:38.702110+00:00,,,
ATP|National Bank Open presented by Rogers|2026|R1|Altmaier D.::Vukic A.,kaggle_concluded,ATP,National Bank Open presented by Rogers,2026,Round 1,1,2026-08-04 00:00:00+00:00,Altmaier D.,Vukic A.,Altmaier D.,0.5364,Altmaier D.,True,2026-08-29 22:59:01.892984+00:00,,,
ATP|National Bank Open presented by Rogers|2026|R1|Baez S.::Bellucci M.,kaggle_concluded,ATP,National Bank Open presented by Rogers,2026,Round 1,1,2026-08-04 00:00:00+00:00,Bellucci M.,Baez S.,Baez S.,0.566,Baez S.,True,2026-08-29 22:59:01.894985+00:00,,,
ATP|National Bank Open presented by Rogers|2026|R1|Bonzi B.::Hanfmann Y.,kaggle_concluded,ATP,National Bank Open presented by Rogers,2026,Round 1,1,2026-08-03 00:00:00+00:00,Bonzi B.,Hanfmann Y.,Hanfmann Y.,0.5866,Hanfmann Y.,True,2026-08-29 22:59:01.880984+00:00,,,
ATP|National Bank Open presented by Rogers|2026|R1|Borges N.::Kovacevic A.,kaggle_concluded,ATP,National Bank Open presented by Rogers,2026,Round 1,1,2026-08-03 00:00:00+00:00,Borges N.,Kovacevic A.,Borges N.,0.6065,Borges N.,True,2026-08-29 22:59:01.881986+00:00,,,
ATP|National Bank Open presented by Rogers|2026|R1|Burruchaga R.::Popyrin A.,kaggle_concluded,ATP,National Bank Open presented by Rogers,2026,Round 1,1,2026-08-04 00:00:00+00:00,Burruchaga R.,Popyrin A.,Burruchaga R.,0.6213,Popyrin A.,False,2026-08-29 22:59:01.895985+00:00,,,
ATP|National Bank Open presented by Rogers|2026|R1|Carrenobusta P.::Royer V.,kaggle_concluded,ATP,National Bank Open presented by Rogers,2026,Round 1,1,2026-08-04 00:00:00+00:00,Carrenobusta P.,Royer V.,Carrenobusta P.,0.5913,Royer V.,False,2026-08-29 22:59:01.897984+00:00,,,
ATP|National Bank Open presented by Rogers|2026|R1|Cerundolo J.M.::Medjedovic H.,kaggle_concluded,ATP,National Bank Open presented by Rogers,2026,Round 1,1,2026-08-04 00:00:00+00:00,Cerundolo J.M.,Medjedovic H.,Cerundolo J.M.,0.5326,Cerundolo J.M.,True,2026-08-29 22:59:01.899985+00:00,,,
ATP|National Bank Open presented by Rogers|2026|R1|Cilic M.::Shimabukuro S.,kaggle_concluded,ATP,National Bank Open presented by Rogers,2026,Round 1,1,2026-08-04 00:00:00+00:00,Cilic M.,Shimabukuro S.,Cilic M.,0.6634,Cilic M.,True,2026-08-29 22:59:01.900984+00:00,,,
ATP|National Bank Open presented by Rogers|2026|R1|Damm M.::Tsitsipas S.,kaggle_concluded,ATP,National Bank Open presented by Rogers,2026,Round 1,1,2026-08-04 00:00:00+00:00,Damm M.,Tsitsipas S.,Tsitsipas S.,0.6365,Tsitsipas S.,True,2026-08-29 22:59:01.902984+00:00,,,
ATP|National Bank Open presented by Rogers|2026|R1|Atmane T.::Draper J.,kaggle_concluded,ATP,National Bank Open presented by Rogers,2026,Round 1,1,2026-08-04 00:00:00+00:00,Draper J.,Atmane T.,Draper J.,0.7831,Atmane T.,False,2026-08-29 22:59:01.903983+00:00,,,
ATP|National Bank Open presented by Rogers|2026|R1|Duckworth J.::O Connell C.,kaggle_concluded,ATP,National Bank Open presented by Rogers,2026,Round 1,1,2026-08-03 00:00:00+00:00,Duckworth J.,O Connell C.,O Connell C.,0.5113,Duckworth J.,False,2026-08-29 22:59:01.883983+00:00,,,
ATP|National Bank Open presented by Rogers|2026|R1|Fearnley J.::Mannarino A.,kaggle_concluded,ATP,National Bank Open presented by Rogers,2026,Round 1,1,2026-08-04 00:00:00+00:00,Fearnley J.,Mannarino A.,Mannarino A.,0.6842,Fearnley J.,False,2026-08-29 22:59:01.905985+00:00,,,
ATP|National Bank Open presented by Rogers|2026|R1|Galarneau A.::Kopriva V.,kaggle_concluded,ATP,National Bank Open presented by Rogers,2026,Round 1,1,2026-08-03 00:00:00+00:00,Galarneau A.,Kopriva V.,Kopriva V.,0.6657,Kopriva V.,True,2026-08-29 22:59:01.885985+00:00,,,
ATP|National Bank Open presented by Rogers|2026|R1|Giron M.::Hurkacz H.,kaggle_concluded,ATP,National Bank Open presented by Rogers,2026,Round 1,1,2026-08-04 00:00:00+00:00,Hurkacz H.,Giron M.,Hurkacz H.,0.5539,Hurkacz H.,True,2026-08-29 22:59:01.906984+00:00,,,
ATP|National Bank Open presented by Rogers|2026|R1|Diallo G.::Jacquet K.,kaggle_concluded,ATP,National Bank Open presented by Rogers,2026,Round 1,1,2026-08-04 00:00:00+00:00,Jacquet K.,Diallo G.,Diallo G.,0.5657,Diallo G.,True,2026-08-29 22:59:01.908985+00:00,,,
ATP|National Bank Open presented by Rogers|2026|R1|Marozsan F.::Mochizuki S.,kaggle_concluded,ATP,National Bank Open presented by Rogers,2026,Round 1,1,2026-08-04 00:00:00+00:00,Marozsan F.,Mochizuki S.,Marozsan F.,0.6604,Marozsan F.,True,2026-08-29 22:59:01.910984+00:00,,,
ATP|National Bank Open presented by Rogers|2026|R1|Landaluce M.::Mejia N.,kaggle_concluded,ATP,National Bank Open presented by Rogers,2026,Round 1,1,2026-08-03 00:00:00+00:00,Mejia N.,Landaluce M.,Landaluce M.,0.6834,Mejia N.,False,2026-08-29 22:59:01.887986+00:00,,,
ATP|National Bank Open presented by Rogers|2026|R1|Draxl L.::Merida Aguilar D.,kaggle_concluded,ATP,National Bank Open presented by Rogers,2026,Round 1,1,2026-08-04 00:00:00+00:00,Merida Aguilar D.,Draxl L.,Merida Aguilar D.,0.7043,Merida Aguilar D.,True,2026-08-29 22:59:01.911985+00:00,,,
ATP|National Bank Open presented by Rogers|2026|R1|Majchrzak K.::Monfils G.,kaggle_concluded,ATP,National Bank Open presented by Rogers,2026,Round 1,1,2026-08-04 00:00:00+00:00,Monfils G.,Majchrzak K.,Majchrzak K.,0.6175,Monfils G.,False,2026-08-29 22:59:01.913984+00:00,,,
ATP|National Bank Open presented by Rogers|2026|R1|Fucsovics M.::Moutet C.,kaggle_concluded,ATP,National Bank Open presented by Rogers,2026,Round 1,1,2026-08-04 00:00:00+00:00,Moutet C.,Fucsovics M.,Moutet C.,0.5519,Moutet C.,True,2026-08-29 22:59:01.915988+00:00,,,
ATP|National Bank Open presented by Rogers|2026|R1|Hijikata R.::Munar J.,kaggle_concluded,ATP,National Bank Open presented by Rogers,2026,Round 1,1,2026-08-02 00:00:00+00:00,Munar J.,Hijikata R.,Munar J.,0.5971,Munar J.,True,2026-08-29 22:59:01.876985+00:00,,,
ATP|National Bank Open presented by Rogers|2026|R1|Berrettini M.::Navone M.,kaggle_concluded,ATP,National Bank Open presented by Rogers,2026,Round 1,1,2026-08-03 00:00:00+00:00,Navone M.,Berrettini M.,Berrettini M.,0.7451,Navone M.,False,2026-08-29 22:59:01.888986+00:00,,,
ATP|National Bank Open presented by Rogers|2026|R1|Griekspoor T.::Sonego L.,kaggle_concluded,ATP,National Bank Open presented by Rogers,2026,Round 1,1,2026-08-04 00:00:00+00:00,Sonego L.,Griekspoor T.,Griekspoor T.,0.5796,Griekspoor T.,True,2026-08-29 22:59:01.916985+00:00,,,
ATP|National Bank Open presented by Rogers|2026|R1|Michelsen A.::Struff J.L.,kaggle_concluded,ATP,National Bank Open presented by Rogers,2026,Round 1,1,2026-08-04 00:00:00+00:00,Struff J.L.,Michelsen A.,Michelsen A.,0.7301,Michelsen A.,True,2026-08-29 22:59:01.918985+00:00,,,
ATP|National Bank Open presented by Rogers|2026|R1|Chan D.::Tirante T.A.,kaggle_concluded,ATP,National Bank Open presented by Rogers,2026,Round 1,1,2026-08-04 00:00:00+00:00,Tirante T.A.,Chan D.,Tirante T.A.,0.547,Tirante T.A.,True,2026-08-29 22:59:01.919984+00:00,,,
ATP|National Bank Open presented by Rogers|2026|R1|Norrie C.::Ugocarabelli C.,kaggle_concluded,ATP,National Bank Open presented by Rogers,2026,Round 1,1,2026-08-04 00:00:00+00:00,Ugocarabelli C.,Norrie C.,Norrie C.,0.6724,Norrie C.,True,2026-08-29 22:59:01.921984+00:00,,,
ATP|National Bank Open presented by Rogers|2026|R1|Shang J.::Vallejo D.,kaggle_concluded,ATP,National Bank Open presented by Rogers,2026,Round 1,1,2026-08-02 00:00:00+00:00,Vallejo D.,Shang J.,Vallejo D.,0.5911,Shang J.,False,2026-08-29 22:59:01.878986+00:00,,,
ATP|National Bank Open presented by Rogers|2026|R1|Droguet T.::Vanassche L.,kaggle_concluded,ATP,National Bank Open presented by Rogers,2026,Round 1,1,2026-08-03 00:00:00+00:00,Vanassche L.,Droguet T.,Droguet T.,0.5525,Droguet T.,True,2026-08-29 22:59:01.890988+00:00,,,
ATP|National Bank Open presented by Rogers|2026|R1|Mpetshi Perricard G.::Vandezandschulp B.,kaggle_concluded,ATP,National Bank Open presented by Rogers,2026,Round 1,1,2026-08-04 00:00:00+00:00,Vandezandschulp B.,Mpetshi Perricard G.,Vandezandschulp B.,0.5553,Vandezandschulp B.,True,2026-08-29 22:59:01.923984+00:00,,,
ATP|National Bank Open presented by Rogers|2026|R1|Brooksby J.::Walton A.,kaggle_concluded,ATP,National Bank Open presented by Rogers,2026,Round 1,1,2026-08-04 00:00:00+00:00,Walton A.,Brooksby J.,Brooksby J.,0.6639,Brooksby J.,True,2026-08-29 22:59:01.925985+00:00,,,
ATP|National Bank Open presented by Rogers|2026|R1|Kecmanovic M.::Zheng M.,kaggle_concluded,ATP,National Bank Open presented by Rogers,2026,Round 1,1,2026-08-04 00:00:00+00:00,Zheng M.,Kecmanovic M.,Kecmanovic M.,0.5663,Kecmanovic M.,True,2026-08-29 22:59:01.926984+00:00,,,
ATP|National Bank Open presented by Rogers|2026|R2|Altmaier D.::Nakashima B.,kaggle_concluded,ATP,National Bank Open presented by Rogers,2026,Round 2,2,2026-08-04 00:00:00+00:00,Altmaier D.,Nakashima B.,Nakashima B.,0.7207,Nakashima B.,True,2026-08-29 22:59:01.927984+00:00,,,
ATP|National Bank Open presented by Rogers|2026|R2|Baez S.::Bergs Z.,kaggle_concluded,ATP,National Bank Open presented by Rogers,2026,Round 2,2,2026-08-05 00:00:00+00:00,Baez S.,Bergs Z.,Bergs Z.,0.5911,Bergs Z.,True,2026-08-29 22:59:01.931984+00:00,,,
ATP|National Bank Open presented by Rogers|2026|R2|Borges N.::Etcheverry T.,kaggle_concluded,ATP,National Bank Open presented by Rogers,2026,Round 2,2,2026-08-05 00:00:00+00:00,Borges N.,Etcheverry T.,Etcheverry T.,0.5318,Borges N.,False,2026-08-29 22:59:01.933580+00:00,,,
ATP|National Bank Open presented by Rogers|2026|R2|Buse I.::Norrie C.,kaggle_concluded,ATP,National Bank Open presented by Rogers,2026,Round 2,2,2026-08-05 00:00:00+00:00,Buse I.,Norrie C.,Norrie C.,0.5782,Norrie C.,True,2026-08-29 22:59:01.934505+00:00,,,
ATP|National Bank Open presented by Rogers|2026|R2|Cerundolo J.M.::Ruud C.,kaggle_concluded,ATP,National Bank Open presented by Rogers,2026,Round 2,2,2026-08-05 00:00:00+00:00,Cerundolo J.M.,Ruud C.,Ruud C.,0.6491,Ruud C.,True,2026-08-29 22:59:01.935505+00:00,,,
ATP|National Bank Open presented by Rogers|2026|R2|Collignon R.::Popyrin A.,kaggle_concluded,ATP,National Bank Open presented by Rogers,2026,Round 2,2,2026-08-05 00:00:00+00:00,Collignon R.,Popyrin A.,Collignon R.,0.664,Popyrin A.,False,2026-08-29 22:59:01.936505+00:00,,,
ATP|National Bank Open presented by Rogers|2026|R2|Droguet T.::Faria J.,kaggle_concluded,ATP,National Bank Open presented by Rogers,2026,Round 2,2,2026-08-06 00:00:00+00:00,Droguet T.,Faria J.,Faria J.,0.5182,Droguet T.,False,2026-08-29 22:59:01.960505+00:00,,,
ATP|National Bank Open presented by Rogers|2026|R2|Deminaur A.::Duckworth J.,kaggle_concluded,ATP,National Bank Open presented by Rogers,2026,Round 2,2,2026-08-05 00:00:00+00:00,Duckworth J.,Deminaur A.,Deminaur A.,0.5766,Deminaur A.,True,2026-08-29 22:59:01.938505+00:00,,,
ATP|National Bank Open presented by Rogers|2026|R2|Fils A.::Svajda Z.,kaggle_concluded,ATP,National Bank Open presented by Rogers,2026,Round 2,2,2026-08-05 00:00:00+00:00,Fils A.,Svajda Z.,Fils A.,0.8213,Fils A.,True,2026-08-29 22:59:01.939505+00:00,,,
ATP|National Bank Open presented by Rogers|2026|R2|Fonseca J.::Tsitsipas S.,kaggle_concluded,ATP,National Bank Open presented by Rogers,2026,Round 2,2,2026-08-05 00:00:00+00:00,Fonseca J.,Tsitsipas S.,Fonseca J.,0.5206,Fonseca J.,True,2026-08-29 22:59:01.940504+00:00,,,
ATP|National Bank Open presented by Rogers|2026|R2|Fritz T.::Tirante T.A.,kaggle_concluded,ATP,National Bank Open presented by Rogers,2026,Round 2,2,2026-08-05 00:00:00+00:00,Fritz T.,Tirante T.A.,Fritz T.,0.7869,Tirante T.A.,False,2026-08-29 22:59:01.941505+00:00,,,
ATP|National Bank Open presented by Rogers|2026|R2|Cobolli F.::Hanfmann Y.,kaggle_concluded,ATP,National Bank Open presented by Rogers,2026,Round 2,2,2026-08-05 00:00:00+00:00,Hanfmann Y.,Cobolli F.,Cobolli F.,0.5643,Hanfmann Y.,False,2026-08-29 22:59:01.943506+00:00,,,
ATP|National Bank Open presented by Rogers|2026|R2|Hurkacz H.::Tabilo A.,kaggle_concluded,ATP,National Bank Open presented by Rogers,2026,Round 2,2,2026-08-05 00:00:00+00:00,Hurkacz H.,Tabilo A.,Tabilo A.,0.6396,Hurkacz H.,False,2026-08-29 22:59:01.944506+00:00,,,
ATP|National Bank Open presented by Rogers|2026|R2|Jodar R.::Moutet C.,kaggle_concluded,ATP,National Bank Open presented by Rogers,2026,Round 2,2,2026-08-05 00:00:00+00:00,Jodar R.,Moutet C.,Jodar R.,0.6445,Jodar R.,True,2026-08-29 22:59:01.946505+00:00,,,
ATP|National Bank Open presented by Rogers|2026|R2|Atmane T.::Khachanov K.,kaggle_concluded,ATP,National Bank Open presented by Rogers,2026,Round 2,2,2026-08-05 00:00:00+00:00,Khachanov K.,Atmane T.,Khachanov K.,0.565,Atmane T.,False,2026-08-29 22:59:01.947505+00:00,,,
ATP|National Bank Open presented by Rogers|2026|R2|Kopriva V.::Lehecka J.,kaggle_concluded,ATP,National Bank Open presented by Rogers,2026,Round 2,2,2026-08-04 00:00:00+00:00,Lehecka J.,Kopriva V.,Lehecka J.,0.7553,Lehecka J.,True,2026-08-29 22:59:01.929985+00:00,,,
ATP|National Bank Open presented by Rogers|2026|R2|Arnaldi M.::Marozsan F.,kaggle_concluded,ATP,National Bank Open presented by Rogers,2026,Round 2,2,2026-08-05 00:00:00+00:00,Marozsan F.,Arnaldi M.,Marozsan F.,0.6087,Arnaldi M.,False,2026-08-29 22:59:01.948505+00:00,,,
ATP|National Bank Open presented by Rogers|2026|R2|Medvedev D.::Vandezandschulp B.,kaggle_concluded,ATP,National Bank Open presented by Rogers,2026,Round 2,2,2026-08-06 00:00:00+00:00,Medvedev D.,Vandezandschulp B.,Medvedev D.,0.8388,Vandezandschulp B.,False,2026-08-29 22:59:01.961505+00:00,,,
ATP|National Bank Open presented by Rogers|2026|R2|Mejia N.::Musetti L.,kaggle_concluded,ATP,National Bank Open presented by Rogers,2026,Round 2,2,2026-08-05 00:00:00+00:00,Mejia N.,Musetti L.,Musetti L.,0.8052,Musetti L.,True,2026-08-29 22:59:01.949507+00:00,,,
ATP|National Bank Open presented by Rogers|2026|R2|Fearnley J.::Mensik J.,kaggle_concluded,ATP,National Bank Open presented by Rogers,2026,Round 2,2,2026-08-05 00:00:00+00:00,Mensik J.,Fearnley J.,Mensik J.,0.8545,Mensik J.,True,2026-08-29 22:59:01.950505+00:00,,,
ATP|National Bank Open presented by Rogers|2026|R2|Humbert U.::Merida Aguilar D.,kaggle_concluded,ATP,National Bank Open presented by Rogers,2026,Round 2,2,2026-08-05 00:00:00+00:00,Merida Aguilar D.,Humbert U.,Humbert U.,0.6415,Merida Aguilar D.,False,2026-08-29 22:59:01.951504+00:00,,,
ATP|National Bank Open presented by Rogers|2026|R2|Cerundolo F.::Michelsen A.,kaggle_concluded,ATP,National Bank Open presented by Rogers,2026,Round 2,2,2026-08-05 00:00:00+00:00,Michelsen A.,Cerundolo F.,Cerundolo F.,0.5062,Michelsen A.,False,2026-08-29 22:59:01.953507+00:00,,,
ATP|National Bank Open presented by Rogers|2026|R2|Kecmanovic M.::Rinderknech A.,kaggle_concluded,ATP,National Bank Open presented by Rogers,2026,Round 2,2,2026-08-05 00:00:00+00:00,Rinderknech A.,Kecmanovic M.,Rinderknech A.,0.5804,Rinderknech A.,True,2026-08-29 22:59:01.954505+00:00,,,
ATP|National Bank Open presented by Rogers|2026|R2|Paul T.::Royer V.,kaggle_concluded,ATP,National Bank Open presented by Rogers,2026,Round 2,2,2026-08-06 00:00:00+00:00,Royer V.,Paul T.,Paul T.,0.8079,Paul T.,True,2026-08-29 22:59:01.962505+00:00,,,
ATP|National Bank Open presented by Rogers|2026|R2|Rublev A.::Shang J.,kaggle_concluded,ATP,National Bank Open presented by Rogers,2026,Round 2,2,2026-08-04 00:00:00+00:00,Rublev A.,Shang J.,Rublev A.,0.6281,Shang J.,False,2026-08-29 22:59:01.930985+00:00,,,
ATP|National Bank Open presented by Rogers|2026|R2|Brooksby J.::Shelton B.,kaggle_concluded,ATP,National Bank Open presented by Rogers,2026,Round 2,2,2026-08-05 00:00:00+00:00,Shelton B.,Brooksby J.,Shelton B.,0.7216,Shelton B.,True,2026-08-29 22:59:01.955505+00:00,,,
ATP|National Bank Open presented by Rogers|2026|R2|Cilic M.::Tiafoe F.,kaggle_concluded,ATP,National Bank Open presented by Rogers,2026,Round 2,2,2026-08-05 00:00:00+00:00,Tiafoe F.,Cilic M.,Tiafoe F.,0.6567,Tiafoe F.,True,2026-08-29 22:59:01.956505+00:00,,,
ATP|National Bank Open presented by Rogers|2026|R2|Monfils G.::Tien L.,kaggle_concluded,ATP,National Bank Open presented by Rogers,2026,Round 2,2,2026-08-06 00:00:00+00:00,Tien L.,Monfils G.,Tien L.,0.6239,Tien L.,True,2026-08-29 22:59:01.963506+00:00,,,
ATP|National Bank Open presented by Rogers|2026|R2|Navone M.::Vacherot V.,kaggle_concluded,ATP,National Bank Open presented by Rogers,2026,Round 2,2,2026-08-05 00:00:00+00:00,Vacherot V.,Navone M.,Vacherot V.,0.7758,Navone M.,False,2026-08-29 22:59:01.957505+00:00,,,
ATP|National Bank Open presented by Rogers|2026|R2|Griekspoor T.::Zverev A.,kaggle_concluded,ATP,National Bank Open presented by Rogers,2026,Round 2,2,2026-08-05 00:00:00+00:00,Zverev A.,Griekspoor T.,Zverev A.,0.7895,Griekspoor T.,False,2026-08-29 22:59:01.958507+00:00,,,
ATP|National Bank Open presented by Rogers|2026|R3|Bergs Z.::Shelton B.,kaggle_concluded,ATP,National Bank Open presented by Rogers,2026,Round 3,3,2026-08-07 00:00:00+00:00,Bergs Z.,Shelton B.,Shelton B.,0.7345,Shelton B.,True,2026-08-29 22:59:01.968505+00:00,,,
ATP|National Bank Open presented by Rogers|2026|R3|Blockx A.::Lehecka J.,kaggle_concluded,ATP,National Bank Open presented by Rogers,2026,Round 3,3,2026-08-06 00:00:00+00:00,Blockx A.,Lehecka J.,Lehecka J.,0.7165,Lehecka J.,True,2026-08-29 22:59:01.964505+00:00,,,
ATP|National Bank Open presented by Rogers|2026|R3|Borges N.::Hanfmann Y.,kaggle_concluded,ATP,National Bank Open presented by Rogers,2026,Round 3,3,2026-08-06 00:00:00+00:00,Borges N.,Hanfmann Y.,Hanfmann Y.,0.5179,Borges N.,False,2026-08-29 22:59:01.965504+00:00,,,
ATP|National Bank Open presented by Rogers|2026|R3|Deminaur A.::Norrie C.,kaggle_concluded,ATP,National Bank Open presented by Rogers,2026,Round 3,3,2026-08-06 00:00:00+00:00,Deminaur A.,Norrie C.,Norrie C.,0.6724,Norrie C.,True,2026-08-29 22:59:01.966504+00:00,,,
ATP|National Bank Open presented by Rogers|2026|R3|Droguet T.::Nakashima B.,kaggle_concluded,ATP,National Bank Open presented by Rogers,2026,Round 3,3,2026-08-07 00:00:00+00:00,Droguet T.,Nakashima B.,Nakashima B.,0.6571,Nakashima B.,True,2026-08-29 22:59:01.969505+00:00,,,
ATP|National Bank Open presented by Rogers|2026|R3|Fils A.::Navone M.,kaggle_concluded,ATP,National Bank Open presented by Rogers,2026,Round 3,3,2026-08-06 00:00:00+00:00,Fils A.,Navone M.,Fils A.,0.8483,Fils A.,True,2026-08-29 22:59:01.966504+00:00,,,
ATP|National Bank Open presented by Rogers|2026|R3|Arnaldi M.::Griekspoor T.,kaggle_concluded,ATP,National Bank Open presented by Rogers,2026,Round 3,3,2026-08-07 00:00:00+00:00,Griekspoor T.,Arnaldi M.,Griekspoor T.,0.6632,Griekspoor T.,True,2026-08-29 22:59:01.970506+00:00,,,
ATP|National Bank Open presented by Rogers|2026|R3|Jodar R.::Musetti L.,kaggle_concluded,ATP,National Bank Open presented by Rogers,2026,Round 3,3,2026-08-07 00:00:00+00:00,Jodar R.,Musetti L.,Musetti L.,0.5642,Jodar R.,False,2026-08-29 22:59:01.971505+00:00,,,
ATP|National Bank Open presented by Rogers|2026|R3|Atmane T.::Mensik J.,kaggle_concluded,ATP,National Bank Open presented by Rogers,2026,Round 3,3,2026-08-07 00:00:00+00:00,Mensik J.,Atmane T.,Mensik J.,0.731,Mensik J.,True,2026-08-29 22:59:01.972505+00:00,,,
ATP|National Bank Open presented by Rogers|2026|R3|Merida Aguilar D.::Michelsen A.,kaggle_concluded,ATP,National Bank Open presented by Rogers,2026,Round 3,3,2026-08-07 00:00:00+00:00,Michelsen A.,Merida Aguilar D.,Michelsen A.,0.6358,Merida Aguilar D.,False,2026-08-29 22:59:01.973505+00:00,,,
ATP|National Bank Open presented by Rogers|2026|R3|Paul T.::Tien L.,kaggle_concluded,ATP,National Bank Open presented by Rogers,2026,Round 3,3,2026-08-08 00:00:00+00:00,Paul T.,Tien L.,Tien L.,0.5027,Tien L.,True,2026-08-29 22:59:01.975505+00:00,,,
ATP|National Bank Open presented by Rogers|2026|R3|Fonseca J.::Ruud C.,kaggle_concluded,ATP,National Bank Open presented by Rogers,2026,Round 3,3,2026-08-08 00:00:00+00:00,Ruud C.,Fonseca J.,Ruud C.,0.5417,Fonseca J.,False,2026-08-29 22:59:01.976505+00:00,,,
ATP|National Bank Open presented by Rogers|2026|R3|Darderi L.::Shang J.,kaggle_concluded,ATP,National Bank Open presented by Rogers,2026,Round 3,3,2026-08-06 00:00:00+00:00,Shang J.,Darderi L.,Shang J.,0.6,Darderi L.,False,2026-08-29 22:59:01.968505+00:00,,,
ATP|National Bank Open presented by Rogers|2026|R3|Popyrin A.::Tirante T.A.,kaggle_concluded,ATP,National Bank Open presented by Rogers,2026,Round 3,3,2026-08-08 00:00:00+00:00,Tirante T.A.,Popyrin A.,Tirante T.A.,0.5997,Tirante T.A.,True,2026-08-29 22:59:01.976505+00:00,,,
ATP|National Bank Open presented by Rogers|2026|R3|Hurkacz H.::Vandezandschulp B.,kaggle_concluded,ATP,National Bank Open presented by Rogers,2026,Round 3,3,2026-08-07 00:00:00+00:00,Vandezandschulp B.,Hurkacz H.,Hurkacz H.,0.5637,Vandezandschulp B.,False,2026-08-29 22:59:01.974505+00:00,,,
ATP|National Bank Open presented by Rogers|2026|R4|Borges N.::Darderi L.,kaggle_concluded,ATP,National Bank Open presented by Rogers,2026,Round 4,4,2026-08-08 00:00:00+00:00,Darderi L.,Borges N.,Borges N.,0.6002,Darderi L.,False,2026-08-29 22:59:01.977505+00:00,,,
ATP|National Bank Open presented by Rogers|2026|R4|Jodar R.::Lehecka J.,kaggle_concluded,ATP,National Bank Open presented by Rogers,2026,Round 4,4,2026-08-09 00:00:00+00:00,Jodar R.,Lehecka J.,Lehecka J.,0.5614,Jodar R.,False,2026-08-29 22:59:01.979506+00:00,,,
ATP|National Bank Open presented by Rogers|2026|R4|Griekspoor T.::Merida Aguilar D.,kaggle_concluded,ATP,National Bank Open presented by Rogers,2026,Round 4,4,2026-08-09 00:00:00+00:00,Merida Aguilar D.,Griekspoor T.,Griekspoor T.,0.5495,Merida Aguilar D.,False,2026-08-29 22:59:01.980505+00:00,,,
ATP|National Bank Open presented by Rogers|2026|R4|Fils A.::Norrie C.,kaggle_concluded,ATP,National Bank Open presented by Rogers,2026,Round 4,4,2026-08-09 00:00:00+00:00,Norrie C.,Fils A.,Fils A.,0.6513,Fils A.,True,2026-08-29 22:59:01.980505+00:00,,,
ATP|National Bank Open presented by Rogers|2026|R4|Nakashima B.::Rinderknech A.,kaggle_concluded,ATP,National Bank Open presented by Rogers,2026,Round 4,4,2026-08-08 00:00:00+00:00,Rinderknech A.,Nakashima B.,Nakashima B.,0.6037,Nakashima B.,True,2026-08-29 22:59:01.978505+00:00,,,
ATP|National Bank Open presented by Rogers|2026|R4|Fonseca J.::Shelton B.,kaggle_concluded,ATP,National Bank Open presented by Rogers,2026,Round 4,4,2026-08-09 00:00:00+00:00,Shelton B.,Fonseca J.,Shelton B.,0.6845,Shelton B.,True,2026-08-29 22:59:01.981504+00:00,,,
ATP|National Bank Open presented by Rogers|2026|R4|Tien L.::Tirante T.A.,kaggle_concluded,ATP,National Bank Open presented by Rogers,2026,Round 4,4,2026-08-09 00:00:00+00:00,Tirante T.A.,Tien L.,Tien L.,0.6954,Tien L.,True,2026-08-29 22:59:01.982506+00:00,,,
ATP|National Bank Open presented by Rogers|2026|R4|Mensik J.::Vandezandschulp B.,kaggle_concluded,ATP,National Bank Open presented by Rogers,2026,Round 4,4,2026-08-10 00:00:00+00:00,Vandezandschulp B.,Mensik J.,Mensik J.,0.7809,Mensik J.,True,2026-08-29 22:59:01.983505+00:00,,,
ATP|National Bank Open presented by Rogers|2026|R5|Fils A.::Jodar R.,kaggle_concluded,ATP,National Bank Open presented by Rogers,2026,Quarterfinal,5,2026-08-11 00:00:00+00:00,Fils A.,Jodar R.,Fils A.,0.6139,Jodar R.,False,2026-08-29 22:59:01.984505+00:00,,,
ATP|National Bank Open presented by Rogers|2026|R5|Merida Aguilar D.::Tien L.,kaggle_concluded,ATP,National Bank Open presented by Rogers,2026,Quarterfinal,5,2026-08-12 00:00:00+00:00,Merida Aguilar D.,Tien L.,Tien L.,0.661,Tien L.,True,2026-08-29 22:59:01.986504+00:00,,,
ATP|National Bank Open presented by Rogers|2026|R5|Darderi L.::Nakashima B.,kaggle_concluded,ATP,National Bank Open presented by Rogers,2026,Quarterfinal,5,2026-08-11 00:00:00+00:00,Nakashima B.,Darderi L.,Nakashima B.,0.732,Nakashima B.,True,2026-08-29 22:59:01.984505+00:00,,,
ATP|National Bank Open presented by Rogers|2026|R5|Mensik J.::Shelton B.,kaggle_concluded,ATP,National Bank Open presented by Rogers,2026,Quarterfinal,5,2026-08-11 00:00:00+00:00,Shelton B.,Mensik J.,Shelton B.,0.5419,Shelton B.,True,2026-08-29 22:59:01.985505+00:00,,,
ATP|National Bank Open presented by Rogers|2026|R6|Jodar R.::Nakashima B.,kaggle_concluded,ATP,National Bank Open presented by Rogers,2026,Semifinal,6,2026-08-12 00:00:00+00:00,Nakashima B.,Jodar R.,Jodar R.,0.5031,Nakashima B.,False,2026-08-29 22:59:01.987505+00:00,,,
ATP|National Bank Open presented by Rogers|2026|R6|Shelton B.::Tien L.,kaggle_concluded,ATP,National Bank Open presented by Rogers,2026,Semifinal,6,2026-08-13 00:00:00+00:00,Tien L.,Shelton B.,Shelton B.,0.59,Shelton B.,True,2026-08-29 22:59:01.988505+00:00,,,
ATP|National Bank Open presented by Rogers|2026|R7|Nakashima B.::Shelton B.,kaggle_concluded,ATP,National Bank Open presented by Rogers,2026,Final,7,2026-08-14 00:00:00+00:00,Shelton B.,Nakashima B.,Shelton B.,0.6303,Shelton B.,True,2026-08-29 22:59:01.989505+00:00,,,
WTA|Cincinnati Open|2026|R1|Arango E.::Williams V.,live_espn,WTA,Cincinnati Open,2026,Round 1,1,2026-08-14 17:40:00+00:00,Arango E.,Williams V.,Arango E.,0.661,Arango E.,True,2026-08-19 17:00:41.539559+00:00,,,
WTA|Cincinnati Open|2026|R1|Bartunkova N.::Charaeva A.,live_espn,WTA,Cincinnati Open,2026,Round 1,1,2026-08-14 15:10:00+00:00,Bartunkova N.,Charaeva A.,Bartunkova N.,0.588,Bartunkova N.,True,2026-08-19 17:00:41.533604+00:00,,,
WTA|Cincinnati Open|2026|R1|Bejlek S.::Pliskova Ka.,live_espn,WTA,Cincinnati Open,2026,Round 1,1,2026-08-14 15:05:00+00:00,Bejlek S.,Pliskova Ka.,Bejlek S.,0.5087,Bejlek S.,True,2026-08-19 17:00:41.532548+00:00,,,
WTA|Cincinnati Open|2026|R1|Boulter K.::Volynets K.,live_espn,WTA,Cincinnati Open,2026,Round 1,1,2026-08-13 23:10:00+00:00,Boulter K.,Volynets K.,Boulter K.,0.6756,Boulter K.,True,2026-08-19 17:00:41.530546+00:00,,,
WTA|Cincinnati Open|2026|R1|Bondar A.::Bouzas Maneiro J.,live_espn,WTA,Cincinnati Open,2026,Round 1,1,2026-08-14 15:10:00+00:00,Bouzas Maneiro J.,Bondar A.,Bouzas Maneiro J.,0.5826,Bouzas Maneiro J.,True,2026-08-19 17:00:41.534558+00:00,,,
WTA|Cincinnati Open|2026|R1|Bucsa C.::Udvardy P.,live_espn,WTA,Cincinnati Open,2026,Round 1,1,2026-08-13 20:45:00+00:00,Bucsa C.,Udvardy P.,Bucsa C.,0.6136,Bucsa C.,True,2026-08-19 17:00:41.530546+00:00,,,
WTA|Cincinnati Open|2026|R1|Cocciaretto E.::Stefanini L.,live_espn,WTA,Cincinnati Open,2026,Round 1,1,2026-08-14 15:10:00+00:00,Cocciaretto E.,Stefanini L.,Cocciaretto E.,0.691,Stefanini L.,False,2026-08-19 17:00:41.535558+00:00,,,
WTA|Cincinnati Open|2026|R1|Joint M.::Korpatsch T.,live_espn,WTA,Cincinnati Open,2026,Round 1,1,2026-08-14 17:05:00+00:00,Joint M.,Korpatsch T.,Joint M.,0.5171,Korpatsch T.,False,2026-08-19 17:00:41.538559+00:00,,,
WTA|Cincinnati Open|2026|R1|Kalieva E.::Oliynykova O.,live_espn,WTA,Cincinnati Open,2026,Round 1,1,2026-08-14 19:05:00+00:00,Kalieva E.,Oliynykova O.,Oliynykova O.,0.5952,Oliynykova O.,True,2026-08-19 17:00:41.542558+00:00,,,
WTA|Cincinnati Open|2026|R1|Kasatkina D.::Sonmez Z.,live_espn,WTA,Cincinnati Open,2026,Round 1,1,2026-08-13 15:05:00+00:00,Kasatkina D.,Sonmez Z.,Kasatkina D.,0.5104,Sonmez Z.,False,2026-08-19 17:00:41.522547+00:00,,,
WTA|Cincinnati Open|2026|R1|Kenin S.::Lys E.,live_espn,WTA,Cincinnati Open,2026,Round 1,1,2026-08-15 00:50:00+00:00,Kenin S.,Lys E.,Lys E.,0.6761,Kenin S.,False,2026-08-19 17:00:41.547559+00:00,,,
WTA|Cincinnati Open|2026|R1|Boisson L.::Krueger A.,live_espn,WTA,Cincinnati Open,2026,Round 1,1,2026-08-13 17:30:00+00:00,Krueger A.,Boisson L.,Krueger A.,0.6355,Boisson L.,False,2026-08-19 17:00:41.525547+00:00,,,
WTA|Cincinnati Open|2026|R1|Maria T.::Yastremska D.,live_espn,WTA,Cincinnati Open,2026,Round 1,1,2026-08-13 19:30:00+00:00,Maria T.,Yastremska D.,Yastremska D.,0.7022,Maria T.,False,2026-08-19 17:00:41.529548+00:00,,,
WTA|Cincinnati Open|2026|R1|Kessler M.::McNally C.,live_espn,WTA,Cincinnati Open,2026,Round 1,1,2026-08-14 03:20:00+00:00,McNally C.,Kessler M.,Kessler M.,0.5705,McNally C.,False,2026-08-19 17:00:41.531546+00:00,,,
WTA|Cincinnati Open|2026|R1|Golubic V.::Parks A.,live_espn,WTA,Cincinnati Open,2026,Round 1,1,2026-08-14 19:05:00+00:00,Parks A.,Golubic V.,Parks A.,0.5015,Golubic V.,False,2026-08-19 17:00:41.541557+00:00,,,
WTA|Cincinnati Open|2026|R1|Dolehide C.::Parry D.,live_espn,WTA,Cincinnati Open,2026,Round 1,1,2026-08-13 19:10:00+00:00,Parry D.,Dolehide C.,Parry D.,0.6641,Parry D.,True,2026-08-19 17:00:41.528548+00:00,,,
WTA|Cincinnati Open|2026|R1|Putintseva Y.::Samsonova L.,live_espn,WTA,Cincinnati Open,2026,Round 1,1,2026-08-14 20:50:00+00:00,Putintseva Y.,Samsonova L.,Samsonova L.,0.5062,Samsonova L.,True,2026-08-19 17:00:41.544558+00:00,,,
WTA|Cincinnati Open|2026|R1|Birrell K.::Rakhimova K.,live_espn,WTA,Cincinnati Open,2026,Round 1,1,2026-08-13 15:05:00+00:00,Rakhimova K.,Birrell K.,Birrell K.,0.6575,Rakhimova K.,False,2026-08-19 17:00:41.523547+00:00,,,
WTA|Cincinnati Open|2026|R1|Linette M.::Ruse E.G.,live_espn,WTA,Cincinnati Open,2026,Round 1,1,2026-08-13 17:55:00+00:00,Ruse E.G.,Linette M.,Linette M.,0.6127,Ruse E.G.,False,2026-08-19 17:00:41.527546+00:00,,,
WTA|Cincinnati Open|2026|R1|Frech M.::Ruzic A.,live_espn,WTA,Cincinnati Open,2026,Round 1,1,2026-08-13 17:40:00+00:00,Ruzic A.,Frech M.,Frech M.,0.5246,Frech M.,True,2026-08-19 17:00:41.526547+00:00,,,
WTA|Cincinnati Open|2026|R1|Blinkova A.::Sawangkaew M.,live_espn,WTA,Cincinnati Open,2026,Round 1,1,2026-08-14 16:35:00+00:00,Sawangkaew M.,Blinkova A.,Sawangkaew M.,0.5461,Blinkova A.,False,2026-08-19 17:00:41.536557+00:00,,,
WTA|Cincinnati Open|2026|R1|Snigur D.::Starodubtseva Y.,live_espn,WTA,Cincinnati Open,2026,Round 1,1,2026-08-14 15:10:00+00:00,Snigur D.,Starodubtseva Y.,Snigur D.,0.6664,Snigur D.,True,2026-08-19 17:00:41.535558+00:00,,,
WTA|Cincinnati Open|2026|R1|Dart H.::Stearns P.,live_espn,WTA,Cincinnati Open,2026,Round 1,1,2026-08-14 17:05:00+00:00,Stearns P.,Dart H.,Stearns P.,0.6824,Stearns P.,True,2026-08-19 17:00:41.537558+00:00,,,
WTA|Cincinnati Open|2026|R1|Kraus S.::Stephens S.,live_espn,WTA,Cincinnati Open,2026,Round 1,1,2026-08-14 23:05:00+00:00,Stephens S.,Kraus S.,Kraus S.,0.6461,Stephens S.,False,2026-08-19 17:00:41.546557+00:00,,,
WTA|Cincinnati Open|2026|R1|Stoiana M.::Valentova T.,live_espn,WTA,Cincinnati Open,2026,Round 1,1,2026-08-14 21:15:00+00:00,Stoiana M.,Valentova T.,Valentova T.,0.684,Valentova T.,True,2026-08-19 17:00:41.545558+00:00,,,
WTA|Cincinnati Open|2026|R1|Gibson T.::Tagger L.,live_espn,WTA,Cincinnati Open,2026,Round 1,1,2026-08-14 17:45:00+00:00,Tagger L.,Gibson T.,Tagger L.,0.576,Gibson T.,False,2026-08-19 17:00:41.540559+00:00,,,
WTA|Cincinnati Open|2026|R1|Osorio M.::Townsend T.,live_espn,WTA,Cincinnati Open,2026,Round 1,1,2026-08-13 15:05:00+00:00,Townsend T.,Osorio M.,Townsend T.,0.5748,Townsend T.,True,2026-08-19 17:00:41.524547+00:00,,,
WTA|Cincinnati Open|2026|R1|Kalinina A.::Vidmanova D.,live_espn,WTA,Cincinnati Open,2026,Round 1,1,2026-08-13 15:05:00+00:00,Vidmanova D.,Kalinina A.,Vidmanova D.,0.5001,Kalinina A.,False,2026-08-19 17:00:41.520547+00:00,,,
WTA|Cincinnati Open|2026|R1|Marcinko P.::Waltert S.,live_espn,WTA,Cincinnati Open,2026,Round 1,1,2026-08-13 15:05:00+00:00,Waltert S.,Marcinko P.,Marcinko P.,0.5649,Waltert S.,False,2026-08-19 17:00:41.521547+00:00,,,
WTA|Cincinnati Open|2026|R1|Vandewinkel H.::Wang Xin.,live_espn,WTA,Cincinnati Open,2026,Round 1,1,2026-08-14 20:35:00+00:00,Wang Xin.,Vandewinkel H.,Wang Xin.,0.5908,Wang Xin.,True,2026-08-19 17:00:41.543558+00:00,,,
WTA|Cincinnati Open|2026|R1|Day K.::Zhang S.,live_espn,WTA,Cincinnati Open,2026,Round 1,1,2026-08-15 15:10:00+00:00,Zhang S.,Day K.,Zhang S.,0.7028,Zhang S.,True,2026-08-19 17:00:41.551558+00:00,,,
WTA|Cincinnati Open|2026|R2|Alexandrova E.::Blinkova A.,live_espn,WTA,Cincinnati Open,2026,Round 2,2,2026-08-16 20:40:00+00:00,Blinkova A.,Alexandrova E.,Alexandrova E.,0.6129,Alexandrova E.,True,2026-08-19 17:00:41.573572+00:00,,,
WTA|Cincinnati Open|2026|R2|Bencic B.::Boisson L.,live_espn,WTA,Cincinnati Open,2026,Round 2,2,2026-08-16 02:20:00+00:00,Boisson L.,Bencic B.,Bencic B.,0.7814,Boisson L.,False,2026-08-19 17:00:41.561559+00:00,,,
WTA|Cincinnati Open|2026|R2|Bouzkova M.::Stefanini L.,live_espn,WTA,Cincinnati Open,2026,Round 2,2,2026-08-16 17:10:00+00:00,Bouzkova M.,Stefanini L.,Bouzkova M.,0.7187,Bouzkova M.,True,2026-08-19 17:00:41.568569+00:00,,,
WTA|Cincinnati Open|2026|R2|Bucsa C.::Chwalinska M.,live_espn,WTA,Cincinnati Open,2026,Round 2,2,2026-08-15 15:05:00+00:00,Bucsa C.,Chwalinska M.,Bucsa C.,0.5076,Chwalinska M.,False,2026-08-19 17:00:41.549557+00:00,,,
WTA|Cincinnati Open|2026|R2|Bartunkova N.::Cirstea S.,live_espn,WTA,Cincinnati Open,2026,Round 2,2,2026-08-15 19:20:00+00:00,Cirstea S.,Bartunkova N.,Cirstea S.,0.7345,Cirstea S.,True,2026-08-19 17:00:41.555558+00:00,,,
WTA|Cincinnati Open|2026|R2|Eala A.::Ruse E.G.,live_espn,WTA,Cincinnati Open,2026,Round 2,2,2026-08-15 15:10:00+00:00,Eala A.,Ruse E.G.,Eala A.,0.7351,Eala A.,True,2026-08-19 17:00:41.550558+00:00,,,
WTA|Cincinnati Open|2026|R2|Fernandez L.::Wang Xiy.,live_espn,WTA,Cincinnati Open,2026,Round 2,2,2026-08-16 21:20:00+00:00,Fernandez L.,Wang Xiy.,Fernandez L.,0.5142,Wang Xiy.,False,2026-08-19 17:00:41.574570+00:00,,,
WTA|Cincinnati Open|2026|R2|Gauff C.::Samsonova L.,live_espn,WTA,Cincinnati Open,2026,Round 2,2,2026-08-16 23:05:00+00:00,Gauff C.,Samsonova L.,Gauff C.,0.8361,Gauff C.,True,2026-08-19 17:00:41.577570+00:00,,,
WTA|Cincinnati Open|2026|R2|Jovic I.::Korpatsch T.,live_espn,WTA,Cincinnati Open,2026,Round 2,2,2026-08-16 21:50:00+00:00,Korpatsch T.,Jovic I.,Jovic I.,0.6855,Jovic I.,True,2026-08-19 17:00:41.575569+00:00,,,
WTA|Cincinnati Open|2026|R2|Kenin S.::Kostyuk M.,live_espn,WTA,Cincinnati Open,2026,Round 2,2,2026-08-16 19:05:00+00:00,Kostyuk M.,Kenin S.,Kostyuk M.,0.8185,Kostyuk M.,True,2026-08-19 17:00:41.570571+00:00,,,
WTA|Cincinnati Open|2026|R2|Bejlek S.::Krejcikova B.,live_espn,WTA,Cincinnati Open,2026,Round 2,2,2026-08-16 15:05:00+00:00,Krejcikova B.,Bejlek S.,Krejcikova B.,0.7221,Bejlek S.,False,2026-08-19 17:00:41.566570+00:00,,,
WTA|Cincinnati Open|2026|R2|Kalinskaya A.::McNally C.,live_espn,WTA,Cincinnati Open,2026,Round 2,2,2026-08-15 18:00:00+00:00,McNally C.,Kalinskaya A.,Kalinskaya A.,0.7058,Kalinskaya A.,True,2026-08-19 17:00:41.551558+00:00,,,
WTA|Cincinnati Open|2026|R2|Mertens E.::Parry D.,live_espn,WTA,Cincinnati Open,2026,Round 2,2,2026-08-15 22:55:00+00:00,Mertens E.,Parry D.,Mertens E.,0.6601,Parry D.,False,2026-08-19 17:00:41.558557+00:00,,,
WTA|Cincinnati Open|2026|R2|Kalinina A.::Navarro E.,live_espn,WTA,Cincinnati Open,2026,Round 2,2,2026-08-15 21:30:00+00:00,Navarro E.,Kalinina A.,Navarro E.,0.6035,Navarro E.,True,2026-08-19 17:00:41.558557+00:00,,,
WTA|Cincinnati Open|2026|R2|Boulter K.::Noskova L.,live_espn,WTA,Cincinnati Open,2026,Round 2,2,2026-08-15 19:00:00+00:00,Noskova L.,Boulter K.,Noskova L.,0.6467,Noskova L.,True,2026-08-19 17:00:41.554558+00:00,,,
WTA|Cincinnati Open|2026|R2|Andreeva M.::Oliynykova O.,live_espn,WTA,Cincinnati Open,2026,Round 2,2,2026-08-16 15:05:00+00:00,Oliynykova O.,Andreeva M.,Andreeva M.,0.7389,Andreeva M.,True,2026-08-19 17:00:41.563637+00:00,,,
WTA|Cincinnati Open|2026|R2|Frech M.::Ostapenko J.,live_espn,WTA,Cincinnati Open,2026,Round 2,2,2026-08-15 18:50:00+00:00,Ostapenko J.,Frech M.,Ostapenko J.,0.5511,Frech M.,False,2026-08-19 17:00:41.553557+00:00,,,
WTA|Cincinnati Open|2026|R2|Rakhimova K.::Sakkari M.,live_espn,WTA,Cincinnati Open,2026,Round 2,2,2026-08-15 21:20:00+00:00,Rakhimova K.,Sakkari M.,Sakkari M.,0.7465,Sakkari M.,True,2026-08-19 17:00:41.557560+00:00,,,
WTA|Cincinnati Open|2026|R2|Gibson T.::Sabalenka A.,live_espn,WTA,Cincinnati Open,2026,Round 2,2,2026-08-16 19:10:00+00:00,Sabalenka A.,Gibson T.,Sabalenka A.,0.9411,Sabalenka A.,True,2026-08-19 17:00:41.571570+00:00,,,
WTA|Cincinnati Open|2026|R2|Maria T.::Shnaider D.,live_espn,WTA,Cincinnati Open,2026,Round 2,2,2026-08-15 18:25:00+00:00,Shnaider D.,Maria T.,Shnaider D.,0.8265,Shnaider D.,True,2026-08-19 17:00:41.552558+00:00,,,
WTA|Cincinnati Open|2026|R2|Bouzas Maneiro J.::Siniakova K.,live_espn,WTA,Cincinnati Open,2026,Round 2,2,2026-08-16 20:10:00+00:00,Siniakova K.,Bouzas Maneiro J.,Siniakova K.,0.6831,Siniakova K.,True,2026-08-19 17:00:41.572570+00:00,,,
WTA|Cincinnati Open|2026|R2|Keys M.::Snigur D.,live_espn,WTA,Cincinnati Open,2026,Round 2,2,2026-08-16 16:25:00+00:00,Snigur D.,Keys M.,Keys M.,0.6957,Keys M.,True,2026-08-19 17:00:41.567569+00:00,,,
WTA|Cincinnati Open|2026|R2|Anisimova A.::Sonmez Z.,live_espn,WTA,Cincinnati Open,2026,Round 2,2,2026-08-15 15:05:00+00:00,Sonmez Z.,Anisimova A.,Anisimova A.,0.8243,Anisimova A.,True,2026-08-19 17:00:41.548558+00:00,,,
WTA|Cincinnati Open|2026|R2|Stearns P.::Tauson C.,live_espn,WTA,Cincinnati Open,2026,Round 2,2,2026-08-16 00:25:00+00:00,Stearns P.,Tauson C.,Tauson C.,0.5918,Tauson C.,True,2026-08-19 17:00:41.559558+00:00,,,
WTA|Cincinnati Open|2026|R2|Potapova A.::Stephens S.,live_espn,WTA,Cincinnati Open,2026,Round 2,2,2026-08-16 22:20:00+00:00,Stephens S.,Potapova A.,Potapova A.,0.7419,Stephens S.,False,2026-08-19 17:00:41.576570+00:00,,,
WTA|Cincinnati Open|2026|R2|Arango E.::Swiatek I.,live_espn,WTA,Cincinnati Open,2026,Round 2,2,2026-08-16 16:50:00+00:00,Swiatek I.,Arango E.,Swiatek I.,0.8869,Swiatek I.,True,2026-08-19 17:00:41.568569+00:00,,,
WTA|Cincinnati Open|2026|R2|Golubic V.::Tjen J.,live_espn,WTA,Cincinnati Open,2026,Round 2,2,2026-08-16 15:05:00+00:00,Tjen J.,Golubic V.,Tjen J.,0.5964,Tjen J.,True,2026-08-19 17:00:41.562558+00:00,,,
WTA|Cincinnati Open|2026|R2|Rybakina E.::Townsend T.,live_espn,WTA,Cincinnati Open,2026,Round 2,2,2026-08-16 15:05:00+00:00,Townsend T.,Rybakina E.,Rybakina E.,0.878,Rybakina E.,True,2026-08-19 17:00:41.564570+00:00,,,
WTA|Cincinnati Open|2026|R2|Svitolina E.::Valentova T.,live_espn,WTA,Cincinnati Open,2026,Round 2,2,2026-08-17 01:45:00+00:00,Valentova T.,Svitolina E.,Svitolina E.,0.7346,Svitolina E.,True,2026-08-19 17:00:41.578570+00:00,,,
WTA|Cincinnati Open|2026|R2|Pegula J.::Waltert S.,live_espn,WTA,Cincinnati Open,2026,Round 2,2,2026-08-15 20:35:00+00:00,Waltert S.,Pegula J.,Pegula J.,0.9281,Pegula J.,True,2026-08-19 17:00:41.556558+00:00,,,
WTA|Cincinnati Open|2026|R2|Vekic D.::Wang Xin.,live_espn,WTA,Cincinnati Open,2026,Round 2,2,2026-08-16 15:05:00+00:00,Wang Xin.,Vekic D.,Wang Xin.,0.5304,Wang Xin.,True,2026-08-19 17:00:41.565569+00:00,,,
WTA|Cincinnati Open|2026|R2|Li A.::Zhang S.,live_espn,WTA,Cincinnati Open,2026,Round 2,2,2026-08-16 18:35:00+00:00,Zhang S.,Li A.,Li A.,0.5057,Li A.,True,2026-08-19 17:00:41.569570+00:00,,,
WTA|Cincinnati Open|2026|R3|Alexandrova E.::Bejlek S.,live_espn,WTA,Cincinnati Open,2026,Round 3,3,2026-08-18 21:05:00+00:00,Bejlek S.,Alexandrova E.,Alexandrova E.,0.5271,Bejlek S.,False,2026-08-19 17:00:41.590570+00:00,,,
WTA|Cincinnati Open|2026|R3|Bouzkova M.::Jovic I.,live_espn,WTA,Cincinnati Open,2026,Round 3,3,2026-08-19 00:55:00+00:00,Bouzkova M.,Jovic I.,Jovic I.,0.5783,Bouzkova M.,False,2026-08-19 17:00:41.592570+00:00,,,
WTA|Cincinnati Open|2026|R3|Cirstea S.::Kalinskaya A.,live_espn,WTA,Cincinnati Open,2026,Round 3,3,2026-08-17 17:50:00+00:00,Cirstea S.,Kalinskaya A.,Cirstea S.,0.549,Cirstea S.,True,2026-08-19 17:00:41.581570+00:00,,,
WTA|Cincinnati Open|2026|R3|Anisimova A.::Eala A.,live_espn,WTA,Cincinnati Open,2026,Round 3,3,2026-08-18 02:20:00+00:00,Eala A.,Anisimova A.,Anisimova A.,0.694,Anisimova A.,True,2026-08-19 17:00:41.585571+00:00,,,
WTA|Cincinnati Open|2026|R3|Frech M.::Rybakina E.,live_espn,WTA,Cincinnati Open,2026,Round 3,3,2026-08-17 17:25:00+00:00,Frech M.,Rybakina E.,Rybakina E.,0.9121,Rybakina E.,True,2026-08-19 17:00:41.581570+00:00,,,
WTA|Cincinnati Open|2026|R3|Gauff C.::Li A.,live_espn,WTA,Cincinnati Open,2026,Round 3,3,2026-08-18 19:05:00+00:00,Gauff C.,Li A.,Gauff C.,0.8607,Gauff C.,True,2026-08-19 17:00:41.588571+00:00,,,
WTA|Cincinnati Open|2026|R3|Kostyuk M.::Stephens S.,live_espn,WTA,Cincinnati Open,2026,Round 3,3,2026-08-18 19:05:00+00:00,Kostyuk M.,Stephens S.,Kostyuk M.,0.8608,Kostyuk M.,True,2026-08-19 17:00:41.589571+00:00,,,
WTA|Cincinnati Open|2026|R3|Navarro E.::Pegula J.,live_espn,WTA,Cincinnati Open,2026,Round 3,3,2026-08-17 22:55:00+00:00,Navarro E.,Pegula J.,Pegula J.,0.8856,Pegula J.,True,2026-08-19 17:00:41.584570+00:00,,,
WTA|Cincinnati Open|2026|R3|Noskova L.::Tauson C.,live_espn,WTA,Cincinnati Open,2026,Round 3,3,2026-08-17 22:45:00+00:00,Noskova L.,Tauson C.,Noskova L.,0.5727,Noskova L.,True,2026-08-19 17:00:41.583570+00:00,,,
WTA|Cincinnati Open|2026|R3|Boisson L.::Parry D.,live_espn,WTA,Cincinnati Open,2026,Round 3,3,2026-08-17 15:05:00+00:00,Parry D.,Boisson L.,Parry D.,0.561,Parry D.,True,2026-08-19 17:00:41.579570+00:00,,,
WTA|Cincinnati Open|2026|R3|Sabalenka A.::Wang Xin.,live_espn,WTA,Cincinnati Open,2026,Round 3,3,2026-08-18 23:05:00+00:00,Sabalenka A.,Wang Xin.,Sabalenka A.,0.946,Sabalenka A.,True,2026-08-19 17:00:41.591570+00:00,,,
WTA|Cincinnati Open|2026|R3|Chwalinska M.::Shnaider D.,live_espn,WTA,Cincinnati Open,2026,Round 3,3,2026-08-17 19:05:00+00:00,Shnaider D.,Chwalinska M.,Shnaider D.,0.6538,Shnaider D.,True,2026-08-19 17:00:41.582570+00:00,,,
WTA|Cincinnati Open|2026|R3|Keys M.::Siniakova K.,live_espn,WTA,Cincinnati Open,2026,Round 3,3,2026-08-18 15:05:00+00:00,Siniakova K.,Keys M.,Keys M.,0.6431,Keys M.,True,2026-08-19 17:00:41.586570+00:00,,,
WTA|Cincinnati Open|2026|R3|Sakkari M.::Swiatek I.,live_espn,WTA,Cincinnati Open,2026,Round 3,3,2026-08-17 15:05:00+00:00,Swiatek I.,Sakkari M.,Swiatek I.,0.761,Swiatek I.,True,2026-08-19 17:00:41.580571+00:00,,,
WTA|Cincinnati Open|2026|R3|Andreeva M.::Tjen J.,live_espn,WTA,Cincinnati Open,2026,Round 3,3,2026-08-18 16:45:00+00:00,Tjen J.,Andreeva M.,Andreeva M.,0.7452,Andreeva M.,True,2026-08-19 17:00:41.587571+00:00,,,
WTA|Cincinnati Open|2026|R3|Svitolina E.::Wang Xiy.,live_espn,WTA,Cincinnati Open,2026,Round 3,3,2026-08-18 18:00:00+00:00,Wang Xiy.,Svitolina E.,Svitolina E.,0.872,Wang Xiy.,False,2026-08-19 17:00:41.588571+00:00,,,
WTA|Cincinnati Open|2026|R4|Cirstea S.::Pegula J.,live_espn,WTA,Cincinnati Open,2026,Round 4,4,2026-08-19 16:55:00+00:00,Cirstea S.,Pegula J.,Pegula J.,0.7024,Pegula J.,True,2026-08-19 21:54:04.224444+00:00,,,
WTA|Cincinnati Open|2026|R4|Bouzkova M.::Gauff C.,live_espn,WTA,Cincinnati Open,2026,Round 4,4,2026-08-19 22:30:00+00:00,Gauff C.,Bouzkova M.,Gauff C.,0.8265,Gauff C.,True,2026-08-24 18:09:26.084212+00:00,,STATUS_FINAL,False
WTA|Cincinnati Open|2026|R4|Keys M.::Wang Xiy.,live_espn,WTA,Cincinnati Open,2026,Round 4,4,2026-08-19 23:05:00+00:00,Keys M.,Wang Xiy.,Keys M.,0.8275,Keys M.,True,2026-08-24 18:09:26.084730+00:00,,STATUS_FINAL,False
WTA|Cincinnati Open|2026|R4|Andreeva M.::Kostyuk M.,live_espn,WTA,Cincinnati Open,2026,Round 4,4,2026-08-19 17:05:00+00:00,Kostyuk M.,Andreeva M.,Kostyuk M.,0.5004,Kostyuk M.,True,2026-08-19 21:54:04.225445+00:00,,,
WTA|Cincinnati Open|2026|R4|Anisimova A.::Noskova L.,live_espn,WTA,Cincinnati Open,2026,Round 4,4,2026-08-19 18:55:00+00:00,Noskova L.,Anisimova A.,Anisimova A.,0.6777,Anisimova A.,True,2026-08-19 21:54:04.226446+00:00,,,
WTA|Cincinnati Open|2026|R4|Bejlek S.::Sabalenka A.,live_espn,WTA,Cincinnati Open,2026,Round 4,4,2026-08-20 02:10:00+00:00,Sabalenka A.,Bejlek S.,Sabalenka A.,0.9259,Bejlek S.,False,2026-08-24 18:09:26.086727+00:00,,STATUS_FINAL,False
WTA|Cincinnati Open|2026|R4|Rybakina E.::Shnaider D.,live_espn,WTA,Cincinnati Open,2026,Round 4,4,2026-08-19 20:50:00+00:00,Shnaider D.,Rybakina E.,Rybakina E.,0.8403,Rybakina E.,True,2026-08-24 18:09:26.083211+00:00,,STATUS_FINAL,False
WTA|Cincinnati Open|2026|R4|Parry D.::Swiatek I.,live_espn,WTA,Cincinnati Open,2026,Round 4,4,2026-08-19 15:05:00+00:00,Swiatek I.,Parry D.,Swiatek I.,0.847,Swiatek I.,True,2026-08-19 17:00:41.593571+00:00,,,
WTA|Cincinnati Open|2026|R5|Anisimova A.::Pegula J.,live_espn,WTA,Cincinnati Open,2026,Quarterfinal,5,2026-08-20 17:05:00+00:00,Anisimova A.,Pegula J.,Pegula J.,0.5934,Pegula J.,True,2026-08-24 18:09:26.087938+00:00,,STATUS_FINAL,False
WTA|Cincinnati Open|2026|R5|Bejlek S.::Keys M.,live_espn,WTA,Cincinnati Open,2026,Quarterfinal,5,2026-08-21 17:05:00+00:00,Bejlek S.,Keys M.,Keys M.,0.6807,Bejlek S.,False,2026-08-24 18:09:26.089886+00:00,,STATUS_FINAL,False
WTA|Cincinnati Open|2026|R5|Gauff C.::Kostyuk M.,live_espn,WTA,Cincinnati Open,2026,Quarterfinal,5,2026-08-22 01:45:00+00:00,Gauff C.,Kostyuk M.,Gauff C.,0.6645,Gauff C.,True,2026-08-24 18:09:26.090886+00:00,,STATUS_FINAL,False
WTA|Cincinnati Open|2026|R5|Rybakina E.::Swiatek I.,live_espn,WTA,Cincinnati Open,2026,Quarterfinal,5,2026-08-20 23:05:00+00:00,Swiatek I.,Rybakina E.,Rybakina E.,0.6714,Swiatek I.,False,2026-08-24 18:09:26.088886+00:00,,STATUS_RETIRED,True
WTA|Cincinnati Open|2026|R6|Bejlek S.::Gauff C.,live_espn,WTA,Cincinnati Open,2026,Semifinal,6,2026-08-23 01:15:00+00:00,Bejlek S.,Gauff C.,Gauff C.,0.8375,Gauff C.,True,2026-08-24 18:09:26.093919+00:00,,STATUS_FINAL,False
WTA|Cincinnati Open|2026|R6|Pegula J.::Swiatek I.,live_espn,WTA,Cincinnati Open,2026,Semifinal,6,2026-08-22 19:55:00+00:00,Pegula J.,Swiatek I.,Pegula J.,0.516,Pegula J.,True,2026-08-24 18:09:26.092399+00:00,,STATUS_FINAL,False
WTA|Cincinnati Open|2026|R7|Gauff C.::Pegula J.,live_espn,WTA,Cincinnati Open,2026,Final,7,2026-08-23 23:05:00+00:00,Gauff C.,Pegula J.,Pegula J.,0.5009,Gauff C.,False,2026-08-24 18:09:26.094916+00:00,,STATUS_FINAL,False
WTA|National Bank Open presented by Rogers|2026|R1|Andreescu B.::Bartunkova N.,kaggle_concluded,WTA,National Bank Open presented by Rogers,2026,Round 1,1,2026-08-03 00:00:00+00:00,Andreescu B.,Bartunkova N.,Bartunkova N.,0.6441,Bartunkova N.,True,2026-08-19 17:00:39.443240+00:00,,,
WTA|National Bank Open presented by Rogers|2026|R1|Arseneault A.::Bouzas Maneiro J.,kaggle_concluded,WTA,National Bank Open presented by Rogers,2026,Round 1,1,2026-08-02 00:00:00+00:00,Arseneault A.,Bouzas Maneiro J.,Bouzas Maneiro J.,0.7592,Bouzas Maneiro J.,True,2026-08-19 17:00:39.437240+00:00,,,
WTA|National Bank Open presented by Rogers|2026|R1|Bejlek S.::Wang Xiy.,kaggle_concluded,WTA,National Bank Open presented by Rogers,2026,Round 1,1,2026-08-02 00:00:00+00:00,Bejlek S.,Wang Xiy.,Bejlek S.,0.6755,Bejlek S.,True,2026-08-19 17:00:39.438241+00:00,,,
WTA|National Bank Open presented by Rogers|2026|R1|Blinkova A.::Sramkova R.,kaggle_concluded,WTA,National Bank Open presented by Rogers,2026,Round 1,1,2026-08-03 00:00:00+00:00,Blinkova A.,Sramkova R.,Blinkova A.,0.5586,Sramkova R.,False,2026-08-19 17:00:39.445241+00:00,,,
WTA|National Bank Open presented by Rogers|2026|R1|Bondar A.::Kalinina A.,kaggle_concluded,WTA,National Bank Open presented by Rogers,2026,Round 1,1,2026-08-03 00:00:00+00:00,Bondar A.,Kalinina A.,Kalinina A.,0.5782,Bondar A.,False,2026-08-19 17:00:39.446240+00:00,,,
WTA|National Bank Open presented by Rogers|2026|R1|Boulter K.::Cross K.,kaggle_concluded,WTA,National Bank Open presented by Rogers,2026,Round 1,1,2026-08-03 00:00:00+00:00,Boulter K.,Cross K.,Boulter K.,0.7046,Cross K.,False,2026-08-19 17:00:39.446240+00:00,,,
WTA|National Bank Open presented by Rogers|2026|R1|Day K.::Parry D.,kaggle_concluded,WTA,National Bank Open presented by Rogers,2026,Round 1,1,2026-08-03 00:00:00+00:00,Day K.,Parry D.,Parry D.,0.677,Day K.,False,2026-08-19 17:00:39.447241+00:00,,,
WTA|National Bank Open presented by Rogers|2026|R1|Frech M.::Jeanjean L.,kaggle_concluded,WTA,National Bank Open presented by Rogers,2026,Round 1,1,2026-08-03 00:00:00+00:00,Frech M.,Jeanjean L.,Frech M.,0.7618,Frech M.,True,2026-08-19 17:00:39.448243+00:00,,,
WTA|National Bank Open presented by Rogers|2026|R1|Birrell K.::Golubic V.,kaggle_concluded,WTA,National Bank Open presented by Rogers,2026,Round 1,1,2026-08-02 00:00:00+00:00,Golubic V.,Birrell K.,Birrell K.,0.5924,Golubic V.,False,2026-08-19 17:00:39.439241+00:00,,,
WTA|National Bank Open presented by Rogers|2026|R1|Ito A.::Sebov K.,kaggle_concluded,WTA,National Bank Open presented by Rogers,2026,Round 1,1,2026-08-02 00:00:00+00:00,Ito A.,Sebov K.,Ito A.,0.5311,Sebov K.,False,2026-08-19 17:00:39.440240+00:00,,,
WTA|National Bank Open presented by Rogers|2026|R1|Brace C.::Kessler M.,kaggle_concluded,WTA,National Bank Open presented by Rogers,2026,Round 1,1,2026-08-03 00:00:00+00:00,Kessler M.,Brace C.,Kessler M.,0.6602,Kessler M.,True,2026-08-19 17:00:39.449242+00:00,,,
WTA|National Bank Open presented by Rogers|2026|R1|Korpatsch T.::Zarazua R.,kaggle_concluded,WTA,National Bank Open presented by Rogers,2026,Round 1,1,2026-08-03 00:00:00+00:00,Korpatsch T.,Zarazua R.,Korpatsch T.,0.5196,Zarazua R.,False,2026-08-19 17:00:39.450240+00:00,,,
WTA|National Bank Open presented by Rogers|2026|R1|Maria T.::McNally C.,kaggle_concluded,WTA,National Bank Open presented by Rogers,2026,Round 1,1,2026-08-04 00:00:00+00:00,Maria T.,McNally C.,McNally C.,0.7234,McNally C.,True,2026-08-19 17:00:39.459242+00:00,,,
WTA|National Bank Open presented by Rogers|2026|R1|Oliynykova O.::Pliskova Ka.,kaggle_concluded,WTA,National Bank Open presented by Rogers,2026,Round 1,1,2026-08-03 00:00:00+00:00,Oliynykova O.,Pliskova Ka.,Pliskova Ka.,0.5468,Pliskova Ka.,True,2026-08-19 17:00:39.451241+00:00,,,
WTA|National Bank Open presented by Rogers|2026|R1|Jimenez Kasintseva V.::Parks A.,kaggle_concluded,WTA,National Bank Open presented by Rogers,2026,Round 1,1,2026-08-03 00:00:00+00:00,Parks A.,Jimenez Kasintseva V.,Parks A.,0.5618,Parks A.,True,2026-08-19 17:00:39.452241+00:00,,,
WTA|National Bank Open presented by Rogers|2026|R1|Putintseva Y.::Zhang S.,kaggle_concluded,WTA,National Bank Open presented by Rogers,2026,Round 1,1,2026-08-03 00:00:00+00:00,Putintseva Y.,Zhang S.,Putintseva Y.,0.5128,Zhang S.,False,2026-08-19 17:00:39.453240+00:00,,,
WTA|National Bank Open presented by Rogers|2026|R1|Ruse E.G.::Stearns P.,kaggle_concluded,WTA,National Bank Open presented by Rogers,2026,Round 1,1,2026-08-03 00:00:00+00:00,Ruse E.G.,Stearns P.,Stearns P.,0.6211,Ruse E.G.,False,2026-08-19 17:00:39.453240+00:00,,,
WTA|National Bank Open presented by Rogers|2026|R1|Boisson L.::Ruzic A.,kaggle_concluded,WTA,National Bank Open presented by Rogers,2026,Round 1,1,2026-08-03 00:00:00+00:00,Ruzic A.,Boisson L.,Ruzic A.,0.5873,Ruzic A.,True,2026-08-19 17:00:39.454241+00:00,,,
WTA|National Bank Open presented by Rogers|2026|R1|Marino R.::Sonmez Z.,kaggle_concluded,WTA,National Bank Open presented by Rogers,2026,Round 1,1,2026-08-04 00:00:00+00:00,Sonmez Z.,Marino R.,Sonmez Z.,0.7384,Sonmez Z.,True,2026-08-19 17:00:39.460241+00:00,,,
WTA|National Bank Open presented by Rogers|2026|R1|Joint M.::Starodubtseva Y.,kaggle_concluded,WTA,National Bank Open presented by Rogers,2026,Round 1,1,2026-08-03 00:00:00+00:00,Starodubtseva Y.,Joint M.,Joint M.,0.6144,Joint M.,True,2026-08-19 17:00:39.455242+00:00,,,
WTA|National Bank Open presented by Rogers|2026|R1|Osorio M.::Stefanini L.,kaggle_concluded,WTA,National Bank Open presented by Rogers,2026,Round 1,1,2026-08-02 00:00:00+00:00,Stefanini L.,Osorio M.,Osorio M.,0.6718,Osorio M.,True,2026-08-19 17:00:39.441240+00:00,,,
WTA|National Bank Open presented by Rogers|2026|R1|Sierra S.::Stephens S.,kaggle_concluded,WTA,National Bank Open presented by Rogers,2026,Round 1,1,2026-08-04 00:00:00+00:00,Stephens S.,Sierra S.,Sierra S.,0.5924,Stephens S.,False,2026-08-19 17:00:39.461241+00:00,,,
WTA|National Bank Open presented by Rogers|2026|R1|Jones E.::Tararudee L.,kaggle_concluded,WTA,National Bank Open presented by Rogers,2026,Round 1,1,2026-08-03 00:00:00+00:00,Tararudee L.,Jones E.,Tararudee L.,0.5693,Tararudee L.,True,2026-08-19 17:00:39.456241+00:00,,,
WTA|National Bank Open presented by Rogers|2026|R1|Samsonova L.::Tjen J.,kaggle_concluded,WTA,National Bank Open presented by Rogers,2026,Round 1,1,2026-08-03 00:00:00+00:00,Tjen J.,Samsonova L.,Tjen J.,0.51,Samsonova L.,False,2026-08-19 17:00:39.457240+00:00,,,
WTA|National Bank Open presented by Rogers|2026|R1|Townsend T.::Valentova T.,kaggle_concluded,WTA,National Bank Open presented by Rogers,2026,Round 1,1,2026-08-03 00:00:00+00:00,Townsend T.,Valentova T.,Townsend T.,0.5078,Townsend T.,True,2026-08-19 17:00:39.458240+00:00,,,
WTA|National Bank Open presented by Rogers|2026|R1|Bucsa C.::Uchijima M.,kaggle_concluded,WTA,National Bank Open presented by Rogers,2026,Round 1,1,2026-08-02 00:00:00+00:00,Uchijima M.,Bucsa C.,Bucsa C.,0.7341,Uchijima M.,False,2026-08-19 17:00:39.442241+00:00,,,
WTA|National Bank Open presented by Rogers|2026|R1|Kasatkina D.::Wang Xin.,kaggle_concluded,WTA,National Bank Open presented by Rogers,2026,Round 1,1,2026-08-04 00:00:00+00:00,Wang Xin.,Kasatkina D.,Wang Xin.,0.5068,Kasatkina D.,False,2026-08-19 17:00:39.462241+00:00,,,
WTA|National Bank Open presented by Rogers|2026|R1|Rakhimova K.::Williams V.,kaggle_concluded,WTA,National Bank Open presented by Rogers,2026,Round 1,1,2026-08-02 00:00:00+00:00,Williams V.,Rakhimova K.,Rakhimova K.,0.6198,Rakhimova K.,True,2026-08-19 17:00:39.443240+00:00,,,
WTA|National Bank Open presented by Rogers|2026|R1|Linette M.::Zhao C.,kaggle_concluded,WTA,National Bank Open presented by Rogers,2026,Round 1,1,2026-08-03 00:00:00+00:00,Zhao C.,Linette M.,Linette M.,0.7032,Linette M.,True,2026-08-19 17:00:39.459242+00:00,,,
WTA|National Bank Open presented by Rogers|2026|R2|Alexandrova E.::Osorio M.,kaggle_concluded,WTA,National Bank Open presented by Rogers,2026,Round 2,2,2026-08-04 00:00:00+00:00,Alexandrova E.,Osorio M.,Alexandrova E.,0.5515,Alexandrova E.,True,2026-08-19 17:00:39.463241+00:00,,,
WTA|National Bank Open presented by Rogers|2026|R2|Bejlek S.::Swiatek I.,kaggle_concluded,WTA,National Bank Open presented by Rogers,2026,Round 2,2,2026-08-04 00:00:00+00:00,Bejlek S.,Swiatek I.,Swiatek I.,0.807,Swiatek I.,True,2026-08-19 17:00:39.463871+00:00,,,
WTA|National Bank Open presented by Rogers|2026|R2|Bouzkova M.::Townsend T.,kaggle_concluded,WTA,National Bank Open presented by Rogers,2026,Round 2,2,2026-08-05 00:00:00+00:00,Bouzkova M.,Townsend T.,Bouzkova M.,0.5291,Townsend T.,False,2026-08-19 17:00:39.467866+00:00,,,
WTA|National Bank Open presented by Rogers|2026|R2|Cirstea S.::Joint M.,kaggle_concluded,WTA,National Bank Open presented by Rogers,2026,Round 2,2,2026-08-06 00:00:00+00:00,Cirstea S.,Joint M.,Cirstea S.,0.7587,Joint M.,False,2026-08-19 17:00:39.476866+00:00,,,
WTA|National Bank Open presented by Rogers|2026|R2|Eala A.::Parks A.,kaggle_concluded,WTA,National Bank Open presented by Rogers,2026,Round 2,2,2026-08-06 00:00:00+00:00,Eala A.,Parks A.,Eala A.,0.7249,Eala A.,True,2026-08-19 17:00:39.476866+00:00,,,
WTA|National Bank Open presented by Rogers|2026|R2|Fernandez L.::Zarazua R.,kaggle_concluded,WTA,National Bank Open presented by Rogers,2026,Round 2,2,2026-08-06 00:00:00+00:00,Fernandez L.,Zarazua R.,Zarazua R.,0.5887,Fernandez L.,False,2026-08-19 17:00:39.477866+00:00,,,
WTA|National Bank Open presented by Rogers|2026|R2|Day K.::Gauff C.,kaggle_concluded,WTA,National Bank Open presented by Rogers,2026,Round 2,2,2026-08-05 00:00:00+00:00,Gauff C.,Day K.,Gauff C.,0.9301,Gauff C.,True,2026-08-19 17:00:39.468865+00:00,,,
WTA|National Bank Open presented by Rogers|2026|R2|Chwalinska M.::Gibson T.,kaggle_concluded,WTA,National Bank Open presented by Rogers,2026,Round 2,2,2026-08-04 00:00:00+00:00,Gibson T.,Chwalinska M.,Chwalinska M.,0.5209,Gibson T.,False,2026-08-19 17:00:39.463871+00:00,,,
WTA|National Bank Open presented by Rogers|2026|R2|Kalinskaya A.::Kessler M.,kaggle_concluded,WTA,National Bank Open presented by Rogers,2026,Round 2,2,2026-08-04 00:00:00+00:00,Kessler M.,Kalinskaya A.,Kalinskaya A.,0.6436,Kalinskaya A.,True,2026-08-19 17:00:39.464866+00:00,,,
WTA|National Bank Open presented by Rogers|2026|R2|Keys M.::Ruzic A.,kaggle_concluded,WTA,National Bank Open presented by Rogers,2026,Round 2,2,2026-08-04 00:00:00+00:00,Keys M.,Ruzic A.,Keys M.,0.7343,Keys M.,True,2026-08-19 17:00:39.464866+00:00,,,
WTA|National Bank Open presented by Rogers|2026|R2|Korneeva A.::Navarro E.,kaggle_concluded,WTA,National Bank Open presented by Rogers,2026,Round 2,2,2026-08-05 00:00:00+00:00,Korneeva A.,Navarro E.,Navarro E.,0.5899,Korneeva A.,False,2026-08-19 17:00:39.469867+00:00,,,
WTA|National Bank Open presented by Rogers|2026|R2|Cross K.::Li A.,kaggle_concluded,WTA,National Bank Open presented by Rogers,2026,Round 2,2,2026-08-05 00:00:00+00:00,Li A.,Cross K.,Li A.,0.6415,Li A.,True,2026-08-19 17:00:39.469867+00:00,,,
WTA|National Bank Open presented by Rogers|2026|R2|Jovic I.::Linette M.,kaggle_concluded,WTA,National Bank Open presented by Rogers,2026,Round 2,2,2026-08-05 00:00:00+00:00,Linette M.,Jovic I.,Jovic I.,0.6353,Jovic I.,True,2026-08-19 17:00:39.470868+00:00,,,
WTA|National Bank Open presented by Rogers|2026|R2|Bondar A.::Mertens E.,kaggle_concluded,WTA,National Bank Open presented by Rogers,2026,Round 2,2,2026-08-05 00:00:00+00:00,Mertens E.,Bondar A.,Mertens E.,0.7785,Mertens E.,True,2026-08-19 17:00:39.470868+00:00,,,
WTA|National Bank Open presented by Rogers|2026|R2|McNally C.::Noskova L.,kaggle_concluded,WTA,National Bank Open presented by Rogers,2026,Round 2,2,2026-08-05 00:00:00+00:00,Noskova L.,McNally C.,Noskova L.,0.6885,McNally C.,False,2026-08-19 17:00:39.471866+00:00,,,
WTA|National Bank Open presented by Rogers|2026|R2|Frech M.::Pegula J.,kaggle_concluded,WTA,National Bank Open presented by Rogers,2026,Round 2,2,2026-08-05 00:00:00+00:00,Pegula J.,Frech M.,Pegula J.,0.8826,Pegula J.,True,2026-08-19 17:00:39.471866+00:00,,,
WTA|National Bank Open presented by Rogers|2026|R2|Andreeva M.::Pliskova Ka.,kaggle_concluded,WTA,National Bank Open presented by Rogers,2026,Round 2,2,2026-08-05 00:00:00+00:00,Pliskova Ka.,Andreeva M.,Andreeva M.,0.7011,Andreeva M.,True,2026-08-19 17:00:39.472867+00:00,,,
WTA|National Bank Open presented by Rogers|2026|R2|Potapova A.::Ruse E.G.,kaggle_concluded,WTA,National Bank Open presented by Rogers,2026,Round 2,2,2026-08-04 00:00:00+00:00,Ruse E.G.,Potapova A.,Potapova A.,0.6602,Potapova A.,True,2026-08-19 17:00:39.465866+00:00,,,
WTA|National Bank Open presented by Rogers|2026|R2|Kasatkina D.::Rybakina E.,kaggle_concluded,WTA,National Bank Open presented by Rogers,2026,Round 2,2,2026-08-05 00:00:00+00:00,Rybakina E.,Kasatkina D.,Rybakina E.,0.9155,Rybakina E.,True,2026-08-19 17:00:39.472867+00:00,,,
WTA|National Bank Open presented by Rogers|2026|R2|Sabalenka A.::Uchijima M.,kaggle_concluded,WTA,National Bank Open presented by Rogers,2026,Round 2,2,2026-08-05 00:00:00+00:00,Sabalenka A.,Uchijima M.,Sabalenka A.,0.9776,Sabalenka A.,True,2026-08-19 17:00:39.473866+00:00,,,
WTA|National Bank Open presented by Rogers|2026|R2|Krejcikova B.::Samsonova L.,kaggle_concluded,WTA,National Bank Open presented by Rogers,2026,Round 2,2,2026-08-05 00:00:00+00:00,Samsonova L.,Krejcikova B.,Krejcikova B.,0.7344,Samsonova L.,False,2026-08-19 17:00:39.473866+00:00,,,
WTA|National Bank Open presented by Rogers|2026|R2|Kostyuk M.::Sebov K.,kaggle_concluded,WTA,National Bank Open presented by Rogers,2026,Round 2,2,2026-08-04 00:00:00+00:00,Sebov K.,Kostyuk M.,Kostyuk M.,0.8204,Kostyuk M.,True,2026-08-19 17:00:39.465866+00:00,,,
WTA|National Bank Open presented by Rogers|2026|R2|Shnaider D.::Sramkova R.,kaggle_concluded,WTA,National Bank Open presented by Rogers,2026,Round 2,2,2026-08-04 00:00:00+00:00,Shnaider D.,Sramkova R.,Shnaider D.,0.727,Shnaider D.,True,2026-08-19 17:00:39.466867+00:00,,,
WTA|National Bank Open presented by Rogers|2026|R2|Sakkari M.::Sonmez Z.,kaggle_concluded,WTA,National Bank Open presented by Rogers,2026,Round 2,2,2026-08-05 00:00:00+00:00,Sonmez Z.,Sakkari M.,Sakkari M.,0.6223,Sakkari M.,True,2026-08-19 17:00:39.473866+00:00,,,
WTA|National Bank Open presented by Rogers|2026|R2|Bencic B.::Stephens S.,kaggle_concluded,WTA,National Bank Open presented by Rogers,2026,Round 2,2,2026-08-05 00:00:00+00:00,Stephens S.,Bencic B.,Bencic B.,0.8767,Bencic B.,True,2026-08-19 17:00:39.474865+00:00,,,
WTA|National Bank Open presented by Rogers|2026|R2|Bouzas Maneiro J.::Svitolina E.,kaggle_concluded,WTA,National Bank Open presented by Rogers,2026,Round 2,2,2026-08-04 00:00:00+00:00,Svitolina E.,Bouzas Maneiro J.,Svitolina E.,0.8489,Svitolina E.,True,2026-08-19 17:00:39.466867+00:00,,,
WTA|National Bank Open presented by Rogers|2026|R2|Bartunkova N.::Tauson C.,kaggle_concluded,WTA,National Bank Open presented by Rogers,2026,Round 2,2,2026-08-05 00:00:00+00:00,Tauson C.,Bartunkova N.,Tauson C.,0.6114,Bartunkova N.,False,2026-08-19 17:00:39.474865+00:00,,,
WTA|National Bank Open presented by Rogers|2026|R2|Osaka N.::Udvardy P.,kaggle_concluded,WTA,National Bank Open presented by Rogers,2026,Round 2,2,2026-08-05 00:00:00+00:00,Udvardy P.,Osaka N.,Osaka N.,0.821,Osaka N.,True,2026-08-19 17:00:39.475866+00:00,,,
WTA|National Bank Open presented by Rogers|2026|R2|Golubic V.::Vekic D.,kaggle_concluded,WTA,National Bank Open presented by Rogers,2026,Round 2,2,2026-08-04 00:00:00+00:00,Vekic D.,Golubic V.,Vekic D.,0.546,Golubic V.,False,2026-08-19 17:00:39.467866+00:00,,,
WTA|National Bank Open presented by Rogers|2026|R3|Andreeva M.::Fernandez L.,kaggle_concluded,WTA,National Bank Open presented by Rogers,2026,Round 3,3,2026-08-07 00:00:00+00:00,Andreeva M.,Fernandez L.,Andreeva M.,0.8433,Fernandez L.,False,2026-08-19 17:00:39.478867+00:00,,,
WTA|National Bank Open presented by Rogers|2026|R3|Anisimova A.::Bartunkova N.,kaggle_concluded,WTA,National Bank Open presented by Rogers,2026,Round 3,3,2026-08-06 00:00:00+00:00,Anisimova A.,Bartunkova N.,Anisimova A.,0.8065,Anisimova A.,True,2026-08-19 17:00:39.477866+00:00,,,
WTA|National Bank Open presented by Rogers|2026|R3|Eala A.::McNally C.,kaggle_concluded,WTA,National Bank Open presented by Rogers,2026,Round 3,3,2026-08-08 00:00:00+00:00,Eala A.,McNally C.,Eala A.,0.6582,Eala A.,True,2026-08-19 17:00:39.479942+00:00,,,
WTA|National Bank Open presented by Rogers|2026|R3|Gauff C.::Sakkari M.,kaggle_concluded,WTA,National Bank Open presented by Rogers,2026,Round 3,3,2026-08-08 00:00:00+00:00,Gauff C.,Sakkari M.,Gauff C.,0.7849,Gauff C.,True,2026-08-19 17:00:39.479942+00:00,,,
WTA|National Bank Open presented by Rogers|2026|R3|Alexandrova E.::Gibson T.,kaggle_concluded,WTA,National Bank Open presented by Rogers,2026,Round 3,3,2026-08-06 00:00:00+00:00,Gibson T.,Alexandrova E.,Alexandrova E.,0.5779,Alexandrova E.,True,2026-08-19 17:00:39.478867+00:00,,,
WTA|National Bank Open presented by Rogers|2026|R3|Jovic I.::Korneeva A.,kaggle_concluded,WTA,National Bank Open presented by Rogers,2026,Round 3,3,2026-08-07 00:00:00+00:00,Jovic I.,Korneeva A.,Jovic I.,0.6857,Korneeva A.,False,2026-08-19 17:00:39.478867+00:00,,,
WTA|National Bank Open presented by Rogers|2026|R3|Kalinskaya A.::Shnaider D.,kaggle_concluded,WTA,National Bank Open presented by Rogers,2026,Round 3,3,2026-08-06 00:00:00+00:00,Kalinskaya A.,Shnaider D.,Kalinskaya A.,0.5686,Shnaider D.,False,2026-08-19 17:00:39.478867+00:00,,,
WTA|National Bank Open presented by Rogers|2026|R3|Keys M.::Kostyuk M.,kaggle_concluded,WTA,National Bank Open presented by Rogers,2026,Round 3,3,2026-08-06 00:00:00+00:00,Keys M.,Kostyuk M.,Kostyuk M.,0.5316,Kostyuk M.,True,2026-08-19 17:00:39.478867+00:00,,,
WTA|National Bank Open presented by Rogers|2026|R3|Mertens E.::Osaka N.,kaggle_concluded,WTA,National Bank Open presented by Rogers,2026,Round 3,3,2026-08-07 00:00:00+00:00,Mertens E.,Osaka N.,Osaka N.,0.6422,Osaka N.,True,2026-08-19 17:00:39.479942+00:00,,,
WTA|National Bank Open presented by Rogers|2026|R3|Pegula J.::Rakhimova K.,kaggle_concluded,WTA,National Bank Open presented by Rogers,2026,Round 3,3,2026-08-06 00:00:00+00:00,Pegula J.,Rakhimova K.,Pegula J.,0.938,Pegula J.,True,2026-08-19 17:00:39.478867+00:00,,,
WTA|National Bank Open presented by Rogers|2026|R3|Li A.::Rybakina E.,kaggle_concluded,WTA,National Bank Open presented by Rogers,2026,Round 3,3,2026-08-07 00:00:00+00:00,Rybakina E.,Li A.,Rybakina E.,0.9231,Rybakina E.,True,2026-08-19 17:00:39.479942+00:00,,,
WTA|National Bank Open presented by Rogers|2026|R3|Joint M.::Samsonova L.,kaggle_concluded,WTA,National Bank Open presented by Rogers,2026,Round 3,3,2026-08-07 00:00:00+00:00,Samsonova L.,Joint M.,Samsonova L.,0.5489,Samsonova L.,True,2026-08-19 17:00:39.479942+00:00,,,
WTA|National Bank Open presented by Rogers|2026|R3|Potapova A.::Svitolina E.,kaggle_concluded,WTA,National Bank Open presented by Rogers,2026,Round 3,3,2026-08-07 00:00:00+00:00,Svitolina E.,Potapova A.,Svitolina E.,0.7392,Svitolina E.,True,2026-08-19 17:00:39.479942+00:00,,,
WTA|National Bank Open presented by Rogers|2026|R3|Golubic V.::Swiatek I.,kaggle_concluded,WTA,National Bank Open presented by Rogers,2026,Round 3,3,2026-08-06 00:00:00+00:00,Swiatek I.,Golubic V.,Swiatek I.,0.8765,Swiatek I.,True,2026-08-19 17:00:39.478867+00:00,,,
WTA|National Bank Open presented by Rogers|2026|R3|Bencic B.::Townsend T.,kaggle_concluded,WTA,National Bank Open presented by Rogers,2026,Round 3,3,2026-08-08 00:00:00+00:00,Townsend T.,Bencic B.,Bencic B.,0.6882,Bencic B.,True,2026-08-19 17:00:39.480866+00:00,,,
WTA|National Bank Open presented by Rogers|2026|R3|Sabalenka A.::Zhang S.,kaggle_concluded,WTA,National Bank Open presented by Rogers,2026,Round 3,3,2026-08-07 00:00:00+00:00,Zhang S.,Sabalenka A.,Sabalenka A.,0.9443,Sabalenka A.,True,2026-08-19 17:00:39.479942+00:00,,,
WTA|National Bank Open presented by Rogers|2026|R4|Bencic B.::Eala A.,kaggle_concluded,WTA,National Bank Open presented by Rogers,2026,Round 4,4,2026-08-10 00:00:00+00:00,Bencic B.,Eala A.,Bencic B.,0.6339,Bencic B.,True,2026-08-19 17:00:39.481867+00:00,,,
WTA|National Bank Open presented by Rogers|2026|R4|Fernandez L.::Osaka N.,kaggle_concluded,WTA,National Bank Open presented by Rogers,2026,Round 4,4,2026-08-10 00:00:00+00:00,Fernandez L.,Osaka N.,Osaka N.,0.8478,Osaka N.,True,2026-08-19 17:00:39.481867+00:00,,,
WTA|National Bank Open presented by Rogers|2026|R4|Gauff C.::Korneeva A.,kaggle_concluded,WTA,National Bank Open presented by Rogers,2026,Round 4,4,2026-08-09 00:00:00+00:00,Gauff C.,Korneeva A.,Gauff C.,0.8646,Gauff C.,True,2026-08-19 17:00:39.480866+00:00,,,
WTA|National Bank Open presented by Rogers|2026|R4|Kostyuk M.::Swiatek I.,kaggle_concluded,WTA,National Bank Open presented by Rogers,2026,Round 4,4,2026-08-08 00:00:00+00:00,Kostyuk M.,Swiatek I.,Swiatek I.,0.6273,Swiatek I.,True,2026-08-19 17:00:39.480866+00:00,,,
WTA|National Bank Open presented by Rogers|2026|R4|Alexandrova E.::Sabalenka A.,kaggle_concluded,WTA,National Bank Open presented by Rogers,2026,Round 4,4,2026-08-09 00:00:00+00:00,Sabalenka A.,Alexandrova E.,Sabalenka A.,0.9332,Alexandrova E.,False,2026-08-19 17:00:39.480866+00:00,,,
WTA|National Bank Open presented by Rogers|2026|R4|Rybakina E.::Samsonova L.,kaggle_concluded,WTA,National Bank Open presented by Rogers,2026,Round 4,4,2026-08-09 00:00:00+00:00,Samsonova L.,Rybakina E.,Rybakina E.,0.9083,Rybakina E.,True,2026-08-19 17:00:39.480866+00:00,,,
WTA|National Bank Open presented by Rogers|2026|R4|Pegula J.::Shnaider D.,kaggle_concluded,WTA,National Bank Open presented by Rogers,2026,Round 4,4,2026-08-08 00:00:00+00:00,Shnaider D.,Pegula J.,Pegula J.,0.8122,Shnaider D.,False,2026-08-19 17:00:39.480866+00:00,,,
WTA|National Bank Open presented by Rogers|2026|R4|Anisimova A.::Svitolina E.,kaggle_concluded,WTA,National Bank Open presented by Rogers,2026,Round 4,4,2026-08-09 00:00:00+00:00,Svitolina E.,Anisimova A.,Anisimova A.,0.537,Svitolina E.,False,2026-08-19 17:00:39.481867+00:00,,,
WTA|National Bank Open presented by Rogers|2026|R5|Osaka N.::Rybakina E.,kaggle_concluded,WTA,National Bank Open presented by Rogers,2026,Quarterfinal,5,2026-08-12 00:00:00+00:00,Osaka N.,Rybakina E.,Rybakina E.,0.7794,Rybakina E.,True,2026-08-19 17:00:39.481867+00:00,,,
WTA|National Bank Open presented by Rogers|2026|R5|Shnaider D.::Swiatek I.,kaggle_concluded,WTA,National Bank Open presented by Rogers,2026,Quarterfinal,5,2026-08-11 00:00:00+00:00,Shnaider D.,Swiatek I.,Swiatek I.,0.7285,Swiatek I.,True,2026-08-19 17:00:39.481867+00:00,,,
WTA|National Bank Open presented by Rogers|2026|R5|Alexandrova E.::Svitolina E.,kaggle_concluded,WTA,National Bank Open presented by Rogers,2026,Quarterfinal,5,2026-08-11 00:00:00+00:00,Svitolina E.,Alexandrova E.,Svitolina E.,0.7601,Svitolina E.,True,2026-08-19 17:00:39.481867+00:00,,,
WTA|National Bank Open presented by Rogers|2026|R6|Gauff C.::Rybakina E.,kaggle_concluded,WTA,National Bank Open presented by Rogers,2026,Semifinal,6,2026-08-13 00:00:00+00:00,Gauff C.,Rybakina E.,Rybakina E.,0.6601,Rybakina E.,True,2026-08-19 17:00:39.481867+00:00,,,
WTA|National Bank Open presented by Rogers|2026|R6|Svitolina E.::Swiatek I.,kaggle_concluded,WTA,National Bank Open presented by Rogers,2026,Semifinal,6,2026-08-13 00:00:00+00:00,Swiatek I.,Svitolina E.,Swiatek I.,0.5609,Swiatek I.,True,2026-08-19 17:00:39.482867+00:00,,,
WTA|National Bank Open presented by Rogers|2026|R7|Rybakina E.::Swiatek I.,kaggle_concluded,WTA,National Bank Open presented by Rogers,2026,Final,7,2026-08-13 00:00:00+00:00,Swiatek I.,Rybakina E.,Rybakina E.,0.69,Swiatek I.,False,2026-08-19 17:00:39.482867+00:00,,,
