player,tour,status,hand,backhand,wikipedia_title,raw_plays
Added D.,ATP,resolved,Right-handed,two-handed,Dan Added,Right-handed (two-handed backhand)
Agamenone F.,ATP,resolved,Right-handed,two-handed,Franco Agamenone,Right-handed (two-handed backhand)
Ajdukovic D.,ATP,resolved,Right-handed,two-handed,Duje Ajduković,Right-handed (two-handed backhand)<ref>{{Cite web |url=https://www.atptour.com/en/players/duje-ajdukovic/a0cj/overview |title=Duje Ajdukovic &#124; Overview |website=ATP Tour |access-date=19 July 2021 |archive-date=21 July 2021 |archive-url=https://web.archive.org/web/20210721153434/https://www.atptour.com/en/players/duje-ajdukovic/a0cj/overview |url-status=live}}</ref>
Albot R.,ATP,resolved,Right-handed,two-handed,Radu Albot,Right-handed <br />(two-handed backhand)
Alcaraz C.,ATP,resolved,Right-handed,two-handed,Carlos Alcaraz,Right-handed (two-handed backhand)
Altmaier D.,ATP,resolved,Right-handed,one-handed,Daniel Altmaier,Right-handed (one-handed backhand)
Alvarez Valdes L.C.,ATP,unresolved_name,,,,
Alvarez Varona N.,ATP,resolved,Right-handed,two-handed,Nicolás Álvarez Varona,Right-handed (two-handed backhand)
Alves M.,ATP,no_infobox,,,Michelle Alves,
Anderson K.,ATP,unresolved_name,,,,
Andreev A.,ATP,resolved,Right-handed,two-handed,Adrian Andreev,Right-handed (two-handed backhand)
Andreozzi G.,ATP,resolved,Right-handed,two-handed,Guido Andreozzi,Right-handed <br/>(two-handed backhand)
Andujar P.,ATP,resolved,Right-handed,two-handed,Pablo Andújar,Right-handed (two-handed backhand)
Arnaldi M.,ATP,resolved,Right-handed,two-handed,Matteo Arnaldi,Right-handed (two-handed backhand)
Arseneault N.,ATP,resolved,Left-handed,two-handed,Nicolas Arseneault,Left-handed (two-handed backhand)
Atmane T.,ATP,resolved,Left-handed,two-handed,Térence Atmane,Left-handed (two-handed backhand)
Auger-Aliassime F.,ATP,resolved,Right-handed,two-handed,Félix Auger-Aliassime,Right-handed (two-handed backhand)
Baadi T.,ATP,resolved,Right-handed,two-handed,Taha Baadi,Right-handed (two-handed backhand)
Baez S.,ATP,resolved,Right-handed,two-handed,Sebastián Báez,Right-handed (two-handed backhand)
Bagnis F.,ATP,resolved,Left-handed,two-handed,Facundo Bagnis,Left-handed (two-handed backhand)
Bailly G.,ATP,resolved,Right-handed,two-handed,Gilles-Arnaud Bailly,Right-handed (two-handed backhand)
Bailly G.A.,ATP,resolved,Right-handed,two-handed,Gilles-Arnaud Bailly,Right-handed (two-handed backhand)
Balazs A.,ATP,resolved,Right-handed,two-handed,Attila Balázs,Right-handed (two-handed backhand)
Balshaw F.,ATP,resolved,Right-handed,one-handed,Felix Balshaw,Right-handed (one-handed backhand)
Barranco Cosano J.,ATP,resolved,Left-handed,two-handed,Javier Barranco Cosano,Left-handed (two handed-backhand)
Barrena A.,ATP,resolved,Right-handed,two-handed,Alex Barrena,Right-handed (two-handed backhand)
Barrere G.,ATP,resolved,Right-handed,two-handed,Grégoire Barrère,Right-handed (two-handed backhand)
Barrientos N.,ATP,resolved,Right-handed,two-handed,Nicolás Barrientos,Right-handed (two-handed backhand)
Barrios M.,ATP,no_infobox,,,Mario Barrios,
Barrios Vera T.,ATP,resolved,Right-handed,two-handed,Tomás Barrios Vera,Right-handed (two-handed backhand)
Basavareddy N.,ATP,resolved,Right-handed,two-handed,Nishesh Basavareddy,Right-handed (two-handed backhand)
Basic M.,ATP,resolved,Right-handed,two-handed,Mirza Bašić,Right-handed (two-handed backhand)
Basilashvili N.,ATP,resolved,Right-handed,two-handed,Nikoloz Basilashvili,Right-handed (two-handed backhand)
Basing M.,ATP,resolved,Right-handed,two-handed,Max Basing,Right-handed (two-handed backhand)
Bautista Agut R.,ATP,resolved,Right-handed,two-handed,Roberto Bautista Agut,Right-handed (two-handed backhand)
Becroft I.,ATP,resolved,Right-handed,two-handed,Isaac Becroft,Right-handed (two-handed backhand)
Bedene A.,ATP,unresolved_name,,,,
Bellier A.,ATP,resolved,Left-handed,one-handed,Antoine Bellier,Left-handed (one-handed backhand)
Bellucci M.,ATP,resolved,Left-handed,two-handed,Mattia Bellucci,Left-handed (two-handed backhand)
Bellucci T.,ATP,resolved,Left-handed,two-handed,Thomaz Bellucci,Left-handed (two-handed backhand)
Benchetrit E.,ATP,resolved,Right-handed,two-handed,Elliot Benchetrit,Right-handed (two-handed backhand)
Bennani K.,ATP,resolved,Right-handed,two-handed,Karim Bennani (tennis),Right-handed (two-handed backhand)
Bennani R.,ATP,resolved,Right-handed,two-handed,Reda Bennani,Right-handed (two-handed backhand)
Berankis R.,ATP,resolved,Right-handed,two-handed,Ričardas Berankis,Right-handed (two-handed backhand)
Bergs Z.,ATP,resolved,Right-handed,two-handed,Zizou Bergs,Right-handed (two-handed backhand)
Bernet H.,ATP,resolved,Right-handed,one-handed,Henry Bernet,Right-handed (one-handed backhand)
Berrettini J.,ATP,missing_plays_field,,,Jacopo Berrettini,
Berrettini M.,ATP,resolved,Right-handed,two-handed,Matteo Berrettini,Right-handed (two-handed backhand)
Bertola R.,ATP,resolved,Right-handed,one-handed,Rémy Bertola,Right-handed (one-handed backhand)
Bhambri Y.,ATP,resolved,Right-handed,two-handed,Yuki Bhambri,Right-handed (two-handed backhand)
Blancaneaux G.,ATP,resolved,Right-handed,two-handed,Geoffrey Blancaneaux,Right-handed (two handed-backhand)
Blanch D.,ATP,resolved,Left-handed,two-handed,Darwin Blanch,Left-handed (two-handed backhanded)
Blanch Dar.,ATP,unresolved_name,,,,
Blanchet U.,ATP,resolved,Right-handed,two-handed,Ugo Blanchet,Right-handed (two-handed backhand)
Blockx A.,ATP,resolved,Right-handed,two-handed,Alexander Blockx,Right-handed (two-handed backhand)
Blumberg W.,ATP,resolved,Right-handed,two-handed,William Blumberg,Right-handed (two-handed backhand)
Boitan G.A.,ATP,unresolved_name,,,,
Bolt A.,ATP,resolved,Left-handed,two-handed,Alex Bolt,Left-handed (two-handed backhand)
Bonadio R.,ATP,resolved,Right-handed,one-handed,Riccardo Bonadio,Right-handed (one-handed backhand)
Bonzi B.,ATP,resolved,Right-handed,two-handed,Benjamin Bonzi,Right-handed (two-handed backhand)
Boogaard T.,ATP,resolved,Right-handed,two-handed,Thijs Boogaard,Right-handed (two-handed backhand)
Borg L.,ATP,resolved,Right-handed,two-handed,Leo Borg,Right-handed (two-handed backhand)
Borges N.,ATP,resolved,Right-handed,two-handed,Nuno Borges (tennis),Right-handed (two-handed backhand)
Bourgue M.,ATP,resolved,Right-handed,two-handed,Mathias Bourgue,Right-handed (two-handed backhand)
Boyer T.,ATP,resolved,Right-handed,two-handed,Tristan Boyer,Right-handed (two-handed backhand)
Brancaccio R.,ATP,resolved,Right-handed,two-handed,Raúl Brancaccio,Right-handed (two-handed backhand)
Broady L.,ATP,resolved,Left-handed,two-handed,Liam Broady,Left-handed (two-handed backhand)
Brooksby J.,ATP,resolved,Right-handed,two-handed,Jenson Brooksby,Right-handed (two-handed backhand)
Broom C.,ATP,resolved,Right-handed,two-handed,Charles Broom,Right-handed (two-handed backhand) <ref>{{cite web|url=https://www.atptour.com/en/players/charles-broom/bv21/overview|title=Charles Broom|website=ATP|access-date=2 June 2023}}</ref>
Brouwer G.,ATP,resolved,Left-handed,two-handed,Gijs Brouwer,Left-handed (two-handed backhand)
Bu Y.,ATP,resolved,Right-handed,two-handed,Bu Yunchaokete,Right-handed (two-handed backhand)
Bublik A.,ATP,resolved,Right-handed,two-handed,Alexander Bublik,Right-handed (two-handed backhand)
Budkov Kjaer N.,ATP,resolved,Right-handed,two-handed,Nicolai Budkov Kjær,Right handed (two-handed backhand)
Bueno G.,ATP,no_infobox,,,Gonzalo Bueno,
Burruchaga R.,ATP,resolved,Right-handed,two-handed,Román Andrés Burruchaga,Right-handed (two-handed backhand)
Buse I.,ATP,resolved,Right-handed,two-handed,Ignacio Buse,Right-handed (two-handed backhand)
Butvilas E.,ATP,resolved,Right-handed,two-handed,Edas Butvilas,Right-handed (two-handed backhand)
Cachin P.,ATP,resolved,Right-handed,two-handed,Pedro Cachin,Right-handed (two handed-backhand)
Cadenasso G.,ATP,resolved,Right-handed,two-handed,Gianluca Cadenasso,Right-handed (two-handed backhand)
Carballes Baena R.,ATP,resolved,Right-handed,two-handed,Roberto Carballés Baena,Right-handed (two-handed backhand)
Carreno Busta P.,ATP,resolved,Right-handed,two-handed,Pablo Carreño Busta,Right-handed (two-handed backhand)
Caruso S.,ATP,resolved,Right-handed,two-handed,Salvatore Caruso,Right-handed <br/>(two-handed backhand)
Casanova H.,ATP,resolved,Right-handed,two-handed,Hernán Casanova,Right-handed (two-handed backhand)
Cassone M.,ATP,resolved,Right-handed,two-handed,Murphy Cassone,Right-handed (two-handed backhand)
Catarina L.,ATP,resolved,Right-handed,two-handed,Lucas Catarina,Right-handed (two-handed backhand)
Cazaux A.,ATP,resolved,Right-handed,two-handed,Arthur Cazaux,Right-handed (two-handed backhand)
Cecchinato M.,ATP,resolved,Right-handed,one-handed,Marco Cecchinato,Right-handed (one-handed backhand)
Celikbilek A.,ATP,resolved,Right-handed,two-handed,Altuğ Çelikbilek,Right-handed (two-handed backhand)
Cerundolo F.,ATP,resolved,Right-handed,two-handed,Francisco Cerúndolo,Right-handed (two-handed backhand)
Cerundolo J.M.,ATP,resolved,Left-handed,two-handed,Juan Manuel Cerúndolo,Left-handed (two-handed backhand)
Chan D.,ATP,resolved,Right-handed,two-handed,Duncan Chan,Right-handed (two-handed backhand)
Chappell N.,ATP,resolved,Left-handed,two-handed,Nick Chappell,Left-handed (two-handed backhand)
Chardy J.,ATP,resolved,Right-handed,two-handed,Jérémy Chardy,Right-handed (two-handed backhand)
Chidekh C.,ATP,resolved,Right-handed,two-handed,Clément Chidekh,Right-handed (two-handed backhand)
Choinski J.,ATP,resolved,Right-handed,two-handed,Jan Choinski,Right-handed (two-handed backhand)
Chung Y.,ATP,unresolved_name,,,,
Cilic M.,ATP,resolved,Right-handed,two-handed,Marin Čilić,Right-handed (two-handed backhand)
Cina F.,ATP,resolved,Right-handed,two-handed,Federico Cinà,Right-handed (two-handed backhand)
Clarke J.,ATP,unresolved_name,,,,
Cobolli F.,ATP,resolved,Right-handed,two-handed,Flavio Cobolli,Right-handed (two-handed backhand)
Collarini A.,ATP,resolved,Left-handed,two-handed,Andrea Collarini,Left-handed (two-handed backhand)
Collignon R.,ATP,resolved,Right-handed,two-handed,Raphaël Collignon,Right-handed (two-handed backhand)
Comesana F.,ATP,resolved,Right-handed,two-handed,Francisco Comesaña,Right-handed (two-handed backhand)
Copil M.,ATP,resolved,Right-handed,one-handed,Marius Copil,Right-handed (one-handed backhand)
Coppejans K.,ATP,resolved,Right-handed,two-handed,Kimmer Coppejans,Right-handed (two-handed backhand)
Coria F.,ATP,resolved,Right-handed,two-handed,Federico Coria,Right-handed (two-handed backhand)
Coric B.,ATP,resolved,Right-handed,two-handed,Borna Ćorić,Right-handed (two-handed backhand)
Couacaud E.,ATP,resolved,Right-handed,two-handed,Enzo Couacaud,Right-handed (two handed-backhand)
Crawford O.,ATP,resolved,Right-handed,two-handed,Oliver Crawford (tennis),Right-handed (two-handed backhand)<ref>{{cite web|url= https://www.atptour.com/en/players/oliver-crawford/c0ak/overview|website=ATP|accessdate=10 January 2024|title=Oliver Crawford }}</ref>
Cressy M.,ATP,resolved,Right-handed,two-handed,Maxime Cressy,Right-handed (two-handed backhand)
Cuevas P.,ATP,resolved,Right-handed,one-handed,Pablo Cuevas,Right-handed (one-handed backhand)
Cui J.,ATP,unresolved_name,,,,
Dahlin M.,ATP,resolved,Right-handed,two-handed,Max Dahlin,Right-handed (two-handed backhand)
Damas M.,ATP,unresolved_name,,,,
Damm M.,ATP,resolved,Left-handed,two-handed,Martin Damm (born 2003),Left-handed (two-handed backhand)
Daniel T.,ATP,resolved,Right-handed,two-handed,Taro Daniel,Right-handed (two-handed backhand)
Darderi L.,ATP,resolved,Right-handed,two-handed,Luciano Darderi,Right-handed (two-handed backhand)
Davidovich Fokina A.,ATP,resolved,Right-handed,two-handed,Alejandro Davidovich Fokina,Right-handed (two-handed backhand)
De Jong J.,ATP,resolved,Right-handed,two-handed,Jesper de Jong,Right-handed (two-handed backhand)
De Minaur A.,ATP,resolved,Right-handed,two-handed,Alex de Minaur,"Right-handed (two-handed backhand)<ref name=""ATPoverview"" />"
Dedura D.,ATP,resolved,Left-handed,two-handed,Diego Dedura,Left-handed (two-handed backhand)
Dedura-Palomero D.,ATP,unresolved_name,,,,
Del Potro J.M.,ATP,resolved,Right-handed,two-handed,Juan Martín del Potro,Right-handed (two-handed backhand)
Delbonis F.,ATP,resolved,Left-handed,two-handed,Federico Delbonis,Left-handed (two-handed backhand)
Dellien H.,ATP,resolved,Right-handed,two-handed,Hugo Dellien,Right-handed <br/>(two-handed backhand)
Den Ouden G.,ATP,resolved,Right-handed,two-handed,Guy den Ouden,"Right-handed, (two-handed backhand)"
Denolly C.,ATP,resolved,Left-handed,two-handed,Corentin Denolly,Left-handed (two handed-backhand)
Diallo G.,ATP,resolved,Right-handed,two-handed,Gabriel Diallo,Right-handed (two-handed backhand)
Diaz Acosta F.,ATP,resolved,Left-handed,two-handed,Facundo Díaz Acosta,Left-handed (two-handed backhand)
Dietrich D.,ATP,unresolved_name,,,,
Diez S.,ATP,resolved,Right-handed,two-handed,Steven Diez,Right-handed (two-handed backhand)
Dimitrov G.,ATP,resolved,Right-handed,one-handed,Grigor Dimitrov,Right (one-handed backhand)
Djere L.,ATP,resolved,Right-handed,two-handed,Laslo Djere,Right-handed <br />(two handed-backhand)
Djokovic N.,ATP,resolved,Right-handed,two-handed,Novak Djokovic,Right-handed (two-handed backhand)
Djuric B.,ATP,unresolved_name,,,,
Dodig M.,ATP,resolved,Right-handed,two-handed,Matej Dodig,Right-handed (two-handed backhand)
Donskoy E.,ATP,resolved,Right-handed,two-handed,Evgeny Donskoy,Right-handed (two-handed backhand)
Dostanic S.,ATP,resolved,Right-handed,two-handed,Stefan Dostanic,Right-handed (two-handed backhand)
Dougaz A.,ATP,resolved,Left-handed,two-handed,Aziz Dougaz,Left-handed (two handed-backhand)
Draper J.,ATP,resolved,Left-handed,two-handed,Jack Draper,Left-handed (two-handed backhand)
Draxl L.,ATP,resolved,Right-handed,two-handed,Liam Draxl,Right-handed (two-handed backhand)
Droguet T.,ATP,resolved,Right-handed,two-handed,Titouan Droguet,Right-handed (two-handed backhand)
Duckworth J.,ATP,resolved,Right-handed,two-handed,James Duckworth (tennis),Right-handed (two-handed backhand)
Durasovic V.,ATP,resolved,Right-handed,two-handed,Viktor Durasovic,Right-handed (two handed-backhand)
Dutra Da Silva D.,ATP,resolved,Left-handed,two-handed,Daniel Dutra da Silva,Left-handed (two-handed backhand)
Dzumhur D.,ATP,resolved,Right-handed,two-handed,Damir Džumhur,Right-handed (two-handed backhand)
Ebden M.,ATP,resolved,Right-handed,two-handed,Matthew Ebden,Right-handed (two-handed backhand)
Echargui M.,ATP,resolved,Right-handed,two-handed,Moez Echargui,Right-handed (two-handed backhand)
Edmund K.,ATP,resolved,Right-handed,two-handed,Kyle Edmund,Right-handed (two-handed backhand)
Engel J.,ATP,resolved,Right-handed,two-handed,Justin Engel,Right-handed (two-handed backhand)
Escobedo E.,ATP,resolved,Right-handed,two-handed,Ernesto Escobedo,Right-handed (two-handed backhand)
Escoffier A.,ATP,resolved,Right-handed,two-handed,Antoine Escoffier,Right-handed (two-handed backhand)
Etcheverry T.,ATP,resolved,Right-handed,two-handed,Tomás Martín Etcheverry,Right-handed (two-handed backhand)
Etcheverry T. M.,ATP,resolved,Right-handed,two-handed,Tomás Martín Etcheverry,Right-handed (two-handed backhand)
Eubanks C.,ATP,resolved,Right-handed,one-handed,Christopher Eubanks,Right-handed (one-handed backhand)
Evans D.,ATP,resolved,Right-handed,one-handed,Dan Evans (tennis),Right-handed (one-handed backhand)<ref>{{cite web | url=https://www.lta.org.uk/fan-zone/british-tennis-players/dan-evans/ | title=Dan Evans Tennis Player Profile }}</ref>
Fabbiano T.,ATP,resolved,Right-handed,two-handed,Thomas Fabbiano,Right-handed (two handed backhand)
Fanselow S.,ATP,hand_only_no_backhand,Right-handed,,Sebastian Fanselow,Right-handed
Faria J.,ATP,resolved,Right-handed,two-handed,Jaime Faria,Right-handed (two-handed backhand)<ref>{{cite web|url= https://www.tietennis.com/Dashboard.aspx?id=12059|website=tietennis.com|access-date=10 September 2023|title=Jaime Faria}}</ref>
Faurel T.,ATP,resolved,Right-handed,two-handed,Thomas Faurel,Right-handed (two-handed backhand)
Fearnley J.,ATP,resolved,Right-handed,two-handed,Jacob Fearnley,Right-handed (two-handed backhand)
Feldbausch K.,ATP,resolved,Right-handed,two-handed,Kilian Feldbausch,Right-handed (two-handed backhand)
Ferreira Silva F.,ATP,resolved,Left-handed,two-handed,Frederico Ferreira Silva,Left-handed (two-handed backhand)
Fery A.,ATP,resolved,Right-handed,two-handed,Arthur Fery,Right-handed (two-handed backhand)
Ficovich J.P.,ATP,resolved,Right-handed,two-handed,Juan Pablo Ficovich,Right-handed (two-handed backhand)
Fils A.,ATP,resolved,Right-handed,two-handed,Arthur Fils,Right-handed (two-handed backhand)
Fognini F.,ATP,resolved,Right-handed,two-handed,Fabio Fognini,Right-handed (two-handed backhand)
Fonseca J.,ATP,resolved,Right-handed,two-handed,João Fonseca (tennis),Right-handed (two-handed backhand)
Forbes M.,ATP,resolved,Right-handed,two-handed,Matthew Forbes,Right-handed (two-handed backhand)
Fratangelo B.,ATP,resolved,Right-handed,two-handed,Bjorn Fratangelo,Right-handed (two-handed backhand)
Friberg K.,ATP,resolved,Right-handed,two-handed,Karl Friberg,Right-handed (two-handed backhand)
Fritz T.,ATP,resolved,Right-handed,two-handed,Taylor Fritz,Right-handed (two handed-backhand)
Fucsovics M.,ATP,resolved,Right-handed,two-handed,Márton Fucsovics,Right-handed (two-handed backhand)
Furness E.,ATP,resolved,Right-handed,two-handed,Evan Furness,Right-handed (two-handed backhand)
Gaio F.,ATP,resolved,Right-handed,one-handed,Federico Gaio,Right-handed (one-handed backhand)
Gakhov I.,ATP,resolved,Left-handed,two-handed,Ivan Gakhov,Left-handed (two-handed backhand)
Galan D.E.,ATP,resolved,Right-handed,two-handed,Daniel Elahi Galán,Right-handed (two-handed backhand)
Galarneau A.,ATP,resolved,Right-handed,two-handed,Alexis Galarneau,Right-handed (two-handed backhand)
Garin C.,ATP,resolved,Right-handed,two-handed,Cristian Garín,Right-handed (two-handed backhand)
Gasquet R.,ATP,resolved,Right-handed,one-handed,Richard Gasquet,Right-handed (one-handed backhand)
Gaston H.,ATP,resolved,Left-handed,two-handed,Hugo Gaston,Left-handed (two-handed backhand)
Gaubas V.,ATP,resolved,Right-handed,two-handed,Vilius Gaubas,Right-handed (two-handed backhand)
Gea A.,ATP,resolved,Right-handed,two-handed,Arthur Géa,Right-handed (two-handed backhand)
Geerts M.,ATP,resolved,Right-handed,two-handed,Michael Geerts,Right-handed (two-handed backhand)
Gentzsch T.,ATP,resolved,Right-handed,two-handed,Tom Gentzsch,Right-handed (two-handed backhand)
Gerasimov E.,ATP,resolved,Right-handed,two-handed,Egor Gerasimov,Right-handed (two-handed backhand)
Ghibaudo A.,ATP,resolved,Right-handed,two-handed,Antoine Ghibaudo,Right-handed (two-handed backhand)
Giannessi A.,ATP,resolved,Left-handed,two-handed,Alessandro Giannessi,Left-handed (two-handed backhand)
Gigante M.,ATP,resolved,Left-handed,two-handed,Matteo Gigante,Left-handed (two-handed backhand)
Gill F.,ATP,resolved,Left-handed,two-handed,Felix Gill,Left-handed (two-handed backhand)
Gimeno Valero C.,ATP,resolved,Right-handed,two-handed,Carlos Gimeno Valero,Right-handed (two-handed backhand)
Giron M.,ATP,resolved,Right-handed,two-handed,Marcos Giron,Right-handed (two-handed backhand)
Giustino L.,ATP,hand_only_no_backhand,Right-handed,,Lorenzo Giustino,Right-handed (two–handed backhand)
Goffin D.,ATP,resolved,Right-handed,two-handed,David Goffin,Right-handed <br />(two-handed backhand)
Gojo B.,ATP,resolved,Right-handed,two-handed,Borna Gojo,Right-handed (two-handed backhand)
Gojowczyk P.,ATP,resolved,Right-handed,two-handed,Peter Gojowczyk,Right-handed (two-handed backhand)
Gombos N.,ATP,resolved,Right-handed,two-handed,Norbert Gombos,Right-handed (two-handed backhand)
Gomez E.,ATP,unresolved_name,,,,
Gomez F.,ATP,resolved,Right-handed,two-handed,Federico Agustín Gómez,Right-handed (two-handed backhand)
Gomez F.A.,ATP,resolved,Right-handed,two-handed,Federico Agustín Gómez,Right-handed (two-handed backhand)
Gorzny S.,ATP,resolved,Right-handed,one-handed,Sebastian Gorzny,Right-handed (one-handed backhand)
Gray A.,ATP,resolved,Right-handed,one-handed,Alastair Gray,Right-handed (one-handed backhand)
Grenier H.,ATP,no_infobox,,,Henri Grenier,
Griekspoor T.,ATP,resolved,Right-handed,two-handed,Tallon Griekspoor,Right-handed (two-handed backhand)
Guerrieri A.,ATP,resolved,Left-handed,two-handed,Andrea Guerrieri,Left-handed (two-handed backhand)
Guillen Meza A.,ATP,resolved,Right-handed,two-handed,Álvaro Guillén Meza,Right-handed (two-handed backhand)
Guinard M.,ATP,resolved,Right-handed,two-handed,Manuel Guinard,Right-handed (two-handed backhand)
Gunneswaran P.,ATP,hand_only_no_backhand,Left-handed,,Prajnesh Gunneswaran,Left-handed (two–handed backhand)
Haase R.,ATP,resolved,Right-handed,two-handed,Robin Haase,Right-handed (two-handed backhand)
Habib H.,ATP,resolved,Right-handed,two-handed,Hady Habib,Right-handed (two-handed backhand)
Halys Q.,ATP,resolved,Right-handed,two-handed,Quentin Halys,Right-handed (two handed-backhand)
Hanfmann Y.,ATP,resolved,Right-handed,two-handed,Yannick Hanfmann,Right-handed (two-handed backhand)
Hardt N.,ATP,resolved,Right-handed,two-handed,Nick Hardt,Right-handed (two handed-backhand)
Harris B.,ATP,resolved,Right-handed,two-handed,Billy Harris (tennis),Right-handed (two-handed backhand)
Harris L.,ATP,resolved,Right-handed,two-handed,Lloyd Harris (tennis),Right-handed (two handed-backhand)
Harrison C.,ATP,unresolved_name,,,,
Hassan B.,ATP,resolved,Right-handed,two-handed,Benjamin Hassan,Right-handed (two-handed backhand)
Heide G.,ATP,resolved,Right-handed,two-handed,Gustavo Heide,Right-handed (two-handed backhand)
Hemery C.,ATP,resolved,Right-handed,two-handed,Calvin Hemery,Right-handed (two-handed backhand)
Herbert P.,ATP,resolved,Right-handed,two-handed,Pierre-Hugues Herbert,Right-handed (two-handed backhand)
Herbert P.H.,ATP,resolved,Right-handed,two-handed,Pierre-Hugues Herbert,Right-handed (two-handed backhand)
Hernandez A.,ATP,no_infobox,,,Aaron Hernandez,
Hewitt C.,ATP,resolved,Right-handed,two-handed,Cruz Hewitt,Right-handed (two-handed backhand)
Hijikata R.,ATP,resolved,Right-handed,two-handed,Rinky Hijikata,Right-handed (two-handed backhand)
Hoang A.,ATP,resolved,Right-handed,two-handed,Antoine Hoang,Right-handed (two-handed backhand)
Holmgren A.,ATP,unresolved_name,,,,
Holt B.,ATP,resolved,Right-handed,two-handed,Brandon Holt,Right-handed (two-handed backhand)
Hong S.,ATP,unresolved_name,,,,
Hsu Y.,ATP,unresolved_name,,,,
Huesler M.,ATP,unresolved_name,,,,
Huesler M.A.,ATP,unresolved_name,,,,
Humbert U.,ATP,resolved,Left-handed,two-handed,Ugo Humbert,Left-handed (two-handed backhand)
Hurkacz H.,ATP,resolved,Right-handed,two-handed,Hubert Hurkacz,Right-handed (two-handed backhand)
Hussey G.,ATP,unresolved_name,,,,
Ilkel C.,ATP,resolved,Right-handed,two-handed,Cem İlkel,Right-handed (two-handed backhand)
Isner J.,ATP,resolved,Right-handed,two-handed,John Isner,Right-handed (two-handed backhand)
Istomin D.,ATP,resolved,Right-handed,two-handed,Denis Istomin,Right-handed (two-handed backhand)
Ivanov I.,ATP,unresolved_name,,,,
Ivashka I.,ATP,resolved,Right-handed,two-handed,Ilya Ivashka,Right-handed (two handed-backhand)
Jacquet K.,ATP,resolved,Right-handed,two-handed,Kyrian Jacquet,Right-handed (two handed-backhand)
Janvier M.,ATP,resolved,Right-handed,two-handed,Maxime Janvier,Right-handed (two-handed backhand)
Jarry N.,ATP,resolved,Right-handed,two-handed,Nicolas Jarry,Right-handed (two-handed backhand)
Jasika O.,ATP,resolved,Left-handed,two-handed,Omar Jasika,Left (two-handed backhand)
Jaziri M.,ATP,resolved,Right-handed,two-handed,Malek Jaziri,Right-handed (two-handed backhand) *occasionally uses one-handed backhand
Jianu F.C.,ATP,hand_only_no_backhand,Right-handed,,Filip Cristian Jianu,Right-handed
Jodar R.,ATP,resolved,Right-handed,two-handed,Rafael Jódar,Right-handed (two-handed backhand)
Johnson S.,ATP,resolved,Right-handed,two-handed,Steve Johnson (tennis),Right-handed (two-handed backhand)
Jorda Sanchis D.,ATP,resolved,Right-handed,two-handed,David Jordà Sanchis,Right-handed (two-handed backhand)
Jubb P.,ATP,resolved,Right-handed,two-handed,Paul Jubb,Right-handed (two-handed backhand)
Jung J.,ATP,resolved,Right-handed,two-handed,Jason Jung,Right-handed (two-handed backhand)
Kachmazov A.,ATP,hand_only_no_backhand,Right-handed,,Alibek Kachmazov,Right-handed
Kadhe A.,ATP,resolved,Right-handed,two-handed,Arjun Kadhe,Right-handed (two-handed backhand)
Karatsev A.,ATP,resolved,Right-handed,two-handed,Aslan Karatsev,Right-handed (two-handed backhand)
Karlovic I.,ATP,resolved,Right-handed,one-handed,Ivo Karlović,Right-handed (one-handed backhand)
Kasnikowski M.,ATP,resolved,Right-handed,two-handed,Maks Kaśnikowski,Right-handed (two-handed backhand)
Kecmanovic M.,ATP,resolved,Right-handed,two-handed,Miomir Kecmanović,Right-handed (two-handed backhand)
Kennedy J.,ATP,no_infobox,,,John F. Kennedy,
Khachanov K.,ATP,resolved,Right-handed,two-handed,Karen Khachanov,Right-handed (two-handed backhand)
Kicker N.,ATP,resolved,Right-handed,one-handed,Nicolás Kicker,Right-handed (one-handed backhand)
King D.,ATP,unresolved_name,,,,
Kirchheimer S.,ATP,resolved,Right-handed,two-handed,Strong Kirchheimer,Right-handed (two-handed backhand)
Klahn B.,ATP,resolved,Left-handed,two-handed,Bradley Klahn,Left-handed (two-handed backhand)
Klein L.,ATP,hand_only_no_backhand,Right-handed,,Lukáš Klein,Right-handed
Klizan M.,ATP,resolved,Left-handed,two-handed,Martin Kližan,Left-handed (two-handed backhand)
Koepfer D.,ATP,resolved,Left-handed,two-handed,Dominik Koepfer,Left-handed (two-handed backhand)
Kohlschreiber P.,ATP,resolved,Right-handed,one-handed,Philipp Kohlschreiber,Right-handed (one-handed backhand)
Kokkinakis T.,ATP,resolved,Right-handed,two-handed,Thanasi Kokkinakis,Right-handed (two-handed backhand)
Kolar Z.,ATP,resolved,Right-handed,two-handed,Zdeněk Kolář,Right-handed (two-handed backhand)
Kopriva V.,ATP,resolved,Right-handed,two-handed,Vít Kopřiva,Right-handed (two-handed backhand)
Korda S.,ATP,resolved,Right-handed,two-handed,Sebastian Korda,Right-handed (two-handed backhand)
Kotov P.,ATP,resolved,Right-handed,two-handed,Pavel Kotov,Right-handed (two-handed backhand)
Kouame M.,ATP,resolved,Right-handed,two-handed,Moïse Kouamé,Right-handed (two handed backhand)
Kovacevic A.,ATP,resolved,Right-handed,one-handed,Aleksandar Kovacevic (tennis),Right-handed (one-handed backhand)
Kovalik J.,ATP,resolved,Right-handed,two-handed,Jozef Kovalík,Right-handed (two-handed backhand)
Kozlov S.,ATP,resolved,Right-handed,two-handed,Stefan Kozlov,Right-handed (two-handed backhand)
Krajinovic F.,ATP,resolved,Right-handed,two-handed,Filip Krajinović,Right-handed (two-handed backhand)
Krueger M.,ATP,resolved,Right-handed,two-handed,Mitchell Krueger,Right-handed (two handed-backhand)
Krumich M.,ATP,resolved,Right-handed,two-handed,Martin Krumich,"Right-Handed, Two-Handed Backhand"
Krutykh O.,ATP,resolved,Right-handed,two-handed,Oleksii Krutykh,Right-handed (two-handed backhand)
Kubler J.,ATP,resolved,Right-handed,two-handed,Jason Kubler,Right-handed (two-handed backhand)
Kudla D.,ATP,resolved,Right-handed,two-handed,Denis Kudla,Right-handed (two-handed backhand)
Kuhn N.,ATP,resolved,Right-handed,two-handed,Nicola Kuhn,Right-handed (two-handed backhand)
Kukushkin M.,ATP,resolved,Right-handed,two-handed,Mikhail Kukushkin,Right-handed (two-handed backhand)
Kumar O.,ATP,resolved,Left-handed,one-handed,Omni Kumar,Left-handed (one-handed backhand)
Kuzmanov D.,ATP,resolved,Right-handed,two-handed,Dimitar Kuzmanov,Right-handed (two-handed backhand)
Kuznetsov An.,ATP,unresolved_name,,,,
Kwiatkowski T.S.,ATP,resolved,Right-handed,two-handed,Thai-Son Kwiatkowski,Right-handed (two-handed backhand)
Kwon S.,ATP,unresolved_name,,,,
Kwon S.W.,ATP,unresolved_name,,,,
Kym J.,ATP,resolved,Right-handed,two-handed,Jérôme Kym,Right-handed (two-handed backhand)
Kypson P.,ATP,resolved,Right-handed,two-handed,Patrick Kypson,Right-handed (two-handed backhand)
Kyrgios N.,ATP,resolved,Right-handed,two-handed,Nick Kyrgios,Right-handed (two-handed backhand)
Laaksonen H.,ATP,resolved,Right-handed,two-handed,Henri Laaksonen,Right-handed <br />(two-handed backhand)
Lajal M.,ATP,resolved,Right-handed,two-handed,Mark Lajal,Right-handed (two-handed backhand)
Lajovic D.,ATP,resolved,Right-handed,one-handed,Dušan Lajović,Right-handed <br/>(one-handed backhand)
Lalami Laaroussi Y.,ATP,unresolved_name,,,,
Lama G.,ATP,resolved,Right-handed,two-handed,Gonzalo Lama,Right-handed (two-handed backhand)
Landaluce M.,ATP,resolved,Right-handed,two-handed,Martín Landaluce,Right-handed (two-handed backhand)
Lazarov A.,ATP,resolved,Right-handed,one-handed,Alexandar Lazarov,Right-handed (one-handed backhand)
Lehecka J.,ATP,resolved,Right-handed,two-handed,Jiří Lehečka,Right-handed (two-handed backhand)
Leshem E.,ATP,resolved,Right-handed,two-handed,Edan Leshem,Right-handed (two-handed backhand)
Lestienne C.,ATP,resolved,Right-handed,two-handed,Constant Lestienne,"Right-handed (two-handed backhand)<ref name=""itftennis"">{{cite web|url=http://www.itftennis.com/procircuit/players/player/profile.aspx?playerid=100123176|title=ITF Tennis - Pro Circuit - Player Profile - LESTIENNE, Constant (FRA)|publisher=ITF|access-date=April 27, 2015}}</ref>"
Li Zh.,ATP,unresolved_name,,,,
Llamas Ruiz P.,ATP,resolved,Right-handed,two-handed,Pablo Llamas Ruiz,Right-handed (two-handed backhand)
Lock B.,ATP,resolved,Right-handed,two-handed,Benjamin Lock,Right-handed (two-handed backhand)
Loffhagen G.,ATP,resolved,Right-handed,two-handed,George Loffhagen,Right-handed (two-handed backhand)
Lokoli L.,ATP,resolved,Right-handed,two-handed,Laurent Lokoli,Right-handed (two-handed backhand)
Londero J.I.,ATP,resolved,Right-handed,two-handed,Juan Ignacio Londero,Right-handed (two-handed backhand)
Lopez F.,ATP,unresolved_name,,,,
Lopez San Martin A.,ATP,resolved,Right-handed,two-handed,Álvaro López San Martín,Right-handed (two handed-backhand)
Luz O.,ATP,resolved,Right-handed,two-handed,Orlando Luz,Right-handed (two-handed backhand)
Machac T.,ATP,resolved,Right-handed,two-handed,Tomáš Macháč,Right-handed (two-handed backhand)
Madaras D.,ATP,resolved,Left-handed,two-handed,Dragoș Nicolae Mădăraș,Left-handed (two-handed backhand)
Maestrelli F.,ATP,resolved,Right-handed,two-handed,Francesco Maestrelli,Right-handed (two-handed backhand)
Magadan A.,ATP,resolved,Right-handed,two-handed,Alan Magadán,Right-handed (two-handed backhand)
Mager G.,ATP,resolved,Right-handed,two-handed,Gianluca Mager,Right-handed (two-handed backhand)
Majchrzak K.,ATP,resolved,Right-handed,two-handed,Kamil Majchrzak,Right-handed (two-handed backhand)
Mannarino A.,ATP,resolved,Left-handed,two-handed,Adrian Mannarino,Left-handed (two-handed backhand)
Mansouri S.,ATP,resolved,Right-handed,two-handed,Skander Mansouri,Right-handed (two-handed backhand)
Marchenko I.,ATP,unresolved_name,,,,
Marcondes I.,ATP,resolved,Left-handed,two-handed,Igor Marcondes,Left-handed (two-handed backhand)
Marcora R.,ATP,resolved,Right-handed,one-handed,Roberto Marcora,Right-handed (one-handed backhand)
Marozsan F.,ATP,resolved,Right-handed,two-handed,Fábián Marozsán,Right-handed (two-handed backhand)
Marterer M.,ATP,resolved,Left-handed,two-handed,Maximilian Marterer,Left-handed (two-handed backhand)
Martin A.,ATP,resolved,Right-handed,two-handed,Andres Martin (tennis),Right-handed (two-handed backhand)
Martin D.,ATP,unresolved_name,,,,
Martineau M.,ATP,resolved,Right-handed,one-handed,Matteo Martineau,Right-handed (one-handed backhand)
Martinez P.,ATP,resolved,Right-handed,two-handed,Pedro Martínez (tennis),Right-handed (two-handed backhand)
Mayo A.,ATP,no_infobox,,,Alana Mayo,
Mayot H.,ATP,resolved,Right-handed,two-handed,Harold Mayot,Right-handed (two-handed backhand)
McCabe J.,ATP,unresolved_name,,,,
McDonald M.,ATP,resolved,Right-handed,two-handed,Mackenzie McDonald,Right handed (two-handed backhand)
McDonald N.,ATP,resolved,Right-handed,two-handed,Niels McDonald,Right-handed (two-handed backhand)
Mccabe J.,ATP,no_infobox,,,Jessica McCabe,
Mcdonald M.,ATP,resolved,Right-handed,two-handed,Mackenzie McDonald,Right handed (two-handed backhand)
Medjedovic H.,ATP,resolved,Right-handed,two-handed,Hamad Medjedovic,Right-handed (two-handed backhand)
Medvedev D.,ATP,resolved,Right-handed,two-handed,Daniil Medvedev,Right-handed (two-handed backhand)
Mejia N.,ATP,resolved,Right-handed,two-handed,Nicolás Mejía,Right-handed (two-handed backhand)
Meligeni Alves F.,ATP,resolved,Right-handed,two-handed,Felipe Meligeni Alves,Right-handed (two-handed backhand)
Meligeni Rodrigues F,ATP,unresolved_name,,,,
Mena F.,ATP,resolved,Right-handed,two-handed,Facundo Mena,Right-handed (two-handed backhand)
Mensik J.,ATP,resolved,Right-handed,two-handed,Jakub Menšík,Right-handed (two-handed backhand)
Merida Aguilar D.,ATP,resolved,Right-handed,two-handed,Daniel Mérida,Right-handed (two-handed backhand)
Michelsen A.,ATP,resolved,Right-handed,two-handed,Alex Michelsen,Right-handed (two-handed backhand)
Midon L.,ATP,resolved,Right-handed,two-handed,Lautaro Midón,Right-handed (two-handed backhand)
Miguel L.,ATP,no_infobox,,,Luis Miguel,
Mikrut L.,ATP,resolved,Right-handed,two-handed,Luka Mikrut,Right-handed (two-handed backhand)
Millman J.,ATP,resolved,Right-handed,two-handed,John Millman,Right-handed (two-handed backhand)
Milojevic N.,ATP,resolved,Right-handed,two-handed,Nikola Milojević (tennis),Right-handed (two-handed backhand)
Misolic F.,ATP,resolved,Right-handed,two-handed,Filip Misolic,Right-handed (two-handed backhand)
Mmoh M.,ATP,resolved,Right-handed,two-handed,Michael Mmoh,Right-handed (two-handed backhand)
Mo Y.,ATP,unresolved_name,,,,
Mochizuki S.,ATP,resolved,Right-handed,two-handed,Shintaro Mochizuki,Right-handed (two-handed backhand)
Molcan A.,ATP,resolved,Left-handed,two-handed,Alex Molčan,Left-handed (two-handed backhand)
Molleker R.,ATP,resolved,Right-handed,two-handed,Rudolf Molleker,Right-handed (two-handed backhand)
Moller E.,ATP,no_infobox,,,Edvard Möller,
Monday J.,ATP,resolved,Left-handed,two-handed,Johannus Monday,Left-handed (two-handed backhand)
Monfils G.,ATP,resolved,Right-handed,two-handed,Gaël Monfils,Right handed (two-handed backhand)
Monteiro T.,ATP,unresolved_name,,,,
Moreno De Alboran N.,ATP,resolved,Right-handed,two-handed,Nicolas Moreno de Alboran,Right-handed (two-handed backhand)
Moriya H.,ATP,resolved,Right-handed,two-handed,Hiroki Moriya,Right-handed (two-handed backhand)
Moro Canas A.,ATP,resolved,Right-handed,two-handed,Alejandro Moro Cañas,Right-handed (two-handed backhand)
Moroni G.M.,ATP,resolved,Right-handed,one-handed,Gian Marco Moroni,Right-handed (one-handed backhand)
Moundir A.,ATP,resolved,Right-handed,two-handed,Adam Moundir,Right-handed (two-handed backhand)
Moutet C.,ATP,resolved,Left-handed,two-handed,Corentin Moutet,Left-handed (one and two-handed backhand)
Mpetshi G.,ATP,resolved,Right-handed,one-handed,Giovanni Mpetshi Perricard,Right-handed (one-handed backhand)
Mpetshi Perricard G.,ATP,resolved,Right-handed,one-handed,Giovanni Mpetshi Perricard,Right-handed (one-handed backhand)
Mu T.,ATP,unresolved_name,,,,
Mukund S.,ATP,unresolved_name,,,,
Muller A.,ATP,resolved,Right-handed,two-handed,Alexandre Müller,Right-handed (two-handed backhand)
Munar J.,ATP,resolved,Right-handed,two-handed,Jaume Munar,Right-handed <br />(two-handed backhand)
Murray A.,ATP,resolved,Right-handed,two-handed,Andy Murray,Right-handed (two-handed backhand)
Musetti L.,ATP,resolved,Right-handed,one-handed,Lorenzo Musetti,Right-handed (one-handed backhand)
Nadal R.,ATP,resolved,Left-handed,two-handed,Rafael Nadal,Left-handed (two-handed backhand)
Nagal S.,ATP,resolved,Right-handed,two-handed,Sumit Nagal,Right-handed (two-handed backhand)
Nakashima B.,ATP,resolved,Right-handed,two-handed,Brandon Nakashima,Right-handed (two-handed backhand)
Nam J.S.,ATP,unresolved_name,,,,
Nanda G.,ATP,resolved,Right-handed,two-handed,Govind Nanda,"Right-handed (two-handed backhand)<ref name=ATP>{{cite web|title=Govind Nana|url= https://www.atptour.com/en/players/govind-nanda/n0al/overview|work=[[ATP Tour]]|access-date=August 24, 2022}}</ref>"
Napolitano S.,ATP,resolved,Right-handed,two-handed,Stefano Napolitano,Right-handed (two-handed backhand)
Nardi L.,ATP,resolved,Right-handed,two-handed,Luca Nardi,Right-handed (two-handed backhand)
Nava E.,ATP,resolved,Right-handed,two-handed,Emilio Nava,Right-handed (two-handed backhand)
Navone M.,ATP,resolved,Right-handed,two-handed,Mariano Navone,Right-handed (two-handed backhand)
Neff A.,ATP,hand_only_no_backhand,Right-handed,,Adam Neff,Right-handed
Neumayer L.,ATP,resolved,Right-handed,two-handed,Lukas Neumayer,Right-handed (two-handed backhand)
Nikles J.,ATP,resolved,Right-handed,two-handed,Johan Nikles,Right-handed (two-handed backhand)
Nishikori K.,ATP,missing_plays_field,,,Kei Nishikori,
Nishioka Y.,ATP,resolved,Right-handed,two-handed,Yoshihito Nishioka,"Left-handed (two-handed backhand), born right-handed"
Noguchi R.,ATP,resolved,Right-handed,two-handed,Rio Noguchi,Right-handed (two-handed backhand)
Norrie C.,ATP,resolved,Left-handed,two-handed,Cameron Norrie,Left-handed (two-handed backhand)
Novak D.,ATP,unresolved_name,,,,
O Connell C.,ATP,resolved,Right-handed,one-handed,Christopher O'Connell,Right-handed (one-handed backhand)
Ofner S.,ATP,resolved,Right-handed,two-handed,Sebastian Ofner,Right-handed (two-handed backhand)
Oliel Y.,ATP,resolved,Left-handed,two-handed,Yshai Oliel,Left-handed (two-handed backhand)
Olivieri G.,ATP,resolved,Right-handed,two-handed,Genaro Alberto Olivieri,Right-handed (two-handed backhand)
Olivo R.,ATP,resolved,Right-handed,two-handed,Renzo Olivo,Right-handed (two-handed backhand)
Omarkhanov A.,ATP,resolved,Right-handed,two-handed,Amir Omarkhanov,Right-handed (two-handed backhand)
Onclin G.,ATP,resolved,Right-handed,two-handed,Gauthier Onclin,Right-handed (two-handed backhand)
Opelka R.,ATP,resolved,Right-handed,two-handed,Reilly Opelka,Right-handed (two-handed backhand)
Otte O.,ATP,resolved,Right-handed,two-handed,Oscar Otte,Right-handed<br/>(two-handed backhand)
Pacheco Mendez R.,ATP,resolved,Left-handed,two-handed,Rodrigo Pacheco Méndez,Left-handed (two-handed backhand)
Paire B.,ATP,resolved,Right-handed,two-handed,Benoît Paire,Right-handed (two-handed backhand)
Pannu K.,ATP,resolved,Right-handed,two-handed,Kiranpal Pannu,Right-handed (two-handed backhand)
Papamalamis T.,ATP,hand_only_no_backhand,Right-handed,,Théo Papamalamis,Right-handed
Passaro F.,ATP,resolved,Right-handed,two-handed,Francesco Passaro,Right-handed (two-handed backhand)
Paul T.,ATP,resolved,Right-handed,two-handed,Tommy Paul (tennis),Right-handed (two-handed backhand)
Pavlovic L.,ATP,unresolved_name,,,,
Pecotic M.,ATP,resolved,Left-handed,two-handed,Matija Pecotić,Left-handed (two-handed backhand)
Pella G.,ATP,resolved,Left-handed,two-handed,Guido Pella,Left-handed (two-handed backhand)
Pellegrino A.,ATP,resolved,Right-handed,two-handed,Andrea Pellegrino,Right-handed (two-handed backhand)
Peniston R.,ATP,resolved,Left-handed,two-handed,Ryan Peniston,Left-handed (two-handed backhand)
Pereira T.,ATP,unresolved_name,,,,
Pervolarakis M.,ATP,resolved,Right-handed,two-handed,Michail Pervolarakis,Right-handed (two-handed backhand)
Pinnington Jones J.,ATP,resolved,Right-handed,two-handed,Jack Pinnington Jones,"Right-handed, two handed backhand"
Piros Z.,ATP,resolved,Right-handed,two-handed,Zsombor Piros,Right-handed (two-handed backhand)
Poljicak M.,ATP,resolved,Right-handed,two-handed,Mili Poljičak,Right-handed (two-handed backhand)
Polmans M.,ATP,resolved,Right-handed,two-handed,Marc Polmans,Right-handed (two-handed backhand)
Popko D.,ATP,resolved,Right-handed,two-handed,Dmitry Popko,Right-handed (two-handed backhand)
Popyrin A.,ATP,resolved,Right-handed,two-handed,Alexei Popyrin,Right-handed (two-handed backhand)
Pospisil V.,ATP,resolved,Right-handed,two-handed,Vasek Pospisil,Right-handed (two-handed backhand)
Pouille L.,ATP,resolved,Right-handed,two-handed,Lucas Pouille,Right-handed (two-handed backhand)
Prado Angelo J.C.,ATP,resolved,Right-handed,two-handed,Juan Carlos Prado Ángelo,Right-handed (two-handed backhand)
Prizmic D.,ATP,resolved,Right-handed,two-handed,Dino Prižmić,Right-handed (two-handed backhand)
Pucinelli de Almeida M.,ATP,resolved,Right-handed,two-handed,Matheus Pucinelli de Almeida,Right-Handed (two-handed backhand)
Purcell M.,ATP,resolved,Right-handed,two-handed,Max Purcell,Right-handed (two-handed backhand)
Querrey S.,ATP,resolved,Right-handed,two-handed,Sam Querrey,Right-handed (two-handed backhand)
Quinn E.,ATP,resolved,Right-handed,two-handed,Ethan Quinn,Right-handed (two-handed backhand)<ref name=ATP>{{cite web|title=Ethan Quinn|url=https://www.atptour.com/en/players/ethan-quinn/q02l/overview|work=[[ATP Tour]]|access-date=24 August 2022}}</ref>
Ramanathan R.,ATP,resolved,Right-handed,two-handed,Ramkumar Ramanathan,Right-handed (two-handed backhand)
Ramos A.,ATP,no_infobox,,,Anthony Ramos,
Ramos-Vinolas A.,ATP,resolved,Left-handed,two-handed,Albert Ramos Viñolas,Left-handed (two-handed backhand)
Raonic M.,ATP,resolved,Right-handed,two-handed,Milos Raonic,Right-handed (two-handed backhand)
Rehberg M.,ATP,resolved,Right-handed,two-handed,Max Hans Rehberg,Right-handed (two-handed backhand)
Reis Da Silva J.,ATP,resolved,Right-handed,two-handed,João Lucas Reis da Silva,"Right-handed (two-handed backhand)<ref name="":0"" />"
Rejchtman Vinciguerra W.,ATP,resolved,Left-handed,two-handed,William Rejchtman Vinciguerra,Left-handed (two-handed backhand)
Riedi L.,ATP,resolved,Right-handed,two-handed,Leandro Riedi,Right-handed (two-handed backhand)
Riffice S.,ATP,resolved,Right-handed,two-handed,Sam Riffice,Right-handed (two-handed backhand)
Rincon D.,ATP,unresolved_name,,,,
Rinderknech A.,ATP,resolved,Right-handed,two-handed,Arthur Rinderknech,Right-handed (two-handed backhand)
Ritschard A.,ATP,resolved,Right-handed,two-handed,Alexander Ritschard,Right-handed (two-handed backhand)
Robredo T.,ATP,resolved,Right-handed,one-handed,Tommy Robredo,Right-handed (one-handed backhand)
Roca Batalla O.,ATP,resolved,Right-handed,one-handed,Oriol Roca Batalla,Right-handed (one handed-backhand)
Rocha H.,ATP,resolved,Right-handed,two-handed,Henrique Rocha,"Right handed, two-handed backhand"
Rodesch C.,ATP,resolved,Right-handed,two-handed,Chris Rodesch,Right-Handed (Two-Handed Backhand)
Rodionov J.,ATP,resolved,Left-handed,two-handed,Jurij Rodionov,Left-handed (two-handed backhand)
Rodriguez Taverna S.,ATP,resolved,Right-handed,two-handed,Santiago Rodríguez Taverna,Right-handed (two-handed backhand)
Rosol L.,ATP,resolved,Right-handed,two-handed,Lukáš Rosol,Right-handed <br />(two-handed backhand)
Rottgering M.,ATP,resolved,Left-handed,two-handed,Mees Röttgering,Left-handed (two-handed backhand)
Royer V.,ATP,resolved,Right-handed,two-handed,Valentin Royer,"Right-handed, two handed backhand"
Rublev A.,ATP,resolved,Right-handed,two-handed,Andrey Rublev,Right-handed (two-handed backhand)
Rune H.,ATP,resolved,Right-handed,two-handed,Holger Rune,Right-handed (two-handed backhand)
Ruud C.,ATP,resolved,Right-handed,two-handed,Casper Ruud,Right-handed (two-handed backhand)
Ruusuvuori E.,ATP,resolved,Right-handed,two-handed,Emil Ruusuvuori,Right-handed (two-handed backhand)
Rybakov A.,ATP,resolved,Left-handed,one-handed,Alex Rybakov,Left-handed (one-handed backhand)
Sachko V.,ATP,resolved,Right-handed,two-handed,Vitaliy Sachko,Right-handed (two-handed backhand)
Safiullin R.,ATP,resolved,Right-handed,two-handed,Roman Safiullin,Right-handed (two-handed backhand)
Sakamoto R.,ATP,unresolved_name,,,,
Sakellaridis S.,ATP,resolved,Right-handed,two-handed,Stefanos Sakellaridis,Right-handed (two-handed backhand)
Samrej K.,ATP,missing_plays_field,,,Kasidit Samrej,
Samuel T.,ATP,resolved,Right-handed,two-handed,Toby Samuel,Right-handed (two-handed backhand)
Sanchez Izquierdo N.,ATP,resolved,Right-handed,two-handed,Nikolás Sánchez Izquierdo,Right-handed (two handed-backhand)
Sandgren T.,ATP,resolved,Right-handed,two-handed,Tennys Sandgren,Right-handed (two-handed backhand)
Saville L.,ATP,resolved,Right-handed,two-handed,Luke Saville,Right-handed (two-handed backhand)
Schnur B.,ATP,resolved,Right-handed,two-handed,Brayden Schnur,Right-handed (two-handed backhand)
Schoenhaus M.,ATP,unresolved_name,,,,
Schoolkate T.,ATP,resolved,Right-handed,two-handed,Tristan Schoolkate,Right-handed (two-handed backhand)
Schwaerzler J.,ATP,unresolved_name,,,,
Schwaerzler J.J.,ATP,unresolved_name,,,,
Schwartzman D.,ATP,resolved,Right-handed,two-handed,Diego Schwartzman,Right-handed (two-handed backhand)
Searle H.,ATP,resolved,Left-handed,two-handed,Henry Searle (tennis),Left-handed (two-handed backhand)
Sekulic P.,ATP,resolved,Right-handed,two-handed,Philip Sekulic,Right-handed (two-handed backhand)
Sell K.,ATP,resolved,Right-handed,two-handed,Karuê Sell,Right-handed (two-handed backhand)
Seppi A.,ATP,resolved,Right-handed,two-handed,Andreas Seppi,Right-handed (two-handed backhand)
Serdarusic N.,ATP,resolved,Right-handed,two-handed,Nino Serdarušić,Right-handed (two-handed backhand)
Sesko Z.,ATP,resolved,Right-handed,two-handed,Žiga Šeško,Right-handed (two-handed backhand)
Seyboth Wild T.,ATP,resolved,Right-handed,two-handed,Thiago Seyboth Wild,Right-handed (two-handed backhand)
Shang J.,ATP,unresolved_name,,,,
Shapovalov D.,ATP,resolved,Left-handed,one-handed,Denis Shapovalov,Left-handed (one-handed backhand)
Shelbayh A.,ATP,resolved,Left-handed,two-handed,Abdullah Shelbayh,Left-handed (two-handed backhand)
Shelton B.,ATP,resolved,Left-handed,two-handed,Ben Shelton,Left-handed (two-handed backhand)
Shevchenko A.,ATP,resolved,Right-handed,two-handed,Alexander Shevchenko (tennis),Right-handed (two handed-backhand)
Shimabukuro S.,ATP,resolved,Right-handed,two-handed,Sho Shimabukuro,Right-handed (two-handed backhand)
Shimizu Y.,ATP,resolved,Left-handed,two-handed,Yuta Shimizu,Left-handed (two-handed backhand)
Simon G.,ATP,resolved,Right-handed,two-handed,Gilles Simon,Right-handed (two-handed backhand)
Sinner J.,ATP,resolved,Right-handed,two-handed,Jannik Sinner,Right-handed (two-handed backhand)
Skatov T.,ATP,resolved,Right-handed,two-handed,Timofey Skatov,Right-handed (two-handed backhand)
Smith C.,ATP,resolved,Right-handed,two-handed,Colton Smith (tennis),Right-handed (two-handed backhand)
Sock J.,ATP,resolved,Right-handed,two-handed,Jack Sock,Right-handed <br />(two-handed backhand)
Sonego L.,ATP,resolved,Right-handed,two-handed,Lorenzo Sonego,Right-handed (two-handed backhand)
Soto M.,ATP,unresolved_name,,,,
Sousa J.,ATP,unresolved_name,,,,
Sousa P.,ATP,resolved,Right-handed,two-handed,Pedro Sousa,Right-handed (two-handed backhand)
Spizzirri E.,ATP,resolved,Right-handed,two-handed,Eliot Spizzirri,Right-handed (two-handed backhand)
Squire H.,ATP,resolved,Right-handed,two-handed,Henri Squire,Right-handed (two-handed backhand)
Stebe C.M.,ATP,resolved,Left-handed,two-handed,Cedrik-Marcel Stebe,Left-handed (two-handed backhand)
Stewart H.,ATP,unresolved_name,,,,
Stricker D.,ATP,resolved,Left-handed,two-handed,Dominic Stricker,Left-handed (two-handed backhand)
Struff J.L.,ATP,resolved,Right-handed,two-handed,Jan-Lennard Struff,Right-handed (two-handed backhand)
Sugita Y.,ATP,resolved,Right-handed,two-handed,Yūichi Sugita,Right-handed (two-handed backhand)
Sun F.,ATP,unresolved_name,,,,
Suresh D.,ATP,resolved,Right-handed,two-handed,Dhakshineswar Suresh,Right-handed (two-handed backhand)
Svajda T.,ATP,resolved,Right-handed,two-handed,Trevor Svajda,Right-handed (two-handed backhand)
Svajda Z.,ATP,resolved,Right-handed,two-handed,Zachary Svajda,Right-handed (two-handed backhand)
Svrcina D.,ATP,resolved,Right-handed,two-handed,Dalibor Svrčina,Right-handed (two-handed backhand)
Sweeny D.,ATP,resolved,Right-handed,two-handed,Dane Sweeny,Right-handed (Two-Handed Backhand)
Taberner C.,ATP,resolved,Right-handed,two-handed,Carlos Taberner,Right-handed (two-handed backhand)
Tabilo A.,ATP,resolved,Left-handed,two-handed,Alejandro Tabilo,Left-handed (two-handed backhand)
Tabur C.,ATP,resolved,Right-handed,two-handed,Clément Tabur,Right-handed (two-handed backhand)
Tarvet O.,ATP,hand_only_no_backhand,Right-handed,,Oliver Tarvet,Right-handed
Te R.,ATP,unresolved_name,,,,
Thiem D.,ATP,resolved,Right-handed,one-handed,Dominic Thiem,Right-handed (one-handed backhand)
Thompson J.,ATP,resolved,Right-handed,two-handed,Jordan Thompson (tennis),Right-handed (two-handed backhand)
Tiafoe F.,ATP,resolved,Right-handed,two-handed,Frances Tiafoe,Right-handed (two-handed backhand)
Tien L.,ATP,resolved,Left-handed,two-handed,Learner Tien,Left-handed (two-handed backhand)
Tirante T. A.,ATP,resolved,Right-handed,two-handed,Thiago Agustín Tirante,Right-handed (two-handed backhand)
Tirante T.A.,ATP,resolved,Right-handed,two-handed,Thiago Agustín Tirante,Right-handed (two-handed backhand)
Tiurnev E.,ATP,resolved,Right-handed,two-handed,Evgenii Tiurnev,Right-handed (two-handed backhand)
Tomic B.,ATP,resolved,Right-handed,two-handed,Bernard Tomic,Right-handed (two-handed backhand)
Topo M.,ATP,resolved,Right-handed,two-handed,Marko Topo,Right-handed (two-handed backhand)
Torres T.,ATP,resolved,Left-handed,two-handed,Tiago Torres,Left-handed (two-handed backhand)
Travaglia S.,ATP,hand_only_no_backhand,Right-handed,,Stefano Travaglia,Right-handed (two–handed backhand)
Trotter J.K.,ATP,unresolved_name,,,,
Trungelliti M.,ATP,resolved,Right-handed,two-handed,Marco Trungelliti,Right-handed (two-handed backhand)
Tseng C. H.,ATP,unresolved_name,,,,
Tseng C.H.,ATP,no_infobox,,,Chuen Shui Tseng,
Tsitsipas S.,ATP,resolved,Right-handed,one-handed,Stefanos Tsitsipas,Right-handed (one-handed backhand)
Tsonga J.W.,ATP,resolved,Right-handed,two-handed,Jo-Wilfried Tsonga,Right-handed (two-handed backhand)
Tu L.,ATP,resolved,Right-handed,one-handed,Li Tu,Right-handed (one-handed backhand)
Turcanu R.D.,ATP,resolved,Left-handed,two-handed,Radu David Țurcanu,Left-handed (two-handed backhand)
Uchida K.,ATP,resolved,Right-handed,two-handed,Kaichi Uchida,Right-handed (two handed-backhand)
Uchiyama Y.,ATP,resolved,Right-handed,two-handed,Yasutaka Uchiyama,Right-handed (two-handed backhand)
Ugo Carabelli C.,ATP,resolved,Right-handed,two-handed,Camilo Ugo Carabelli,Right-handed (two-handed backhand)
Vacherot V.,ATP,resolved,Right-handed,two-handed,Valentin Vacherot,Right-handed (two-handed backhand)
Valkusz M.,ATP,resolved,Right-handed,two-handed,Máté Valkusz,Right-handed (two handed-backhand)
Vallejo D.,ATP,no_infobox,,,Álex Vallejo,
Van Assche L.,ATP,resolved,Right-handed,two-handed,Luca Van Assche,Right-handed (two-handed backhand)
Van De Zandschulp B.,ATP,resolved,Right-handed,two-handed,Botic van de Zandschulp,Right-handed (two-handed backhand)
Van Rijthoven T.,ATP,resolved,Right-handed,one-handed,Tim van Rijthoven,Right-handed (one-handed backhand)
Vandecasteele Q.,ATP,resolved,Right-handed,two-handed,Quinn Vandecasteele,Right-handed (two-handed backhand)
Varillas J. P.,ATP,resolved,Right-handed,two-handed,Juan Pablo Varillas,Right-handed (two-handed backhand)
Varillas J.P.,ATP,resolved,Right-handed,two-handed,Juan Pablo Varillas,Right-handed (two-handed backhand)
Vatutin A.,ATP,resolved,Right-handed,two-handed,Alexey Vatutin,Right-handed (two handed-backhand)
Vavassori A.,ATP,resolved,Right-handed,one-handed,Andrea Vavassori,Right-handed (one-handed backhand)
Verdasco F.,ATP,resolved,Left-handed,two-handed,Fernando Verdasco,Left-handed (two-handed backhand)
Vesely J.,ATP,resolved,Left-handed,two-handed,Jiří Veselý,Left-handed <br/>(two-handed backhand)
Villanueva G.,ATP,resolved,Right-handed,two-handed,Gonzalo Villanueva,Right-handed (two-handed backhand)
Virtanen O.,ATP,resolved,Right-handed,two-handed,Otto Virtanen,Right-handed (two-handed backhand)
Vukic A.,ATP,resolved,Right-handed,two-handed,Aleksandar Vukic,Right-handed (two-handed backhand)
Walton A.,ATP,resolved,Right-handed,two-handed,Adam Walton,Right-handed (two-handed backhand)
Watanuki Y.,ATP,resolved,Right-handed,two-handed,Yosuke Watanuki,Right-handed (two handed-backhand)
Watt J.,ATP,unresolved_name,,,,
Wawrinka S.,ATP,resolved,Right-handed,one-handed,Stan Wawrinka,Right-handed (one-handed backhand)
Wendelken H.,ATP,resolved,Right-handed,two-handed,Harry Wendelken,Right-handed (two-handed backhand)
Wessels L.,ATP,hand_only_no_backhand,Right-handed,,Louis Wessels,Right-handed (two-anded backhand)
Winter E.,ATP,unresolved_name,,,,
Wolf J.J.,ATP,resolved,Right-handed,two-handed,J. J. Wolf,Right-handed (two handed-backhand)
Wong C.,ATP,resolved,Right-handed,two-handed,Coleman Wong,Right-handed (two-handed backhand)
Wu T.L.,ATP,unresolved_name,,,,
Wu Y.,ATP,resolved,Right-handed,two-handed,Wu Yibing,Right-handed (two-handed backhand)
Yevseyev D.,ATP,resolved,Right-handed,two-handed,Denis Yevseyev,Right-handed (two-handed backhand)
Ymer E.,ATP,resolved,Right-handed,two-handed,Elias Ymer,Right-handed (two handed-backhand)
Ymer M.,ATP,resolved,Right-handed,two-handed,Mikael Ymer,Right-handed (two-handed backhand)
Zahraj P.,ATP,resolved,Right-handed,two-handed,Patrick Zahraj,Right-handed (two-handed backhand)
Zapata Miralles B.,ATP,resolved,Right-handed,two-handed,Bernabé Zapata Miralles,Right-handed (two-handed backhand)
Zeppieri G.,ATP,resolved,Left-handed,two-handed,Giulio Zeppieri,Left-handed (two-handed backhand)
Zhang Zh.,ATP,unresolved_name,,,,
Zheng M.,ATP,resolved,Right-handed,two-handed,Michael Zheng,Right-handed (two-handed backhand)
Zhou Y.,ATP,no_infobox,,,Yi Zhou,
Zhukayev B.,ATP,resolved,Right-handed,two-handed,Beibit Zhukayev,Right-handed (two-handed backhand)
Zuk K.,ATP,resolved,Right-handed,two-handed,Kacper Żuk,Right-handed (two-handed backhand)
Zverev A.,ATP,resolved,Right-handed,two-handed,Alexander Zverev,Right-handed (two-handed backhand)
Abduraimova N.,WTA,resolved,Right-handed,two-handed,Nigina Abduraimova,Right (two-handed backhand)
Adkar V.,WTA,resolved,Right-handed,two-handed,Vaishnavi Adkar,Right-handed (two-handed backhand)
Ahn A.,WTA,missing_plays_field,,,Alyssa Ahn,
Aiava D.,WTA,resolved,Right-handed,two-handed,Destanee Aiava,Right-handed (two-handed backhand)
Aksu A.,WTA,resolved,Right-handed,two-handed,Ayla Aksu,Right (two-handed backhand)
Alexandrova E.,WTA,resolved,Right-handed,two-handed,Ekaterina Alexandrova,Right-handed (two-handed backhand)
Alves C.,WTA,no_infobox,,,Camila Alves,
Amariei I.D.,WTA,unresolved_name,,,,
Anderson R.,WTA,resolved,Right-handed,two-handed,Robin Anderson (tennis),Right (two-handed backhand)
Andreescu B.,WTA,resolved,Right-handed,two-handed,Bianca Andreescu,Right-handed (two-handed backhand)
Andreeva E.,WTA,resolved,Right-handed,two-handed,Erika Andreeva,Right-handed (two-handed backhand)
Andreeva M.,WTA,resolved,Right-handed,two-handed,Mirra Andreeva,Right (two-handed backhand)
Andrianjafitrimo T.,WTA,resolved,Right-handed,two-handed,Tessah Andrianjafitrimo,Right (two-handed backhand)
Anisimova A.,WTA,resolved,Right-handed,two-handed,Amanda Anisimova,Right (two-handed backhand)
Anshba A.,WTA,resolved,Left-handed,two-handed,Amina Anshba,Left (two-handed backhand)
Appleton E.,WTA,no_infobox,,,Emma Appleton,
Arango E.,WTA,resolved,Right-handed,two-handed,Emiliana Arango,Right (two-handed backhand)
Arconada U.M.,WTA,resolved,Right-handed,two-handed,Usue Maitane Arconada,Right (two-handed backhand)
Argyrokastriti M.,WTA,unresolved_name,,,,
Arseneault A.,WTA,hand_only_no_backhand,Right-handed,,Ariana Arseneault,Right-handed
Avanesyan E.,WTA,resolved,Right-handed,two-handed,Elina Avanesyan,Right (two-handed backhand)
Avdeeva J.,WTA,missing_plays_field,,,Julia Avdeeva,
Azarenka V.,WTA,resolved,Right-handed,two-handed,Victoria Azarenka,Right-handed (two-handed backhand)
Babos T.,WTA,resolved,Right-handed,two-handed,Tímea Babos,Right (two-handed backhand)
Back D.,WTA,unresolved_name,,,,
Badosa P.,WTA,resolved,Right-handed,two-handed,Paula Badosa,Right-handed (two-handed backhand)
Bai Z.,WTA,unresolved_name,,,,
Baindl K.,WTA,resolved,Right-handed,two-handed,Kateryna Baindl,Right (two-handed backhand)
Bandecchi S.,WTA,resolved,Right-handed,two-handed,Susan Bandecchi,Right (two-handed backhand)
Baptiste H.,WTA,resolved,Right-handed,two-handed,Hailey Baptiste,Right-handed (two-handed backhand)
Bara I.,WTA,resolved,Right-handed,two-handed,Irina Bara,Right (two-handed backhand)
Barros V.L.,WTA,unresolved_name,,,,
Barry M.,WTA,unresolved_name,,,,
Barthel M.,WTA,resolved,Right-handed,two-handed,Mona Barthel,Right-handed (two handed backhand)
Bartunkova N.,WTA,resolved,Right-handed,two-handed,Nikola Bartůňková,Right (two-handed backhand)
Barty A.,WTA,resolved,Right-handed,two-handed,Ashleigh Barty,Right-handed (two-handed backhand)
Basiletti N.,WTA,resolved,Right-handed,two-handed,Noemi Basiletti,Right-handed (two-handed backhand)
Bassols M.,WTA,hand_only_no_backhand,Right-handed,,Marina Bassols Ribera,Right-handed
Bechri C.,WTA,resolved,Right-handed,two-handed,Chiraz Bechri,Right (two-handed backhand)
Begu I.,WTA,resolved,Right-handed,two-handed,Irina-Camelia Begu,Right-handed (two-handed backhand)
Bejlek S.,WTA,resolved,Left-handed,two-handed,Sára Bejlek,Left-handed (two-handed backhand)
Bektas E.,WTA,resolved,Right-handed,two-handed,Emina Bektas,Right-handed (two-handed backhand)
Bencic B.,WTA,resolved,Right-handed,two-handed,Belinda Bencic,Right-handed (two-handed backhand)
Benoit M.,WTA,resolved,Left-handed,two-handed,Marie Benoît,Left-handed (two-handed backhand)
Berberovic N.,WTA,resolved,Right-handed,two-handed,Nefisa Berberović,Right (two-handed backhand)
Bertea E.R.,WTA,no_infobox,,,Ernesto Bertea,
Betova M.,WTA,resolved,Right-handed,one-handed,Margarita Betova,Right (one-handed backhand)
Bhamidipaty S.R.,WTA,unresolved_name,,,,
Birrell K.,WTA,resolved,Right-handed,two-handed,Kimberly Birrell,Right (two-handed backhand)
Bjorklund M.,WTA,resolved,Right-handed,two-handed,Mirjam Björklund,Right (two-handed backhand)
Blinkova A.,WTA,hand_only_no_backhand,Right-handed,,Anna Blinkova,Right-handed
Bogdan A.,WTA,resolved,Right-handed,two-handed,Ana Bogdan,Right-handed (two-handed backhand)
Boisson L.,WTA,resolved,Right-handed,two-handed,Loïs Boisson,Right-handed (two-handed backhand)
Bolkvadze M.,WTA,resolved,Left-handed,two-handed,Mariam Bolkvadze,Left (two-handed backhand)
Bolsova A.,WTA,resolved,Right-handed,two-handed,Aliona Bolsova,Right (two-handed backhand)
Bolsova Zadoinov A.,WTA,unresolved_name,,,,
Bonaventure Y.,WTA,resolved,Left-handed,two-handed,Ysaline Bonaventure,Left (two-handed backhand)
Bondar A.,WTA,resolved,Right-handed,two-handed,Anna Bondár,Right (two-handed backhand)
Bondarenko K.,WTA,unresolved_name,,,,
Boskovic L.,WTA,resolved,Right-handed,one-handed,Lea Bošković,Right (one-handed backhand)
Bouchard E.,WTA,resolved,Right-handed,two-handed,Eugenie Bouchard,Right (two-handed backhand)
Boulter K.,WTA,resolved,Right-handed,two-handed,Katie Boulter,Right-handed (two-handed backhand)
Bouzas Maneiro J.,WTA,resolved,Right-handed,two-handed,Jéssica Bouzas Maneiro,Right-handed (two-handed backhand)
Bouzkova M.,WTA,resolved,Right-handed,two-handed,Marie Bouzková,Right-handed (two-handed backhand)
Brace C.,WTA,hand_only_no_backhand,Right-handed,,Cadence Brace,Right-handed
Brady J.,WTA,no_infobox,,,James Brady,
Brancaccio N.,WTA,resolved,Right-handed,two-handed,Nuria Brancaccio,Right-handed (two-handed backhand)
Branstine C.,WTA,resolved,Right-handed,two-handed,Carson Branstine,Right (two-handed backhand)
Brantmeier R.,WTA,hand_only_no_backhand,Right-handed,,Reese Brantmeier,Right-handed
Brengle M.,WTA,resolved,Right-handed,two-handed,Madison Brengle,Right (two-handed backhand)
Brockmann T.J.,WTA,resolved,Right-handed,two-handed,Tessa Johanna Brockmann,"Right-handed (two-handed backhand)<ref>{{cite web|url=https://www.tennisabstract.com/cgi-bin/wplayer.cgi?p=260598/Tessa-Johanna-Brockmann|title=Tessa Johanna Brockmann - Match Results, Splits and Analysis|website=tennisabstract.com|access-date=15 July 2025}}</ref>"
Bronzetti L.,WTA,resolved,Right-handed,two-handed,Lucia Bronzetti,Right-handed (two-handed backhand)
Bucsa C.,WTA,resolved,Right-handed,two-handed,Cristina Bucșa,Right-handed (two-handed backhand)
Bulgaru M.,WTA,resolved,Right-handed,two-handed,Miriam Bulgaru,Right (two-handed backhand)
Burel C.,WTA,resolved,Right-handed,two-handed,Clara Burel,Right-handed (two-handed backhand)
Burillo Escorihuela I.,WTA,unresolved_name,,,,
Burillo I.,WTA,resolved,Right-handed,two-handed,Irene Burillo,Right (two-handed backhand)
Burrage J.,WTA,resolved,Right-handed,two-handed,Jodie Burrage,Right-handed (two-handed backhand)
Buyukakcay C.,WTA,resolved,Right-handed,two-handed,Çağla Büyükakçay,Right-handed (two-handed backhand)
Buzarnescu M.,WTA,resolved,Left-handed,two-handed,Mihaela Buzărnescu,Left (two-handed backhand)
Cabrera L.,WTA,resolved,Right-handed,two-handed,Lizette Cabrera,Right (two-handed backhand)
Cadantu A.,WTA,unresolved_name,,,,
Candiotto A.,WTA,resolved,Right-handed,two-handed,Ana Candiotto,Right (two-handed backhand)
Caregaro M.,WTA,resolved,Right-handed,two-handed,Martina Caregaro,Right (two-handed backhand)
Carle M.,WTA,missing_plays_field,,,María Lourdes Carlé,
Cengiz B.,WTA,resolved,Right-handed,two-handed,Berfu Cengiz,Right (two-handed backhand)
Chang H.,WTA,unresolved_name,,,,
Chang S.,WTA,unresolved_name,,,,
Charaeva A.,WTA,hand_only_no_backhand,Right-handed,,Alina Charaeva,Right-handed
Cherubini D.,WTA,resolved,Right-handed,two-handed,Diletta Cherubini,Right (two-handed backhand)
Chirico L.,WTA,hand_only_no_backhand,Right-handed,,Louisa Chirico,Right-handed
Chong E.,WTA,missing_plays_field,,,Eudice Chong,
Chwalinska M.,WTA,resolved,Left-handed,two-handed,Maja Chwalińska,Left (two-handed backhand)
Ciric Bagaric L.,WTA,hand_only_no_backhand,Right-handed,,Lucija Ćirić Bagarić,Right-handed
Cirstea S.,WTA,resolved,Right-handed,two-handed,Sorana Cîrstea,Right-handed (two-handed backhand)
Clijsters K.,WTA,resolved,Right-handed,two-handed,Kim Clijsters,Right-handed (two-handed backhand)
Cocciaretto E.,WTA,resolved,Right-handed,two-handed,Elisabetta Cocciaretto,Right-handed (two-handed backhand)
Collins D.,WTA,resolved,Right-handed,two-handed,Danielle Collins,Right-handed (two-handed backhand)
Contreras Gomez F.,WTA,resolved,Right-handed,one-handed,Fernanda Contreras Gómez,Right (one-handed backhand)
Cornet A.,WTA,resolved,Right-handed,two-handed,Alizé Cornet,Right-handed (two-handed backhand)
Costoulas S.,WTA,resolved,Right-handed,two-handed,Sofia Costoulas,Right (two-handed backhand)
Crawley F.,WTA,resolved,Right-handed,two-handed,Fiona Crawley,Right (two-handed backhand)
Cristian J.,WTA,resolved,Right-handed,two-handed,Jaqueline Cristian,Right (two-handed backhand)
Cross K.,WTA,resolved,Left-handed,two-handed,Kayla Cross,Left (two-handed backhand)
Curmi F.,WTA,resolved,Right-handed,two-handed,Francesca Curmi,Right (two-handed backhand)
Danilina A.,WTA,resolved,Right-handed,two-handed,Anna Danilina,Right (two-handed backhand)
Danilovic O.,WTA,resolved,Left-handed,two-handed,Olga Danilović,Left-handed (two-handed backhand)
Dart H.,WTA,resolved,Right-handed,two-handed,Harriet Dart,Right (two-handed backhand)
Davis L.,WTA,unresolved_name,,,,
Day K.,WTA,resolved,Left-handed,two-handed,Kayla Day,Left (two-handed backhand)
Di Giuseppe M.,WTA,resolved,Right-handed,one-handed,Martina Di Giuseppe,Right (one-handed backhand)
Di Lorenzo F.,WTA,resolved,Left-handed,two-handed,Francesca Di Lorenzo,Left-handed (two-handed backhand)
Di Sarra F.,WTA,resolved,Right-handed,two-handed,Federica Di Sarra,Right (two-handed backhand)
Diatchenko V.,WTA,resolved,Right-handed,two-handed,Vitalia Diatchenko,Right (two-handed both sides)
Diyas Z.,WTA,resolved,Right-handed,two-handed,Zarina Diyas,Right (two-handed backhand)
Dodin O.,WTA,resolved,Right-handed,two-handed,Océane Dodin,Right (two-handed backhand)
Doi M.,WTA,resolved,Left-handed,two-handed,Misaki Doi,Left (two-handed backhand)
Dolehide C.,WTA,unresolved_name,,,,
Dudeney A.,WTA,hand_only_no_backhand,Right-handed,,Alicia Dudeney,Right-handed
Duerst J.,WTA,unresolved_name,,,,
Eala A.,WTA,resolved,Left-handed,two-handed,Alexandra Eala,Left-handed (two-handed backhand)
Efremova K.,WTA,missing_plays_field,,,Ksenia Efremova,
Eikeri U.,WTA,resolved,Right-handed,two-handed,Ulrikke Eikeri,Right (two-handed backhand)
El Allami M.,WTA,resolved,Right-handed,two-handed,Malak El Allami,Right-handed (two-handed backhand)
El Aouni A.,WTA,resolved,Right-handed,two-handed,Aya El Aouni,Right-handed (two-handed backhand)
El Jardi D.,WTA,resolved,Right-handed,two-handed,Diae El Jardi,Right (two-handed backhand)
Erjavec V.,WTA,resolved,Right-handed,two-handed,Veronika Erjavec,Right (two-handed backhand)
Errani S.,WTA,resolved,Right-handed,two-handed,Sara Errani,Right-handed (two-handed backhand)
Ewald W.,WTA,resolved,Right-handed,two-handed,Weronika Ewald,Right (two-handed backhand)
Falei A.,WTA,resolved,Right-handed,two-handed,Aliona Falei,Right (two-handed backhand)
Falkner Z.,WTA,resolved,Right-handed,two-handed,Živa Falkner,Right (two-handed backhand)
Falkowska W.,WTA,resolved,Right-handed,two-handed,Weronika Falkowska,Right (two-handed backhand)
Fernandez L.,WTA,resolved,Left-handed,two-handed,Leylah Fernandez,Left-handed (two-handed backhand)
Fernandez L.A.,WTA,no_infobox,,,Laura Fernández,
Ferrando C.,WTA,resolved,Right-handed,two-handed,Cristiana Ferrando,Right-handed (two-handed backhand)
Ferro F.,WTA,resolved,Right-handed,two-handed,Fiona Ferro,Right-handed (two-handed backhand)
Fett J.,WTA,resolved,Right-handed,two-handed,Jana Fett,Right-handed (two-handed backhand)
Fita Boluda A.,WTA,hand_only_no_backhand,Left-handed,,Ángela Fita Boluda,Left-handed
Flipkens K.,WTA,resolved,Right-handed,two-handed,Kirsten Flipkens,Right-handed (two-handed backhand)
Fossa Huergo N.,WTA,missing_plays_field,,,Nicole Fossa Huergo,
Fourlis J.,WTA,resolved,Right-handed,two-handed,Jaimee Fourlis,Right (two-handed backhand)
Frech M.,WTA,resolved,Right-handed,two-handed,Magdalena Fręch,Right-handed (two-handed backhand)
Friedsam A.L.,WTA,resolved,Right-handed,two-handed,Anna-Lena Friedsam,Right-handed (two-handed backhand)
Frodin T.,WTA,resolved,Right-handed,two-handed,Thea Frodin,Right (two-handed backhand)
Fruhvirtova B.,WTA,hand_only_no_backhand,Right-handed,,Brenda Fruhvirtová,Right-handed
Fruhvirtova L.,WTA,resolved,Right-handed,two-handed,Linda Fruhvirtová,Right-handed (two-handed backhand)
Fullana L.,WTA,unresolved_name,,,,
Fung S.,WTA,resolved,Right-handed,two-handed,Stacey Fung,Right (two-handed backhand)
Gabueva A.,WTA,hand_only_no_backhand,Right-handed,,Angelina Gabueva,Right-handed
Gadecki O.,WTA,hand_only_no_backhand,Right-handed,,Olivia Gadecki,Right-handed
Galfi D.,WTA,missing_plays_field,,,Dalma Gálfi,
Gao X.,WTA,unresolved_name,,,,
Garcia C.,WTA,resolved,Right-handed,two-handed,Caroline Garcia,Right-handed (two-handed backhand)
Garland J.,WTA,resolved,Right-handed,two-handed,Joanna Garland,Right (two-handed backhand)
Gasanova A.,WTA,resolved,Right-handed,two-handed,Anastasia Gasanova,Right-handed (two-handed backhand)
Gatto-Monticone G.,WTA,resolved,Right-handed,two-handed,Giulia Gatto-Monticone,Right (two-handed backhand)
Gauff C.,WTA,resolved,Right-handed,two-handed,Coco Gauff,Right-handed (two-handed backhand)
Geerlings Martinez A.,WTA,unresolved_name,,,,
Gervais J.,WTA,hand_only_no_backhand,Right-handed,,Julie Gervais,Right-handed
Ghioroaie I.G,WTA,unresolved_name,,,,
Gibson T.,WTA,hand_only_no_backhand,Right-handed,,Talia Gibson,Right-handed
Giorgi C.,WTA,resolved,Right-handed,two-handed,Camila Giorgi,Right-handed (two-handed backhand)
Gjorcheska L.,WTA,resolved,Right-handed,two-handed,Lina Gjorcheska,Right (two-handed backhand)
Glozman V.,WTA,unresolved_name,,,,
Glushko L.,WTA,hand_only_no_backhand,Right-handed,,Lina Glushko,Right-handed
Golubic V.,WTA,resolved,Right-handed,one-handed,Viktorija Golubic,Right-handed (one-handed backhand)
Gorgodze E.,WTA,resolved,Left-handed,two-handed,Ekaterine Gorgodze,Left (two-handed backhand)
Govortsova O.,WTA,resolved,Right-handed,two-handed,Olga Govortsova,Right (two-handed backhand)
Grabher J.,WTA,missing_plays_field,,,Julia Grabher,
Gracheva V.,WTA,resolved,Right-handed,two-handed,Varvara Gracheva,Right-handed (two-handed backhand)
Grammatikopoulou V.,WTA,missing_plays_field,,,Valentini Grammatikopoulou,
Grant T.C.,WTA,missing_plays_field,,,Tyra Caterina Grant,
Guo H.,WTA,unresolved_name,,,,
Haddad Maia B.,WTA,resolved,Left-handed,two-handed,Beatriz Haddad Maia,Left-handed (two-handed backhand)
Halep S.,WTA,no_infobox,,,Simona Halep,
Han N.L.,WTA,unresolved_name,,,,
Harrison Ca.,WTA,unresolved_name,,,,
Hartono A.,WTA,resolved,Right-handed,two-handed,Arianne Hartono,Right (two-handed backhand)
Hatouka Y.,WTA,resolved,Right-handed,two-handed,Yuliya Hatouka,Right (two-handed backhand)
Havlickova L.,WTA,resolved,Right-handed,two-handed,Lucie Havlíčková,Right (two-handed backhand)
Hennemann C.W.,WTA,unresolved_name,,,,
Herazo M.,WTA,unresolved_name,,,,
Hercog P.,WTA,resolved,Right-handed,two-handed,Polona Hercog,Right (two-handed backhand)
Herrero Linana A.,WTA,resolved,Right-handed,two-handed,Alicia Herrero Liñana,Right (two-handed backhand)
Hesse A.,WTA,resolved,Right-handed,two-handed,Amandine Hesse,Right (two-handed backhand)
Hewitt D.,WTA,resolved,Right-handed,two-handed,Dalayna Hewitt,Right (two-handed backhand)
Hibino N.,WTA,resolved,Right-handed,two-handed,Nao Hibino,Right-handed (two-handed backhand)
Higuita Barraza M.,WTA,unresolved_name,,,,
Hives Z.,WTA,resolved,Right-handed,two-handed,Zoe Hives,Right-handed (two-handed backhand)
Hobgarski K.,WTA,missing_plays_field,,,Katharina Hobgarski,
Hodzic M.,WTA,resolved,Right-handed,two-handed,Mina Hodzic,Right-handed (two-handed backhand)
Hon P.,WTA,resolved,Right-handed,two-handed,Priscilla Hon,Right (two-handed backhand)
Hontama M.,WTA,resolved,Right-handed,two-handed,Mai Hontama,Right (two-handed backhand)
Hosogi S.,WTA,resolved,Right-handed,two-handed,Sakura Hosogi,Right (two-handed both sides)
Hovde L.,WTA,resolved,Right-handed,two-handed,Liv Hovde,Right (two-handed backhand)
Hozumi E.,WTA,resolved,Right-handed,two-handed,Eri Hozumi,Right (two-handed backhand)
Hruncakova V.,WTA,resolved,Right-handed,two-handed,Viktória Hrunčáková,Right-handed (two-handed backhand)
Hsieh S.W.,WTA,resolved,Right-handed,two-handed,Hsieh Su-wei,Right-handed (two-handed both sides)
Hui K.,WTA,missing_plays_field,,,Katherine Hui,
Hunter S.,WTA,unresolved_name,,,,
Iatcenko P.,WTA,hand_only_no_backhand,Right-handed,,Polina Iatcenko,Right-handed
Ibragimova A.,WTA,hand_only_no_backhand,Right-handed,,Alevtina Ibragimova,Right-handed
Ignatik A.,WTA,unresolved_name,,,,
Iliev S.,WTA,resolved,Right-handed,two-handed,Sarah Iliev,Right (two-handed backhand)
In-Albon Y.,WTA,resolved,Right-handed,two-handed,Ylena In-Albon,Right-handed (two-handed backhand)
Inglis M.,WTA,resolved,Right-handed,two-handed,Maddison Inglis,Right (two-handed backhand)
Inoue H.,WTA,no_infobox,,,Hiroshi Inoue (entomologist),
Ishii S.,WTA,resolved,Right-handed,two-handed,Sayaka Ishii,Right (two-handed backhand)
Ito A.,WTA,hand_only_no_backhand,Right-handed,,Aoi Ito,Right-handed
Jabeur O.,WTA,resolved,Right-handed,two-handed,Ons Jabeur,Right-handed (two-handed backhand)
Jacquemot E.,WTA,resolved,Right-handed,two-handed,Elsa Jacquemot,Right-handed (two-handed backhand)
Jakupovic D.,WTA,missing_plays_field,,,Dalila Jakupović,
Jamrichova R.,WTA,resolved,Left-handed,two-handed,Renáta Jamrichová,Left (two-handed backhand)
Jang S.,WTA,unresolved_name,,,,
Jani R-L.,WTA,resolved,Right-handed,two-handed,Réka Luca Jani,Right (two-handed backhand)
Jani R.L.,WTA,resolved,Right-handed,two-handed,Réka Luca Jani,Right (two-handed backhand)
Janicijevic S.,WTA,resolved,Right-handed,two-handed,Séléna Janicijevic,Right (two-handed backhand)
Jeanjean L.,WTA,resolved,Right-handed,two-handed,Léolia Jeanjean,Right (two-handed backhand)
Jeong B.,WTA,unresolved_name,,,,
Jiang X.,WTA,unresolved_name,,,,
Jimenez Kasintseva V.,WTA,resolved,Left-handed,two-handed,Victoria Jiménez Kasintseva,Left-handed (two-handed backhand)
Jimenez V.,WTA,unresolved_name,,,,
Joint M.,WTA,hand_only_no_backhand,Right-handed,,Maya Joint,Right-handed
Jones E.,WTA,no_infobox,,,Emilia Jones,
Jones F.,WTA,resolved,Right-handed,two-handed,Francesca Jones (tennis),Right (two-handed backhand)
Jorovic I.,WTA,resolved,Right-handed,two-handed,Ivana Jorović,Right-handed (two-handed backhand)
Jovic I.,WTA,resolved,Right-handed,two-handed,Iva Jovic,Right (two-handed backhand)
Juvan K.,WTA,resolved,Right-handed,two-handed,Kaja Juvan,Right-handed (two-handed backhand)
Kabbaj Y.,WTA,resolved,Right-handed,two-handed,Yasmine Kabbaj,Right-handed (two-handed backhand)
Kalieva E.,WTA,hand_only_no_backhand,Right-handed,,Elvina Kalieva,Right-handed
Kalinina A.,WTA,resolved,Right-handed,two-handed,Anhelina Kalinina,Right (two-handed backhand)
Kalinskaya A.,WTA,resolved,Right-handed,two-handed,Anna Kalinskaya,Right-handed (two-handed backhand)
Kanepi K.,WTA,resolved,Right-handed,two-handed,Kaia Kanepi,Right-handed (two-handed backhand)
Karatancheva L.,WTA,resolved,Right-handed,two-handed,Lia Karatancheva,Right-handed (two-handed backhand)
Kartal S.,WTA,resolved,Right-handed,two-handed,Sonay Kartal,Right (two-handed backhand)
Kasatkina D.,WTA,resolved,Right-handed,two-handed,Daria Kasatkina,Right-handed (two-handed backhand)
Kawa K.,WTA,resolved,Right-handed,two-handed,Katarzyna Kawa,Right (two-handed backhand)
Kenin S.,WTA,resolved,Right-handed,two-handed,Sofia Kenin,Right-handed (two-handed backhand)
Kerber A.,WTA,resolved,Left-handed,two-handed,Angelique Kerber,Left-handed (two-handed backhand)
Kessler M.,WTA,missing_plays_field,,,McCartney Kessler,
Keys M.,WTA,resolved,Right-handed,two-handed,Madison Keys,Right-handed (two-handed backhand)
Khromacheva I.,WTA,resolved,Left-handed,two-handed,Irina Khromacheva,Left-handed (two-handed backhand)
Kiick A.,WTA,resolved,Right-handed,two-handed,Allie Kiick,Right (two-handed backhand)
Klimovicova L.,WTA,hand_only_no_backhand,Right-handed,,Linda Klimovičová,Right-handed
Klugman H.,WTA,hand_only_no_backhand,Right-handed,,Hannah Klugman,Right-handed
Knutson G.,WTA,hand_only_no_backhand,Right-handed,,Gabriela Knutson,Right-handed
Kobori M.,WTA,resolved,Right-handed,two-handed,Momoko Kobori,Right (two-handed backhand)
Koevermans A.,WTA,resolved,Right-handed,two-handed,Anouk Koevermans,Right (two-handed backhand)
Konjuh A.,WTA,resolved,Right-handed,two-handed,Ana Konjuh,Right (two-handed backhand)
Kontaveit A.,WTA,resolved,Right-handed,two-handed,Anett Kontaveit,Right-handed (two-handed backhand)
Korneeva A.,WTA,resolved,Right-handed,two-handed,Alina Korneeva,Right (two-handed backhand)
Korpatsch T.,WTA,resolved,Right-handed,two-handed,Tamara Korpatsch,Right-handed (two-handed backhand)
Kostovic T.,WTA,resolved,Right-handed,two-handed,Teodora Kostović,Right-handed (double-handed backhand)
Kostyuk M.,WTA,resolved,Right-handed,two-handed,Marta Kostyuk,Right (two-handed backhand)
Kotliar Y.,WTA,hand_only_no_backhand,Right-handed,,Yelyzaveta Kotliar,Right-handed
Kovackova A.,WTA,resolved,Right-handed,two-handed,Alena Kovačková,Right (two-handed backhand)
Kovackova J.,WTA,missing_plays_field,,,Jana Kovačková,
Kovinic D.,WTA,resolved,Right-handed,two-handed,Danka Kovinić,Right (two-handed backhand)
Kozlova K.,WTA,resolved,Right-handed,two-handed,Kateryna Baindl,Right (two-handed backhand)
Kraus S.,WTA,hand_only_no_backhand,Right-handed,,Sinja Kraus,Right-handed
Krejcikova B.,WTA,resolved,Right-handed,two-handed,Barbora Krejčíková,Right-handed (two-handed backhand)
Krueger A.,WTA,resolved,Right-handed,two-handed,Ashlyn Krueger,Right (two-handed backhand)
Krunic A.,WTA,resolved,Right-handed,two-handed,Aleksandra Krunić,Right-handed (two-handed backhand)
Ku Y.,WTA,no_infobox,,,Yi Ku,
Kubka M.,WTA,missing_plays_field,,,Martyna Kubka,
Kucova K.,WTA,resolved,Right-handed,two-handed,Kristína Kučová,Right (two-handed both sides)
Kudermetova P.,WTA,hand_only_no_backhand,Right-handed,,Polina Kudermetova,Right-handed
Kudermetova V.,WTA,resolved,Right-handed,two-handed,Veronika Kudermetova,Right-handed (two-handed backhand)
Kulambayeva Z.,WTA,resolved,Right-handed,two-handed,Zhibek Kulambayeva,Right (two-handed backhand)
Kung L.,WTA,resolved,Right-handed,two-handed,Leonie Küng,Right (two-handed backhand)
Kuzmova V.,WTA,resolved,Right-handed,two-handed,Viktória Hrunčáková,Right-handed (two-handed backhand)
Kvitova P.,WTA,resolved,Left-handed,two-handed,Petra Kvitová,Left-handed (two-handed backhand)
Lamens S.,WTA,resolved,Right-handed,two-handed,Suzan Lamens,Right (two-handed backhand)
Lansere S.,WTA,missing_plays_field,,,Sofya Lansere,
Lapko V.,WTA,resolved,Right-handed,two-handed,Vera Lapko,Right (two-handed backhand)
Laskutova K.,WTA,hand_only_no_backhand,Right-handed,,Ksenia Laskutova,Right-handed
Lee C.Y.,WTA,missing_plays_field,,,Carol Young Suh Lee,
Lee G.,WTA,no_infobox,,,Greta Lee,
Leme Da Silva N.V.,WTA,unresolved_name,,,,
Lepchenko V.,WTA,resolved,Left-handed,two-handed,Varvara Lepchenko,Left-handed (two-handed backhand)
Lew Yan Foon A.,WTA,hand_only_no_backhand,Right-handed,,Astrid Lew Yan Foon,Right-handed
Li A.,WTA,resolved,Right-handed,two-handed,Ann Li (tennis),Right-handed (two-handed backhand)
Liang E.S.,WTA,unresolved_name,,,,
Linette M.,WTA,resolved,Right-handed,two-handed,Magda Linette,Right-handed (two-handed backhand)
Lisicki S.,WTA,resolved,Right-handed,two-handed,Sabine Lisicki,Right-handed (two-handed backhand)
Liu C.,WTA,resolved,Right-handed,two-handed,Claire Liu,Right-handed (two-handed backhand)
Liu F.,WTA,unresolved_name,,,,
Liutova K.,WTA,resolved,Right-handed,two-handed,Kristina Liutova,<!-- e.g. Right-handed (two-handed backhand) -->
Lizarazo Y.,WTA,resolved,Right-handed,two-handed,Yuliana Lizarazo,Right (two-handed backhand)
Lodikova D.,WTA,unresolved_name,,,,
Loeb J.,WTA,resolved,Right-handed,two-handed,Jamie Loeb,Right (two-handed backhand)
Lovric P.,WTA,resolved,Right-handed,two-handed,Pia Lovrič,Right (two-handed backhand)
Lu J.,WTA,unresolved_name,,,,
Lys E.,WTA,resolved,Right-handed,two-handed,Eva Lys,Right-handed (two-handed backhand)
Ma Y.,WTA,unresolved_name,,,,
Makarova E.,WTA,resolved,Left-handed,two-handed,Ekaterina Makarova,Left-handed (two-handed backhand)
Maleckova J.,WTA,resolved,Right-handed,two-handed,Jesika Malečková,Right-handed (two-handed backhand)
Malygina E.,WTA,resolved,Right-handed,two-handed,Elena Malygina,Right (two-handed backhand)
Mandlik E.,WTA,hand_only_no_backhand,Right-handed,,Elizabeth Mandlik,Right-handed
Mansouri Y.,WTA,resolved,Right-handed,two-handed,Yasmine Mansouri,Right (two-handed backhand)
Marcinko P.,WTA,resolved,Right-handed,two-handed,Petra Marčinko,Right (two-handed backhand)
Maria T.,WTA,resolved,Right-handed,one-handed,Tatjana Maria,Right-handed (one-handed backhand)
Marino R.,WTA,resolved,Right-handed,two-handed,Rebecca Marino,Right (two-handed backhand)
Maristany G.,WTA,resolved,Right-handed,two-handed,Guiomar Maristany,Right (two-handed backhand)
Martic P.,WTA,resolved,Right-handed,two-handed,Petra Martić,Right-handed (two-handed backhand)
Martincova T.,WTA,resolved,Right-handed,two-handed,Tereza Martincová,Right (two-handed backhand)
Martinez Cirez C.,WTA,hand_only_no_backhand,Right-handed,,Carlota Martínez Círez,Right-handed
Masarova R.,WTA,resolved,Right-handed,two-handed,Rebeka Masarova,Right (two-handed backhand)
Mateas M.,WTA,resolved,Right-handed,two-handed,Maria Mateas,Right (two-handed backhand)
Matoula M.,WTA,resolved,Right-handed,two-handed,Martha Matoula,Right (two-handed backhand)
Mboko V.,WTA,resolved,Right-handed,two-handed,Victoria Mboko,Right (two-handed backhand)
McNally C.,WTA,resolved,Right-handed,two-handed,Caty McNally,Right-handed (two-handed backhand)
Mchale C.,WTA,resolved,Right-handed,two-handed,Christina McHale,Right (two-handed backhand)
Mcnally C.,WTA,resolved,Right-handed,two-handed,Caty McNally,Right-handed (two-handed backhand)
Mediorreal A.V.,WTA,unresolved_name,,,,
Melnikova M.,WTA,missing_plays_field,,,Marina Melnikova,
Mendez S.,WTA,resolved,Right-handed,two-handed,Seone Mendez,Right (two-handed backhand)
Mertens E.,WTA,resolved,Right-handed,two-handed,Elise Mertens,Right-handed (two-handed backhand)
Micic E.,WTA,hand_only_no_backhand,Right-handed,,Elena Micic,Right-handed
Min G.,WTA,unresolved_name,,,,
Minella M.,WTA,resolved,Right-handed,two-handed,Mandy Minella,Right-handed (two-handed backhand)
Minnen G.,WTA,resolved,Right-handed,two-handed,Greet Minnen,Right (two-handed backhand)
Mitu A.,WTA,resolved,Right-handed,two-handed,Andreea Mitu,Right (two-handed backhand)
Miyazaki Y.,WTA,unresolved_name,,,,
Mladenovic K.,WTA,resolved,Right-handed,two-handed,Kristina Mladenovic,Right (two-handed backhand)
Monnet C.,WTA,hand_only_no_backhand,Right-handed,,Carole Monnet,Right-handed
Monroy Y.,WTA,resolved,Right-handed,two-handed,Yuliana Monroy,Right (two-handed backhand)
Montgomery R.,WTA,resolved,Left-handed,two-handed,Robin Montgomery,Left-handed (two-handed backhand)
Morderger Y.,WTA,resolved,Right-handed,two-handed,Yana Morderger,Right (two-handed backhand)
Morvayova V.,WTA,hand_only_no_backhand,Right-handed,,Viktória Morvayová,Right-handed
Mrdeza T.,WTA,resolved,Right-handed,two-handed,Tereza Mrdeža,Right (two-handed backhand)
Muchova K.,WTA,resolved,Right-handed,two-handed,Karolína Muchová,Right (two-handed backhand)
Muguruza G.,WTA,resolved,Right-handed,two-handed,Garbiñe Muguruza,Right-handed (two-handed backhand)
Muhammad A.,WTA,resolved,Right-handed,two-handed,Asia Muhammad,Right (two-handed backhand)
Naef C.,WTA,resolved,Right-handed,two-handed,Céline Naef,Right (two-handed backhand)
Nahimana S.,WTA,resolved,Right-handed,two-handed,Sada Nahimana,Right (two-handed backhand)
Naito Y.,WTA,resolved,Right-handed,two-handed,Yuki Naito,Right (two-handed backhand)
Naklo T.,WTA,missing_plays_field,,,Thasaporn Naklo,
Navarro E.,WTA,resolved,Right-handed,two-handed,Emma Navarro,Right-handed (two-handed backhand)
Ngounoue C.,WTA,resolved,Right-handed,two-handed,Clervie Ngounoue,Right (two-handed backhand)
Niemeier J.,WTA,resolved,Right-handed,two-handed,Jule Niemeier,Right-handed (two-handed backhand)
Noel A.,WTA,resolved,Right-handed,two-handed,Alexa Noel,Right-handed (two-handed backhand)
Noha Akugue N.,WTA,resolved,Left-handed,two-handed,Noma Noha Akugue,Left-handed (two-handed backhand)
Noskova L.,WTA,resolved,Right-handed,two-handed,Linda Nosková,Right (two-handed backhand)
Nugroho P.,WTA,resolved,Right-handed,two-handed,Priska Madelyn Nugroho,Right-handed (two-handed backhand)
Nugroho P.M.,WTA,resolved,Right-handed,two-handed,Priska Madelyn Nugroho,Right-handed (two-handed backhand)
Nuudi M.,WTA,resolved,Right-handed,two-handed,Maileen Nuudi,Right (two-handed backhand)
Okalova M.,WTA,hand_only_no_backhand,Right-handed,,Martina Okáľová,Right-handed
Okamura K.,WTA,resolved,Right-handed,two-handed,Kyōka Okamura,Right (two-handed backhand)
Oktiabreva A.,WTA,hand_only_no_backhand,Right-handed,,Alisa Oktiabreva,Right-handed
Oliynykova O.,WTA,missing_plays_field,,,Oleksandra Oliynykova,
Olmos G.,WTA,resolved,Right-handed,two-handed,Giuliana Olmos,Right (two-handed backhand)
Ormaechea P.,WTA,resolved,Right-handed,two-handed,Paula Ormaechea,Right-handed (two-handed backhand)
Ortenzi J.,WTA,resolved,Right-handed,two-handed,Jazmín Ortenzi,Right (two-handed backhand)
Osaka N.,WTA,resolved,Right-handed,two-handed,Naomi Osaka,Right-handed (two-handed backhand)
Osorio M.,WTA,resolved,Right-handed,two-handed,Camila Osorio,Right (two-handed backhand)
Ostapenko J.,WTA,resolved,Right-handed,two-handed,Jeļena Ostapenko,Right-handed (two-handed backhand)
Osuigwe W.,WTA,resolved,Right-handed,two-handed,Whitney Osuigwe,Right-handed (two-handed backhand)
Oz I.,WTA,resolved,Left-handed,two-handed,İpek Öz,Left-handed (two-handed backhand)
Ozgen P.,WTA,missing_plays_field,,,Pemra Özgen,
Palicova B.,WTA,hand_only_no_backhand,Right-handed,,Barbora Palicová,Right-handed
Paoletti M.,WTA,hand_only_no_backhand,Right-handed,,Matilde Paoletti,Right-handed
Paolini J.,WTA,resolved,Right-handed,two-handed,Jasmine Paolini,Right-handed (two-handed backhand)
Papadakis L.,WTA,missing_plays_field,,,Lena Papadakis,
Papamichail D.,WTA,resolved,Right-handed,two-handed,Despina Papamichail,Right (two handed backhand)
Paquet C.,WTA,resolved,Right-handed,two-handed,Chloé Paquet,Right (two-handed backhand)
Pareja J.,WTA,resolved,Right-handed,two-handed,Julieta Pareja,Right (two-handed backhand)
Park S.,WTA,no_infobox,,,South Park,
Parks A.,WTA,resolved,Right-handed,two-handed,Alycia Parks,Right-handed (two-handed backhand)
Parrizas Diaz N.,WTA,resolved,Right-handed,two-handed,Nuria Párrizas Díaz,Right (two-handed backhand)
Parry D.,WTA,resolved,Right-handed,two-handed,Diane Parry,Right (one and two-handed backhand)
Pattinama Kerkhove L.,WTA,hand_only_no_backhand,Right-handed,,Lesley Pattinama Kerkhove,Right-handed
Pavlyuchenkova A.,WTA,resolved,Right-handed,two-handed,Anastasia Pavlyuchenkova,Right-handed (two-handed backhand)
Pedone G.,WTA,hand_only_no_backhand,Right-handed,,Giorgia Pedone,Right-handed
Pegula J.,WTA,resolved,Right-handed,two-handed,Jessica Pegula,Right-handed (two-handed backhand)
Pera B.,WTA,resolved,Left-handed,two-handed,Bernarda Pera,Left-handed (two-handed backhand)
Perez E.,WTA,resolved,Left-handed,two-handed,Ellen Perez,Left (two-handed backhand)
Peterson R.,WTA,resolved,Right-handed,two-handed,Rebecca Peterson,Right-handed (two-handed backhand)
Petkovic A.,WTA,resolved,Right-handed,two-handed,Andrea Petkovic,Right-handed (two-handed backhand)
Pieri J.,WTA,resolved,Right-handed,two-handed,Jessica Pieri,Right (two-handed backhand)
Pieri T.,WTA,hand_only_no_backhand,Right-handed,,Tatiana Pieri,Right-handed
Pigato L.,WTA,hand_only_no_backhand,Right-handed,,Lisa Pigato,Right-handed
Pigossi L.,WTA,resolved,Right-handed,two-handed,Laura Pigossi,Right (two-handed backhand)
Pironkova T.,WTA,resolved,Right-handed,two-handed,Tsvetana Pironkova,Right (two-handed backhand)
Pliskova Ka.,WTA,resolved,Right-handed,two-handed,Karolína Plíšková,Right-handed (two-handed backhand)
Pliskova Kr.,WTA,resolved,Left-handed,two-handed,Kristýna Plíšková,Left (two-handed backhand)
Podoroska N.,WTA,resolved,Right-handed,two-handed,Nadia Podoroska,Right-handed (two-handed backhand)
Podrez V.,WTA,hand_only_no_backhand,Right-handed,,Veronika Podrez,Right-handed
Pohankova M.,WTA,resolved,Right-handed,two-handed,Mia Pohánková,Right-handed (two-handed backhand)
Ponchet J.,WTA,resolved,Right-handed,one-handed,Jessika Ponchet,Right (one-handed backhand)
Popa G.S.,WTA,resolved,Left-handed,two-handed,Giulia Safina Popa,Left-handed (two-handed backhand)
Potapova A.,WTA,resolved,Right-handed,two-handed,Anastasia Potapova,Right-handed (two-handed backhand)
Preston T.,WTA,resolved,Right-handed,two-handed,Taylah Preston,Right-handed (two-handed backhand)
Pridankina E.,WTA,hand_only_no_backhand,Right-handed,,Elena Pridankina,Right-handed
Prisacariu A.,WTA,resolved,Right-handed,two-handed,Andreea Prisăcariu,Right (two-handed backhand)
Prozorova T.,WTA,resolved,Right-handed,two-handed,Tatiana Prozorova,Right (two-handed backhand)
Putintseva Y.,WTA,resolved,Right-handed,two-handed,Yulia Putintseva,Right-handed (two-handed backhand)
Quevedo K.,WTA,resolved,Right-handed,two-handed,Kaitlin Quevedo,Right (two-handed backhand)
Radisic N.,WTA,resolved,Right-handed,two-handed,Nika Radišić,Right (two-handed backhand)
Raducanu E.,WTA,resolved,Right-handed,two-handed,Emma Raducanu,Right-handed (two-handed backhand)
Radwanska U.,WTA,resolved,Right-handed,two-handed,Urszula Radwańska,Right-handed (two-handed backhand)
Raina A.,WTA,resolved,Right-handed,two-handed,Ankita Raina,Right (two-handed backhand)
Rajecki A.,WTA,resolved,Right-handed,two-handed,Amelia Rajecki,Right (two-handed backhand)
Rajeshwaran Revathi M.,WTA,resolved,Right-handed,two-handed,Maaya Rajeshwaran Revathi,Right-handed (two-handed backhand)
Rakhimova K.,WTA,resolved,Right-handed,two-handed,Kamilla Rakhimova,Right (two-handed backhand)
Rakotomanga Rajaonah T.,WTA,resolved,Left-handed,two-handed,Tiantsoa Rakotomanga Rajaonah,Left (two-handed backhand)
Rapolu M.,WTA,resolved,Right-handed,two-handed,Malaika Rapolu,Right (two-handed backhand)
Ren Y.,WTA,unresolved_name,,,,
Reyngold E.,WTA,resolved,Right-handed,two-handed,Ekaterina Reyngold,Right (two-handed backhand)
Riera J.,WTA,resolved,Right-handed,two-handed,Julia Riera,Right (two-handed backhand)
Riske A.,WTA,resolved,Right-handed,two-handed,Alison Riske-Amritraj,Right-handed (two-handed backhand)
Riske-Amritraj A.,WTA,resolved,Right-handed,two-handed,Alison Riske-Amritraj,Right-handed (two-handed backhand)
Ristic M.,WTA,resolved,Right-handed,two-handed,Mia Ristić,Right (two-handed backhand)
Robbe A.,WTA,missing_plays_field,,,Alice Robbe,
Rodina E.,WTA,resolved,Right-handed,two-handed,Evgeniya Rodina,Right-handed (two-handed backhand)
Rodionova Ar.,WTA,unresolved_name,,,,
Rodriguez V.,WTA,missing_plays_field,,,Victoria Rodríguez (tennis),
Rogers A.S.,WTA,unresolved_name,,,,
Rogers S.,WTA,resolved,Right-handed,two-handed,Shelby Rogers,Right-handed (two-handed backhand)
Romero Gormaz L.,WTA,resolved,Left-handed,two-handed,Leyre Romero Gormaz,Left (two-handed backhand)
Rosatello C.,WTA,resolved,Right-handed,two-handed,Camilla Rosatello,Right (two-handed both sides)
Routliffe E.,WTA,resolved,Right-handed,two-handed,Erin Routliffe,Right-handed (two-handed backhand)
Rouvroy M.,WTA,resolved,Right-handed,one-handed,Margaux Rouvroy,Right-handed (one-handed backhand)
Ruggeri J.,WTA,missing_plays_field,,,Jennifer Ruggeri,
Rus A.,WTA,resolved,Left-handed,two-handed,Arantxa Rus,Left (two-handed backhand)
Ruse E-G.,WTA,resolved,Right-handed,two-handed,Elena-Gabriela Ruse,Right (two-handed backhand)
Ruse E.G.,WTA,resolved,Right-handed,two-handed,Elena-Gabriela Ruse,Right (two-handed backhand)
Ruzic A.,WTA,resolved,Right-handed,two-handed,Antonia Ružić,Right (two-handed backhand)
Rybakina E.,WTA,resolved,Right-handed,two-handed,Elena Rybakina,Right-handed (two-handed backhand)
Sabalenka A.,WTA,resolved,Right-handed,two-handed,Aryna Sabalenka,Right-handed (two-handed backhand)
Saigo R.,WTA,resolved,Right-handed,two-handed,Rina Saigo,Right (two-handed backhand)
Saito S.,WTA,no_infobox,,,Soma Saito,
Sakatsume H.,WTA,resolved,Right-handed,two-handed,Himeno Sakatsume,Right (two-handed backhand)
Sakellaridi S.,WTA,hand_only_no_backhand,Right-handed,,Sapfo Sakellaridi,Right-handed
Sakkari M.,WTA,resolved,Right-handed,two-handed,Maria Sakkari,Right-handed (two-handed backhand)
Salkova D.,WTA,resolved,Right-handed,two-handed,Dominika Šalková,Right (two-handed backhand)
Samson L.,WTA,hand_only_no_backhand,Right-handed,,Laura Samson,Right-handed
Samsonova L.,WTA,resolved,Right-handed,two-handed,Liudmila Samsonova,Right (two-handed backhand)
Samudio A.,WTA,hand_only_no_backhand,Right-handed,,Antonia Samudio,Right-handed
Sanchez A.S.,WTA,unresolved_name,,,,
Sanchez Uribe M.J.,WTA,unresolved_name,,,,
Sanders S.,WTA,no_infobox,,,Summer Sanders,
Sasnovich A.,WTA,resolved,Right-handed,two-handed,Aliaksandra Sasnovich,Right-handed (two-handed backhand)
Saville D.,WTA,resolved,Right-handed,two-handed,Daria Saville,Right (two-handed backhand)
Savinykh V.,WTA,resolved,Right-handed,two-handed,Valeria Savinykh,Right (two-handed backhand)
Sawangkaew M.,WTA,resolved,Right-handed,two-handed,Mananchaya Sawangkaew,Right-handed (two-handed backhand)
Schmiedlova A.,WTA,resolved,Right-handed,two-handed,Anna Karolína Schmiedlová,Right-handed (two-handed backhand)
Schunk N.,WTA,resolved,Left-handed,two-handed,Nastasja Schunk,Left-handed (two-handed backhand)
Schuurs D.,WTA,resolved,Right-handed,two-handed,Demi Schuurs,Right (two-handed backhand)
Scott K.,WTA,unresolved_name,,,,
Sebov K.,WTA,resolved,Right-handed,two-handed,Katherine Sebov,Right (two-handed backhand)
Seguel D.,WTA,missing_plays_field,,,Daniela Seguel,
Seidel E.,WTA,hand_only_no_backhand,Right-handed,,Ella Seidel,Right-handed
Selekhmeteva O.,WTA,resolved,Left-handed,two-handed,Oksana Selekhmeteva,Left-handed (two-handed backhand)
Semenistaja D.,WTA,resolved,Left-handed,two-handed,Darja Semeņistaja,Left-handed (two-handed backhand)
Serban R.,WTA,resolved,Right-handed,two-handed,Raluca Șerban,Right (two-handed backhand)
Sevastova A.,WTA,resolved,Right-handed,two-handed,Anastasija Sevastova,Right (two-handed backhand)
Sharma A.,WTA,resolved,Right-handed,two-handed,Astra Sharma,Right (two-handed backhand)
Sherif M.,WTA,resolved,Right-handed,two-handed,Mayar Sherif,Right-handed (two-handed backhand)
Shi H.,WTA,unresolved_name,,,,
Shibahara E.,WTA,resolved,Right-handed,two-handed,Ena Shibahara,Right-handed (two-handed backhand)
Shimizu A.,WTA,resolved,Right-handed,two-handed,Ayano Shimizu,Right (two-handed backhand)
Shinikova I.,WTA,resolved,Right-handed,two-handed,Isabella Shinikova,Right-handed (two-handed backhand)
Shnaider D.,WTA,resolved,Left-handed,two-handed,Diana Shnaider,Left-handed (two-handed backhand)
Shvedova Y.,WTA,resolved,Right-handed,two-handed,Yaroslava Shvedova,Right-handed (two-handed backhand)
Shymanovich I.,WTA,missing_plays_field,,,Iryna Shymanovich,
Sidorova K.,WTA,no_infobox,,,Ksenija Sidorova,
Siegemund L.,WTA,resolved,Right-handed,two-handed,Laura Siegemund,Right-handed (two-handed backhand)
Sierra S.,WTA,resolved,Right-handed,two-handed,Solana Sierra,Right (two-handed backhand)
Silva E.,WTA,resolved,Right-handed,two-handed,Eden Silva,Right (two-handed backhand)
Siniakova K.,WTA,resolved,Right-handed,two-handed,Kateřina Siniaková,Right-handed (two-handed backhand)
Siskova A.,WTA,unresolved_name,,,,
Snigur D.,WTA,resolved,Right-handed,two-handed,Daria Snigur,Right-handed (two-handed backhand)
Soboleva A.,WTA,unresolved_name,,,,
Sobolieva A.,WTA,resolved,Right-handed,two-handed,Anastasiia Sobolieva,Right (two-handed backhand)
Sonmez Z.,WTA,resolved,Right-handed,two-handed,Zeynep Sönmez,Right (two-handed backhand)
Sonobe W.,WTA,resolved,Left-handed,two-handed,Wakana Sonobe,Left-handed (two-handed backhand)<ref>{{cite web |url=https://www.q.net/article.asp?id=11519|website=Tennis Rectruiting|accessdate=7 September 2024|title=
Sorribes Tormo S.,WTA,resolved,Right-handed,two-handed,Sara Sorribes Tormo,Right-handed (two-handed backhand)
Spiteri D.,WTA,hand_only_no_backhand,Right-handed,,Dalila Spiteri,Right-handed
Sramkova R.,WTA,resolved,Right-handed,two-handed,Rebecca Šramková,Right (two-handed backhand)
Stakusic M.,WTA,resolved,Right-handed,two-handed,Marina Stakusic,Right (two-handed backhand)
Starodubtseva Y.,WTA,resolved,Right-handed,two-handed,Yuliia Starodubtseva,Right (two-handed backhand)
Stearns P.,WTA,resolved,Right-handed,two-handed,Peyton Stearns,Right-handed (two-handed backhand)
Stefanini L.,WTA,resolved,Right-handed,two-handed,Lucrezia Stefanini,Right (two-handed both sides)
Steiner V.,WTA,resolved,Right-handed,two-handed,Valentina Steiner,"Right-handed (two-handed backhand)<ref>{{cite web|url=https://www.porsche-tennis.com/prod/pag/tennis.nsf/web/english-steinervalentina|title=Steiner, Valentina - Porsche Tennis Grand Prix|website=porsche-tennis.com|access-date=15 July 2025}}</ref>"
Stephens S.,WTA,resolved,Right-handed,two-handed,Sloane Stephens,Right-handed (two-handed backhand)
Stevanovic N.,WTA,resolved,Right-handed,two-handed,Natalija Stevanović,Right (two-handed backhand)
Stoiana M.,WTA,resolved,Right-handed,two-handed,Mary Stoiana,Right-handed (two-handed backhand)
Stojanovic N.,WTA,resolved,Right-handed,two-handed,Nina Stojanović,Right-handed (two-handed backhand)
Stojsavljevic M.,WTA,resolved,Right-handed,two-handed,Mika Stojsavljevic,Right (two-handed backhand)
Stollar F.,WTA,resolved,Right-handed,two-handed,Fanny Stollár,Right-handed (two-handed backhand)
Stosur S.,WTA,resolved,Right-handed,two-handed,Samantha Stosur,Right-handed (two-handed backhand)
Strakhova V.,WTA,resolved,Right-handed,two-handed,Valeriya Strakhova,Right (two-handed backhand)
Strycova B.,WTA,resolved,Right-handed,two-handed,Barbora Strýcová,Right-handed (two-handed backhand)
Stusek J.,WTA,resolved,Right-handed,two-handed,Julia Stusek,Right-handed (two-handed backhand)
Suarez Navarro C.,WTA,resolved,Right-handed,one-handed,Carla Suárez Navarro,Right (one-handed backhand)
Sun L.,WTA,resolved,Left-handed,two-handed,Lulu Sun,Left-handed (two-handed backhand)
Svitolina E.,WTA,resolved,Right-handed,two-handed,Elina Svitolina,Right-handed (two-handed backhand)
Swan K.,WTA,resolved,Right-handed,two-handed,Katie Swan,Right (two-handed backhand)
Swiatek I.,WTA,resolved,Right-handed,two-handed,Iga Świątek,Right-handed (two-handed backhand)
Szabanin N.,WTA,missing_plays_field,,,Natália Szabanin,
Tagger L.,WTA,resolved,Right-handed,one-handed,Lilli Tagger,Right (one-handed backhand)
Tan H.,WTA,resolved,Right-handed,two-handed,Harmony Tan,Right (two-handed backhand)
Tararudee L.,WTA,resolved,Right-handed,two-handed,Lanlana Tararudee,Right (two-handed backhand)
Tauson C.,WTA,resolved,Right-handed,two-handed,Clara Tauson,Right (two-handed backhand)
Teichmann J.,WTA,resolved,Left-handed,two-handed,Jil Teichmann,Left-handed (two-handed backhand)
Thandi K.,WTA,resolved,Right-handed,two-handed,Karman Thandi,Right (two-handed backhand)
Tian F.,WTA,unresolved_name,,,,
Tig P.M.,WTA,resolved,Right-handed,two-handed,Patricia Maria Țig,Right (two-handed backhand)
Tikhonova A.,WTA,resolved,Right-handed,two-handed,Anastasia Tikhonova,Right (two-handed backhand)
Timofeeva M.,WTA,resolved,Right-handed,two-handed,Maria Timofeeva,Right (two-handed backhand)
Tjandramulia O.,WTA,resolved,Right-handed,two-handed,Olivia Tjandramulia,Right (two-handed backhand)
Tjen J.,WTA,resolved,Right-handed,two-handed,Janice Tjen,Right-handed (two-handed backhand)
Tkacheva M.,WTA,resolved,Right-handed,two-handed,Mariia Tkacheva,Right (two-handed backhand)
Todoni A.,WTA,resolved,Right-handed,two-handed,Anca Todoni,Right (two-handed backhand)
Tomljanovic A.,WTA,resolved,Right-handed,two-handed,Ajla Tomljanović,Right-handed (two-handed backhand)
Tomova V.,WTA,resolved,Right-handed,two-handed,Viktoriya Tomova,Right (two-handed backhand)
Tona M.,WTA,resolved,Right-handed,two-handed,Miriana Tona,Right (two-handed backhand)
Topalova G.,WTA,resolved,Right-handed,two-handed,Gergana Topalova,Right (two-handed backhand)
Torres Murcia M.C.,WTA,unresolved_name,,,,
Toth A.,WTA,hand_only_no_backhand,Right-handed,,Amarissa Tóth,Right-handed
Townsend T.,WTA,resolved,Left-handed,two-handed,Taylor Townsend,Left-handed (two-handed backhand)
Trevisan M.,WTA,resolved,Left-handed,two-handed,Martina Trevisan,Left (two-handed backhand)
Tsurenko L.,WTA,resolved,Right-handed,two-handed,Lesia Tsurenko,Right-handed (two-handed backhand)
Tubello A.,WTA,missing_plays_field,,,Alice Tubello,
Uchijima M.,WTA,resolved,Right-handed,two-handed,Moyuka Uchijima,Right (two-handed backhand)
Udvardy P.,WTA,resolved,Right-handed,two-handed,Panna Udvardy,Right-handed (two-handed backhand)
Urgesi F.,WTA,hand_only_no_backhand,Right-handed,,Federica Urgesi,Right-handed
Urhobo A.,WTA,hand_only_no_backhand,Right-handed,,Akasha Urhobo,Right-handed
Valdmannova V.,WTA,resolved,Right-handed,two-handed,Vendula Valdmannová,Right-handed (two-handed backhand)
Valentova T.,WTA,resolved,Right-handed,two-handed,Tereza Valentová,Right (two-handed backhand)
Van Uytvanck A.,WTA,resolved,Right-handed,two-handed,Alison Van Uytvanck,Right-handed (two-handed backhand)
Van den Broek I.L.,WTA,hand_only_no_backhand,Right-handed,,Isis Louise van den Broek,Right-handed
Vandeweghe C.,WTA,resolved,Right-handed,two-handed,CoCo Vandeweghe,Right-handed (two-handed backhand)
Vandewinkel H.,WTA,resolved,Right-handed,two-handed,Hanne Vandewinkel,Right-handed (two-handed backhand)
Vedder E.,WTA,resolved,Right-handed,two-handed,Eva Vedder,Right (two-handed backhand)
Vekic D.,WTA,resolved,Right-handed,two-handed,Donna Vekić,Right-handed (two-handed backhand)
Vicens Mas R.,WTA,resolved,Right-handed,two-handed,Rosa Vicens Mas,Right (two-handed backhand)
Vickery S.,WTA,resolved,Right-handed,two-handed,Sachia Vickery,Right (two-handed backhand)
Vidmanova D.,WTA,resolved,Right-handed,two-handed,Darja Vidmanova,Right-handed (two-handed backhand)
Vikhlyantseva N.,WTA,resolved,Right-handed,two-handed,Natalia Vikhlyantseva,Right (two handed-backhand)
Voegele S.,WTA,resolved,Right-handed,two-handed,Stefanie Vögele,Right-handed (two-handed backhand)
Volodko K.,WTA,resolved,Right-handed,two-handed,Kateryna Volodko,Right-handed (two-handed backhand)
Volynets K.,WTA,resolved,Right-handed,two-handed,Katie Volynets,Right-handed (two-handed backhand)
Von Deichmann K.,WTA,resolved,Right-handed,one-handed,Kathinka von Deichmann,Right (one-handed backhand)
Vondrousova M.,WTA,resolved,Left-handed,two-handed,Markéta Vondroušová,Left-handed (two-handed backhand)
Vrancken Peeters A.,WTA,missing_plays_field,,,Anouck Vrancken Peeters,
Wagner S.,WTA,resolved,Right-handed,two-handed,Stephanie Wagner,Right-handed (two-handed backhand)
Waltert S.,WTA,resolved,Right-handed,two-handed,Simona Waltert,Right (two-handed backhand)
Wang M.,WTA,unresolved_name,,,,
Wang Q.,WTA,unresolved_name,,,,
Wang Xin.,WTA,missing_plays_field,,,Wang Xinyu,
Wang Xiy.,WTA,resolved,Left-handed,two-handed,Wang Xiyu,Left-handed (two-handed backhand)
Wang Y.,WTA,no_infobox,,,Yuja Wang,
Watson H.,WTA,resolved,Right-handed,two-handed,Heather Watson,Right-handed (two-handed backhand)
Wei S.,WTA,unresolved_name,,,,
Werner C.,WTA,resolved,Right-handed,two-handed,Caroline Werner,Right-handed (two-handed backhand)
Wickmayer Y.,WTA,resolved,Right-handed,two-handed,Yanina Wickmayer,Right-handed (two-handed backhand)
Williams S.,WTA,resolved,Right-handed,two-handed,Serena Williams,Right-handed (two-handed backhand)
Williams V.,WTA,resolved,Right-handed,two-handed,Venus Williams,Right-handed (two-handed backhand)
Wong C.,WTA,resolved,Right-handed,two-handed,Coleman Wong,Right-handed (two-handed backhand)
Wong Hong Yi C.,WTA,unresolved_name,,,,
Wozniacki C.,WTA,resolved,Right-handed,two-handed,Caroline Wozniacki,Right-handed (two-handed backhand)
Wu H.C.,WTA,unresolved_name,,,,
Wuerth T.,WTA,unresolved_name,,,,
Wurth T.,WTA,missing_plays_field,,,Tara Würth,
Xinyu W.,WTA,missing_plays_field,,,Wang Xinyu,
Xiyu W.,WTA,resolved,Left-handed,two-handed,Wang Xiyu,Left-handed (two-handed backhand)
Xu M.,WTA,hand_only_no_backhand,Right-handed,,Mimi Xu,Right-handed
Yamaguchi M.,WTA,resolved,Right-handed,two-handed,Mei Yamaguchi (tennis),Right (two-handed backhand)
Yamalapalli S.,WTA,resolved,Right-handed,two-handed,Sahaja Yamalapalli,Right (two-handed backhand)
Yang V.,WTA,unresolved_name,,,,
Yang Y.,WTA,unresolved_name,,,,
Yao X.,WTA,no_infobox,,,Xinzhong Yao,
Yastremska D.,WTA,resolved,Right-handed,two-handed,Dayana Yastremska,Right (two-handed backhand)
You X.,WTA,unresolved_name,,,,
Yu E.,WTA,unresolved_name,,,,
Yuan Y.,WTA,no_infobox,,,Yuan Yuan,
Zaar L.,WTA,resolved,Right-handed,two-handed,Lisa Zaar,Right (two-handed backhand)
Zacarias M.,WTA,resolved,Right-handed,two-handed,Marcela Zacarías,Right (two-handed backhand)
Zakharova A.,WTA,hand_only_no_backhand,Right-handed,,Anastasia Zakharova,Right-handed
Zanevska M.,WTA,resolved,Right-handed,two-handed,Maryna Zanevska,Right-handed (two-handed backhand)
Zantedeschi A.,WTA,resolved,Right-handed,two-handed,Aurora Zantedeschi,Right (two-handed backhand)
Zarazua R.,WTA,missing_plays_field,,,Renata Zarazúa,
Zavatska K.,WTA,resolved,Right-handed,two-handed,Katarina Zavatska,Right (two-handed backhand)
Zhang R.,WTA,unresolved_name,,,,
Zhang S.,WTA,resolved,Right-handed,two-handed,Zhang Shuai,Right (two-handed backhand)
Zhao C.,WTA,resolved,Right-handed,two-handed,Carol Zhao,Right (two-handed backhand)
Zheng Q.,WTA,resolved,Right-handed,two-handed,Zheng Qinwen,Right-handed (two-handed backhand)
Zheng S.,WTA,unresolved_name,,,,
Zheng W.,WTA,unresolved_name,,,,
Zhu C.,WTA,unresolved_name,,,,
Zhu L.,WTA,unresolved_name,,,,
Zidansek T.,WTA,resolved,Right-handed,two-handed,Tamara Zidanšek,Right (two-handed backhand)
Zucchini A.,WTA,resolved,Right-handed,two-handed,Arianna Zucchini,Right-handed (two-handed backhand)
Zueger J.,WTA,unresolved_name,,,,
Zuger J.,WTA,resolved,Right-handed,two-handed,Joanne Züger,Right (two-handed backhand)
Zvonareva V.,WTA,resolved,Right-handed,two-handed,Vera Zvonareva,Right-handed (two-handed backhand)
