player,hard_elo,clay_elo,grass_elo,hard_elo_undamped,clay_elo_undamped,grass_elo_undamped,overall_elo,hard_matches,clay_matches,grass_matches,current_rank,days_since_last_match,recent_form_residual
Sabalenka A.,2086.7438964283847,1931.4474598603435,1819.9081263150938,2086.7438964283847,1841.4474598603435,1729.9081263150938,2037.2559963763097,348,125,60,1,28,-0.1786898626361385
Pegula J.,1937.050289719163,1805.9499033827901,1796.4782706167089,1937.050289719163,1715.9499033827901,1706.4782706167089,1957.5084355324782,285,81,44,3,1,0.038125390087163535
Rybakina E.,1986.6373076043737,1881.2194056489288,1754.3822110678293,2003.4457024246651,1791.2194056489288,1664.3822110678293,1936.6373076043737,251,90,50,2,29,-0.3929162460257165
Muchova K.,1871.228136806164,1790.3883806550325,1765.5668422693348,1871.228136806164,1700.3883806550325,1675.5668422693348,1918.2895467195824,165,52,32,9,22,0.16217575779356053
Gauff C.,1878.221787028138,1867.9332586034977,1734.4975823249506,1878.221787028138,1830.0317187343749,1644.4975823249506,1917.9332586034977,229,100,39,7,24,-0.06107903767510425
Kostyuk M.,1843.1529616044813,1859.8286856289287,1700.6447301132157,1753.1529616044813,1788.562340971085,1610.6447301132157,1909.8286856289287,166,62,28,13,24,0.0846664439503867
Swiatek I.,1851.1040639967644,1878.590082910258,1812.2835092130144,1851.1040639967644,1878.590082910258,1722.2835092130144,1881.689151256901,230,124,37,3,29,-0.14542695207922807
Andreeva M.,1828.0732191270217,1849.9632926064585,1722.755575689579,1771.6897613963827,1849.9632926064585,1632.755575689579,1878.0732191270217,88,67,16,5,32,0.02169400792487608
Noskova L.,1792.9767100219456,1698.8576172160704,1823.6349312999923,1702.9767100219456,1608.8576172160704,1736.0645824908527,1873.6349312999923,112,35,34,12,22,0.35671481191431775
Svitolina E.,1816.676668131624,1825.5754840957904,1701.8115129599705,1801.7636565515054,1825.5754840957904,1611.8115129599705,1866.676668131624,424,158,56,10,1,-0.22908021092848319
Barty A.,1809.4039171973764,1737.5481556192249,1725.5010435079805,1781.56852041228,1647.5481556192249,1635.5010435079805,1859.4039171973764,168,50,41,1,1646,0.13992020456136134
Osaka N.,1807.838012237406,1749.8646971644946,1746.4009464400037,1765.2293271030421,1659.8646971644946,1656.4009464400037,1857.838012237406,240,66,40,13,1,0.06886274669182724
Anisimova A.,1831.5443465680298,1682.9988147025965,1771.1897112409695,1831.5443465680298,1592.9988147025965,1681.1897112409695,1840.6877674284879,159,64,38,6,29,-0.20579246326718525
Mboko V.,1831.8062156713859,1754.9276592938083,1784.6804095258915,1831.8062156713859,1664.9276592938083,1760.0880996101,1834.6804095258915,46,13,2,9,64,-0.11545767373342564
Bencic B.,1778.2222021764428,1755.190618859391,1746.7696635732807,1778.2222021764428,1665.190618859391,1656.7696635732807,1818.66172922961,290,94,73,11,28,0.01156014493492008
Vondrousova M.,1751.4883950364895,1731.5803196938427,1751.4883950364895,1692.65869282195,1641.5803196938427,1690.0557269967617,1801.4883950364895,155,72,30,34,201,-0.013768935308232533
Keys M.,1751.1624997551603,1751.1624997551603,1751.1624997551603,1729.1576069575701,1711.6485649404112,1702.8597573560749,1801.1624997551603,326,145,79,22,6,-0.019228311104111384
Cirstea S.,1752.9838509273507,1750.8221086819071,1601.4581483631014,1752.9838509273507,1661.2072120069975,1511.4581483631014,1800.8221086819071,410,208,69,18,29,-0.05984918471179679
Krejcikova B.,1754.8414467453683,1598.2960858233778,1740.8839673332536,1754.8414467453683,1508.2960858233778,1689.3435153363102,1790.8839673332536,154,60,39,26,8,0.048791820265487784
Jovic I.,1712.9571562890908,1712.9571562890908,1712.9571562890908,1674.6125563469693,1624.6579205496728,1652.6459189044517,1762.9571562890908,43,17,9,16,28,0.15240489238780075
Potapova A.,1692.8582644446803,1726.100025140518,1671.3235764494661,1602.8582644446803,1726.100025140518,1581.3235764494661,1751.074365422425,174,86,22,27,2,-0.04483307569516437
Kalinskaya A.,1712.3578692655162,1699.9300091725165,1684.8581477289538,1712.3578692655162,1637.0269238816322,1594.8581477289538,1749.9300091725165,161,52,25,20,2,-0.04656656958062422
Halep S.,1697.856161180873,1697.856161180873,1697.856161180873,1687.405378845893,1634.758385064542,1634.1696945816698,1747.856161180873,367,182,62,868,544,-0.10337849870286431
Eala A.,1695.6172406207425,1640.3456029299427,1695.6172406207425,1673.1036589844782,1550.3456029299427,1624.0785008544617,1745.6172406207425,46,17,17,28,1,0.26073641924004326
Baptiste H.,1677.6691943675883,1677.6691943675883,1677.6691943675883,1634.553531926154,1633.3214574741287,1663.3582765738229,1727.6691943675883,73,37,3,26,70,0.21678280989409981
Mertens E.,1676.8566492482973,1676.8566492482973,1676.8566492482973,1653.7384388188516,1623.7333690371984,1639.926525412651,1726.8566492482973,306,117,69,27,25,0.07087813345078298
Shnaider D.,1669.1569288906062,1670.3261440455763,1669.1569288906062,1660.7202021760504,1670.3261440455763,1581.3739599339424,1719.1569288906062,101,49,24,18,1,-0.023533624006292664
Ostapenko J.,1668.3138400933778,1668.3138400933778,1671.7850604757864,1599.6091894502747,1661.265434123049,1671.7850604757864,1718.3138400933778,294,114,77,31,30,0.09028798569219543
Bouzkova M.,1662.0003728930533,1662.0003728930533,1662.0003728930533,1609.3329717006416,1626.750509222583,1626.939046458995,1712.0003728930533,187,56,38,21,9,0.14672332223933693
Paolini J.,1678.9216249231558,1682.9577888992674,1652.9086469049785,1678.9216249231558,1682.9577888992674,1607.6022066819767,1702.9086469049785,173,99,25,17,25,-0.016921451954478584
Pliskova Ka.,1651.2606402519775,1651.2606402519775,1651.2606402519775,1607.446583127224,1622.9924597363522,1574.0855533948416,1701.2606402519775,429,135,87,73,31,0.051940350966050874
Zheng Q.,1744.5145887952406,1704.1840631472944,1597.24723905469,1744.5145887952406,1704.1840631472944,1507.24723905469,1697.9575412015336,126,56,21,123,5,-0.2918732133895766
Navarro E.,1640.3010739908577,1641.81959803587,1641.81959803587,1550.3010739908577,1599.1132947707183,1633.305482988439,1691.81959803587,105,47,36,26,4,0.054538379808105275
Raducanu E.,1636.4731252487907,1636.4731252487907,1636.4731252487907,1636.161351681434,1568.8446465537877,1632.8846374722089,1686.4731252487907,95,25,29,42,49,-0.0769393770150758
Badosa P.,1693.60806305184,1648.1979212371482,1626.0952873535418,1693.60806305184,1648.1979212371482,1588.1073202999949,1676.0952873535418,136,88,29,93,9,0.09234066998064161
Collins D.,1625.2418833462534,1687.2921067322247,1621.9174910598856,1625.2418833462534,1687.2921067322247,1571.3453049133332,1671.9174910598856,178,73,17,61,341,-0.3407821333428526
Jabeur O.,1642.548015919898,1627.8039678544194,1648.8616330763355,1642.548015919898,1627.8039678544194,1648.8616330763355,1663.6128182336695,209,89,56,59,405,-0.2847436735568794
Williams S.,1671.5573602732359,1611.749104177436,1611.749104177436,1671.5573602732359,1569.0399934509771,1535.8680392056099,1661.749104177436,368,133,75,471,33,-0.33289850799960896
Azarenka V.,1688.1084793324173,1608.4685938036619,1608.4685938036619,1688.1084793324173,1585.6424666278583,1545.707084688046,1658.4685938036619,498,167,75,132,338,-0.07946500085677966
Kartal S.,1633.5541893929424,1605.8793768466444,1605.8793768466444,1633.5541893929424,1576.580207682443,1555.4564489485783,1655.8793768466444,29,7,17,54,145,0.10166902027444213
Wozniacki C.,1633.0428475922295,1604.5575458369829,1604.5575458369829,1633.0428475922295,1526.343498259732,1572.995505700284,1654.5575458369829,589,156,82,71,699,0.05660577249199428
Kudermetova V.,1594.1434254504973,1594.1434254504973,1594.1434254504973,1585.7727474110138,1568.5353045062377,1560.2768386125306,1644.1434254504973,205,87,41,31,290,-0.20373043690691328
Townsend T.,1642.9002938267583,1591.7763717056523,1591.7763717056523,1642.9002938267583,1505.6908546466284,1530.7738953296634,1641.7763717056523,107,35,9,79,33,-0.06904151775477796
Cristian J.,1613.5003217350454,1586.3873357674618,1586.3873357674618,1613.5003217350454,1585.0135210179412,1514.6713859335496,1636.3873357674618,101,54,10,37,34,-0.023204212744108832
Siniakova K.,1637.824700154949,1569.1434740581697,1582.6566750739776,1637.824700154949,1479.1434740581697,1546.1543294016847,1632.6566750739776,268,120,61,36,32,-0.08103560670456655
McNally C.,1580.373151270478,1580.373151270478,1580.373151270478,1547.3472524180588,1572.3552624958584,1573.9975973013236,1630.373151270478,30,13,15,73,2,0.03050860429710911
Ruse E.G.,1575.2388144126976,1577.0982239227085,1577.0982239227085,1485.2388144126976,1561.6412709675735,1570.8699163419606,1627.0982239227085,64,47,25,72,19,0.06665393032660294
Sakkari M.,1633.3545706249292,1577.0613980024063,1577.0613980024063,1633.3545706249292,1566.1334494012508,1528.109174807961,1627.0613980024063,275,118,56,37,14,0.058535763813685415
Vekic D.,1576.4869139172536,1576.4869139172536,1607.9352766172847,1525.810668915948,1530.977604326754,1607.9352766172847,1626.4869139172536,292,77,88,34,33,0.12043516845911295
Stearns P.,1573.5904900966702,1636.7772732246137,1573.5904900966702,1572.5392267441766,1636.7772732246137,1525.3590691759878,1623.5904900966702,86,45,8,58,2,-0.0996703543464601
Tauson C.,1642.3163664330796,1571.6109888902695,1571.6109888902695,1642.3163664330796,1528.2279185851294,1526.9737978821563,1621.6109888902695,121,31,19,30,6,-0.004843933553455804
Alexandrova E.,1600.991312447524,1567.0963979214614,1621.795706583318,1600.991312447524,1551.4343181581453,1621.795706583318,1617.0963979214614,252,100,64,19,30,-0.00953623487602373
Osorio M.,1569.096098578814,1612.047803334903,1565.597184513662,1569.096098578814,1612.047803334903,1487.996788714377,1615.597184513662,92,66,17,56,4,0.025206565809167913
Krueger A.,1587.847102775696,1564.587047078463,1564.587047078463,1587.847102775696,1509.0359603551792,1547.4977370365073,1614.587047078463,87,20,16,67,5,0.020655169433543452
Samsonova L.,1564.9076140772675,1588.1599761312793,1600.4372542939395,1564.9076140772675,1588.1599761312793,1600.4372542939395,1613.5141406419696,177,66,49,70,2,0.10948370554741632
Linette M.,1565.1532897492018,1596.3699575323828,1562.536178040338,1565.1532897492018,1596.3699575323828,1521.6306016355907,1612.536178040338,277,105,48,65,6,-0.002176966807963532
Bartunkova N.,1561.3214274095885,1569.0520333945174,1573.9081131290125,1557.236025158068,1569.0520333945174,1573.9081131290125,1611.3214274095885,18,5,7,44,10,0.1291922729494963
Chwalinska M.,1558.830434469638,1604.4285183702043,1571.6355949959511,1558.3281140312592,1604.4285183702043,1571.6355949959511,1608.830434469638,6,12,3,21,34,0.4150753258239948
Snigur D.,1576.066048986733,1566.731309601201,1558.214809838903,1576.066048986733,1566.731309601201,1549.5273582768255,1608.214809838903,18,5,14,54,7,0.05408230944349224
Kontaveit A.,1646.079587073545,1557.0848313778229,1557.0848313778229,1646.079587073545,1545.691914905356,1524.4290151941782,1607.0848313778229,209,81,35,81,1123,-0.2351103638085914
Lys E.,1621.7955710964022,1557.0328404620948,1557.0328404620948,1621.7955710964022,1525.3283642628262,1525.2758088177156,1607.0328404620948,47,29,8,76,33,-0.10835963462163872
Boulter K.,1583.2185685230552,1556.9687847747568,1601.398451665117,1583.2185685230552,1515.825873681159,1601.398451665117,1606.9687847747568,100,20,56,69,5,-0.11024166982672245
Valentova T.,1607.7096789632672,1555.8935248587763,1558.8073877972765,1607.7096789632672,1555.7940022750108,1558.8073877972765,1605.8935248587763,28,6,5,63,8,0.08014885001498107
Kessler M.,1601.163323441737,1553.8977259299456,1564.4022459859743,1601.163323441737,1510.5135229965194,1564.4022459859743,1603.8977259299456,67,15,16,47,4,-0.10986743463628523
Danilovic O.,1552.1300687176613,1630.0627674681873,1552.1300687176613,1533.8511898071347,1630.0627674681873,1544.4324762772517,1602.1300687176613,42,48,5,88,179,0.011639580414725237
Tagger L.,1614.7931544706594,1551.675096076844,1586.9657090672385,1614.7931544706594,1545.8584331058905,1586.9657090672385,1601.675096076844,16,6,1,74,7,0.13343288001467196
Riske A.,1584.822524002055,1548.5010000561012,1548.5010000561012,1584.822524002055,1481.172957235301,1541.9858985593664,1598.5010000561012,228,56,82,29,1428,0.09747423018810697
Cocciaretto E.,1585.9631555126052,1546.609413880881,1546.609413880881,1585.9631555126052,1535.475957587415,1542.39569579899,1596.609413880881,90,60,20,71,2,-0.07688711240886253
Fernandez L.A.,1607.3120629213026,1544.7607881741133,1544.7607881741133,1607.3120629213026,1534.5655678995117,1521.3202492037035,1594.7607881741133,161,60,30,34,4,-0.23685885478128071
Giorgi C.,1572.0917354565026,1549.6869909760592,1542.7932044179863,1572.0917354565026,1549.6869909760592,1527.8844902217552,1592.7932044179863,219,88,69,107,862,-0.06123270800923675
Sharapova M.,1555.8286898847473,1553.1656623874526,1542.2494687719486,1555.8286898847473,1553.1656623874526,1516.083852347432,1592.2494687719486,292,144,53,145,2385,-0.3111528979763371
Boisson L.,1552.8285933354475,1581.0896489507059,1562.4005823093441,1552.8285933354475,1581.0896489507059,1562.4005823093441,1587.249892345409,6,18,2,154,33,-0.07798216230747329
Konta J.,1541.8378130893307,1536.7129563318615,1575.2962035405676,1541.8378130893307,1524.017586027106,1575.2962035405676,1586.7129563318615,163,52,70,41,1811,0.016231466880289425
Parry D.,1536.636525010882,1546.9134417521595,1541.8761531424266,1526.0848116995821,1546.9134417521595,1541.8761531424266,1586.636525010882,64,44,18,60,12,0.01693501940878639
Teichmann J.,1534.77287443264,1597.9760279501716,1534.77287443264,1490.8283667047629,1597.9760279501716,1488.8630689445204,1584.77287443264,97,73,10,170,63,0.15960892902070228
Radwanska A.,1568.31386883182,1532.1573196285876,1532.1573196285876,1568.31386883182,1516.5830426529265,1525.2264877726386,1582.1573196285876,498,120,84,60,2873,-0.18702751195106748
Oliynykova O.,1556.735419434084,1572.5735194447125,1568.523344007977,1556.735419434084,1572.5735194447125,1568.523344007977,1580.3145586712328,5,16,1,45,10,0.17245541379211904
Bertens K.,1558.4543127810991,1579.2418079323859,1530.1092238238834,1558.4543127810991,1579.2418079323859,1519.2316053931395,1580.1092238238834,191,133,38,21,1860,-0.5402520903048385
Goerges J.,1569.3556165805337,1528.9481862577147,1533.0000214044621,1569.3556165805337,1508.4700346105458,1533.0000214044621,1578.9481862577147,341,149,43,41,2131,-0.1902891076946417
Kvitova P.,1611.164054528037,1528.589140792357,1613.8778151492436,1611.164054528037,1513.1591193288,1613.8778151492436,1578.589140792357,488,151,92,543,342,-0.46627618011520205
Kerber A.,1571.2077387786762,1545.0837229736057,1552.3332193903173,1571.2077387786762,1545.0837229736057,1552.3332193903173,1575.1846890712707,453,143,114,221,761,-0.2608241724521237
Bejlek S.,1577.503979544658,1530.5113990992231,1537.7428638270171,1577.503979544658,1530.5113990992231,1537.7428638270171,1574.2227968304717,25,14,4,40,9,0.01688571546103884
Sawangkaew M.,1547.7154596305634,1572.5269600334025,1555.245393988855,1547.7154596305634,1572.5269600334025,1555.245393988855,1572.5269600334025,13,0,3,164,30,0.20018658877588225
Golubic V.,1519.3341354565587,1519.3341354565587,1519.3341354565587,1476.0413249823553,1504.5656783468157,1506.2560765839892,1569.3341354565587,146,56,46,51,6,0.12074170069661933
Wang Xin.,1540.613128187877,1518.7774033718745,1547.130577004789,1540.613128187877,1469.5765968171909,1547.130577004789,1568.7774033718745,160,30,26,42,4,0.08376832483514995
Sierra S.,1518.7496183705439,1570.0923793768143,1534.914398374514,1474.9153345993839,1570.0923793768143,1534.914398374514,1568.7496183705439,16,11,9,86,5,0.05039367736146755
Siegemund L.,1534.7028961896565,1527.6429249053917,1517.6527348370826,1534.7028961896565,1527.6429249053917,1513.2842690123061,1567.6527348370826,134,121,25,40,33,-0.01812707415495235
Bondar A.,1504.3819903041235,1616.453496460574,1517.394658948408,1414.3819903041235,1616.453496460574,1503.6552037391407,1567.394658948408,65,68,6,97,7,-0.005089382850512747
Brady J.,1557.9122189115121,1515.3748853871377,1524.9548927660248,1557.9122189115121,1511.742654889117,1524.9548927660248,1565.3748853871377,99,28,12,689,125,-0.2646642156129304
Kasatkina D.,1548.3008159129358,1594.4017855293052,1552.4241162087617,1548.3008159129358,1594.4017855293052,1552.4241162087617,1564.2713669984885,330,136,62,61,5,-0.03635201926416626
Masarova R.,1518.9767223456788,1532.1633801412868,1511.7758431874802,1518.9767223456788,1532.1633801412868,1498.9237900373737,1561.7758431874802,43,23,12,166,19,-0.10228742604764973
Li A.,1529.9226767820182,1557.7534705263229,1508.0210542626264,1529.9226767820182,1557.7534705263229,1492.9419000972555,1558.0210542626264,112,32,20,31,5,-0.2107616977452661
Sonmez Z.,1534.2143077346561,1507.0373681482813,1523.8442526991316,1534.2143077346561,1500.290571038859,1523.8442526991316,1557.0373681482813,42,15,14,52,4,-0.04465278811224749
Putintseva Y.,1567.4027063931337,1543.8589859366716,1524.4394265267495,1567.4027063931337,1543.8589859366716,1524.4394265267495,1555.3641741147753,304,154,41,79,10,-0.16178542183996314
Pavlyuchenkova A.,1534.9514697237605,1517.098622939552,1558.789000699367,1534.9514697237605,1517.098622939552,1558.789000699367,1555.2408489201362,491,164,60,116,102,-0.43388968614808276
Korpatsch T.,1521.760481631787,1530.0685079993739,1503.712561235158,1521.760481631787,1530.0685079993739,1451.700495951431,1553.712561235158,46,55,14,81,7,0.15535130613603537
Marcinko P.,1503.6915004247462,1549.3747476575872,1543.6434566144708,1481.6381878222064,1549.3747476575872,1543.6434566144708,1553.6915004247462,11,13,4,45,16,0.24803608450619036
Liutova K.,1552.4890850737338,1553.3039084228537,1553.3039084228537,1552.4890850737338,1553.3039084228537,1553.3039084228537,1553.3039084228537,3,0,0,229,1,
Muguruza G.,1581.3028940079741,1534.7767269740696,1508.6298697274524,1581.3028940079741,1534.7767269740696,1508.6298697274524,1553.2933259983483,308,89,49,82,1280,-0.1904066071670853
Maria T.,1449.6028576621077,1502.3528695647356,1579.6435711318522,1359.6028576621077,1477.4294638947297,1579.6435711318522,1552.3528695647356,168,105,58,79,3,0.22391673024816522
Bouzas Maneiro J.,1500.67681773128,1531.9375110749093,1550.6202398713435,1475.445690029263,1531.9375110749093,1550.6202398713435,1550.67681773128,53,27,14,59,13,0.05218942473773114
Sevastova A.,1542.02348023791,1516.794845629734,1504.495804314192,1542.02348023791,1516.794845629734,1504.495804314192,1549.4220543398555,209,112,42,208,279,0.09560979953162307
Zhu L.,1554.097956789859,1499.4054908878043,1503.7150973438888,1554.097956789859,1445.8454931398735,1503.7150973438888,1549.4054908878043,157,16,22,219,289,-0.09060727689056652
Kalinina A.,1499.086908967616,1590.01464558566,1499.086908967616,1474.7229085673234,1590.01464558566,1479.1163805680956,1549.086908967616,103,62,22,56,9,-0.04026623217180414
Cibulkova D.,1540.622320900971,1506.7803020962554,1517.8497632710983,1540.622320900971,1506.7803020962554,1517.8497632710983,1547.3070223774118,404,131,62,41,2623,-0.2923838424655404
Gracheva V.,1502.5436028491567,1495.9334901448042,1510.310136002492,1502.5436028491567,1487.0859045984853,1510.310136002492,1545.9334901448042,129,54,14,60,138,0.01292766890292657
Begu I.,1495.636488056927,1595.636488056927,1495.636488056927,1443.1033813229164,1602.1512354974755,1487.933613287014,1545.636488056927,226,201,35,173,33,0.0524371675405072
Yastremska D.,1547.486087439766,1499.1245890004243,1547.7109380156608,1547.486087439766,1499.1245890004243,1547.7109380156608,1545.3500104711309,174,62,34,67,32,-0.26211987909359874
Ivanovic A.,1532.907846204248,1514.4635746270933,1509.1438872884632,1532.907846204248,1514.4635746270933,1509.1438872884632,1543.5601296282591,346,106,49,31,3624,-0.2948146377756795
Gibson T.,1559.7071041675063,1507.536400650909,1512.8873418987582,1559.7071041675063,1507.536400650909,1512.8873418987582,1543.0719410097063,23,5,6,72,6,-0.11640067058413445
Montgomery R.,1491.882838311143,1499.2060819785052,1559.5256748220745,1477.2483438760892,1499.2060819785052,1559.5256748220745,1541.882838311143,21,11,10,195,33,0.08091624967691624
Li N.,1531.8646689340892,1510.454567119946,1509.4662754141184,1531.8646689340892,1510.454567119946,1509.4662754141184,1541.695892645683,241,84,42,2,4419,-0.24667762775416358
Garcia C.,1529.2592883829682,1574.8638398767087,1591.473722389561,1529.2592883829682,1574.8638398767087,1595.8169916199417,1541.473722389561,363,157,67,174,342,-0.10338459758642637
Safarova L.,1518.7408096276695,1514.4631823503505,1519.4527334354793,1518.7408096276695,1514.4631823503505,1519.4527334354793,1541.2337084661926,335,138,56,91,2882,-0.022448354002539417
Tomljanovic A.,1574.0597812789129,1488.372658239926,1538.4228314448183,1574.0597812789129,1461.7975302809868,1538.4228314448183,1538.372658239926,242,96,56,94,33,-0.1273090237781077
Avanesyan E.,1537.5511958743227,1560.4814310422803,1516.0325091501747,1537.5511958743227,1560.4814310422803,1516.0325091501747,1536.6566121291155,54,43,7,208,8,-0.09727127458170304
Birrell K.,1548.0308863128912,1488.0045026315665,1486.3516969770715,1548.0308863128912,1488.0045026315665,1484.1372770067933,1536.3516969770715,79,9,17,66,4,-0.13939673493714722
Tsurenko L.,1506.533436006946,1574.958231080368,1536.4936572999095,1506.533436006946,1574.958231080368,1536.4936572999095,1535.8868058272196,209,79,48,96,663,-0.20405397504456607
Yuan Y.,1520.2983040928295,1484.901158376723,1484.901158376723,1520.2983040928295,1478.4510911307739,1472.8138970777452,1534.901158376723,89,12,12,121,12,0.021579005391200667
Sherif M.,1395.5361415088305,1584.0703521434962,1500.9504405189027,1305.5361415088305,1610.0524394128036,1500.9504405189027,1534.0703521434962,52,55,5,73,9,0.44796952967678083
Salkova D.,1539.0272115765163,1518.52300748819,1533.7164659730588,1539.0272115765163,1518.52300748819,1533.7164659730588,1533.7164659730588,12,4,0,127,9,0.0388848401535874
Zhang S.,1565.9144635491684,1483.3165626527623,1483.3165626527623,1565.9144635491684,1408.5316263384386,1468.294092600464,1533.3165626527623,325,116,55,64,32,-0.061835536736643604
Udvardy P.,1481.5730573019491,1542.5899087924727,1487.1893308607691,1479.3977115965245,1542.5899087924727,1487.1893308607691,1531.5730573019491,17,39,9,71,10,-0.017048942190385885
Podrez V.,1525.0962741732594,1533.866773325719,1530.967170483725,1525.0962741732594,1533.866773325719,1530.967170483725,1530.967170483725,1,4,0,140,13,
Boskovic L.,1530.9230307034275,1530.7520001268858,1530.9230307034275,1530.9230307034275,1530.7520001268858,1530.9230307034275,1530.9230307034275,0,6,0,225,485,
Zakharova A.,1516.137058472147,1493.4117986556435,1514.5111170674802,1516.137058472147,1493.4117986556435,1514.5111170674802,1527.8385027752759,43,7,7,101,1,0.04598500491778457
Bucsa C.,1559.2945186974025,1477.2062386261896,1494.0352413454284,1559.2945186974025,1411.9232607245797,1494.0352413454284,1527.2062386261896,86,35,14,40,5,-0.09079558927606646
Kuznetsova S.,1545.3445527076688,1504.0526894746438,1490.787281822704,1545.3445527076688,1504.0526894746438,1490.787281822704,1527.1108157308104,386,158,55,40,1861,-0.13275708840585587
Pennetta F.,1522.6203385968058,1507.0911852296692,1502.8040506529196,1522.6203385968058,1507.0911852296692,1502.8040506529196,1526.1608532135547,286,152,35,8,3930,0.04643321753991725
Pohankova M.,1522.478097587467,1525.5202649366406,1519.939059881326,1522.478097587467,1525.5202649366406,1519.939059881326,1525.5202649366406,3,0,2,280,52,
Preston T.,1518.9191378193377,1525.4647014362697,1514.6758620483308,1518.9191378193377,1525.4647014362697,1514.6758620483308,1525.4647014362697,13,0,3,124,45,0.2030487444705843
Ortenzi J.,1519.856450493173,1530.3790000446647,1524.9788005636262,1519.856450493173,1530.3790000446647,1524.9788005636262,1524.9788005636262,1,4,0,206,120,
Ruzic A.,1541.5692619740594,1508.9037081529118,1494.2796113938484,1541.5692619740594,1508.9037081529118,1494.2796113938484,1523.763975784016,33,8,7,50,13,-0.1350437198310201
Gasparyan M.,1522.7983155948327,1499.7142724224132,1512.2987041615422,1522.7983155948327,1499.7142724224132,1512.2987041615422,1522.785114746866,74,14,8,100,1888,0.035326508551907554
Bartoli M.,1516.2384278844918,1501.6074855906459,1509.366332055336,1516.2384278844918,1501.6074855906459,1509.366332055336,1522.6097131918016,264,80,58,7,4735,0.28769177236295274
Suarez Navarro C.,1515.814737912462,1521.99430781341,1500.8468664975353,1515.814737912462,1521.99430781341,1500.8468664975353,1522.5345614242176,316,193,49,335,1798,-0.10097485220279545
Joint M.,1531.844755492046,1506.2356283374606,1528.3534174791098,1531.844755492046,1506.2356283374606,1528.3534174791098,1522.3654718050866,51,11,10,76,3,-0.16481197446838725
Korneeva A.,1526.0149309758401,1511.7394066665202,1515.8634950286537,1526.0149309758401,1511.7394066665202,1515.8634950286537,1520.6709086828157,15,3,1,90,15,0.018890934422086003
Juvan K.,1491.806679098368,1531.0977376882424,1501.3375686456425,1491.806679098368,1531.0977376882424,1501.3375686456425,1520.6277690680843,53,29,13,93,157,-0.08973252957722727
Jankovic J.,1519.7413969672723,1507.8299047067883,1503.2702007446628,1519.7413969672723,1507.8299047067883,1503.2702007446628,1520.447778545135,400,168,56,68,3261,-0.19656304786694473
Andreescu B.,1473.067821251741,1565.3503107635242,1511.0411670950032,1473.067821251741,1565.3503107635242,1511.0411670950032,1519.609443579453,100,37,36,180,34,-0.32622069295245376
Gavrilova D.,1511.328734536333,1510.1244964976388,1499.8296071542118,1511.328734536333,1510.1244964976388,1499.8296071542118,1516.247557147236,140,59,25,387,1998,-0.03876303000244635
Tararudee L.,1504.629851897747,1516.1921938324892,1513.7314134573226,1504.629851897747,1516.1921938324892,1513.7314134573226,1516.1921938324892,12,0,2,82,9,0.142117525227831
Starodubtseva Y.,1465.8713472271809,1564.7610459446696,1485.9744979908846,1444.472689673888,1564.7610459446696,1485.9744979908846,1515.8713472271809,30,23,9,62,5,-0.12160503966242986
Frech M.,1556.6101123319038,1465.2322540968473,1465.2322540968473,1556.6101123319038,1457.2804045362864,1440.3504653031548,1515.2322540968473,124,55,32,48,3,-0.14557451505264557
Basiletti N.,1515.221212135368,1513.8438979205903,1515.221212135368,1515.221212135368,1513.8438979205903,1515.221212135368,1515.221212135368,0,2,0,427,86,
Riera J.,1502.9426575588918,1524.0813783378046,1511.3013617664703,1502.9426575588918,1524.0813783378046,1511.3013617664703,1515.1419154342602,7,17,1,186,121,0.08004628183634105
Bacsinszky T.,1496.0971816244892,1524.8303075319036,1502.4271059563564,1496.0971816244892,1524.8303075319036,1502.4271059563564,1513.8322963834842,146,112,22,94,2512,-0.3532045258998216
Kirilenko M.,1511.7750879421253,1503.080591698241,1502.3346352108965,1511.7750879421253,1503.080591698241,1502.3346352108965,1513.564097376695,241,80,32,134,4325,-0.16500292618371137
Burel C.,1530.6301395053813,1516.9773158811636,1478.4465904103906,1530.6301395053813,1516.9773158811636,1478.4465904103906,1513.2090468920503,57,46,8,630,16,-0.13646223689395487
Rogers S.,1510.843429429759,1492.1816639683964,1476.5020817622865,1510.843429429759,1492.1816639683964,1476.5020817622865,1512.7199450773587,150,81,28,356,704,-0.12673707741249224
Sasnovich A.,1513.700220548856,1476.9441562517643,1483.9631615266976,1513.700220548856,1476.9441562517643,1483.9631615266976,1512.4564192072664,202,79,34,133,12,-0.17398373901154518
Dementieva E.,1507.9763900005091,1503.353979465529,1503.5453571312987,1507.9763900005091,1503.353979465529,1503.5453571312987,1511.6450782143063,149,54,22,9,5756,0.017471992107208734
Petrova N.,1508.557562237971,1501.7771076895654,1503.8750180536338,1508.557562237971,1501.7771076895654,1503.8750180536338,1511.536453159943,206,79,41,234,4506,-0.48803381237029186
Ishii S.,1509.8799669771104,1511.4772823959108,1511.4772823959108,1509.8799669771104,1511.4772823959108,1511.4772823959108,1511.4772823959108,4,0,0,188,501,
Zidansek T.,1460.953530124074,1557.7322365326625,1489.3242708781609,1448.5444805922068,1557.7322365326625,1489.3242708781609,1510.953530124074,77,74,11,148,15,0.07894571572156589
Bellis C.,1510.5794219835898,1503.1170648299035,1507.1347263713496,1510.5794219835898,1503.1170648299035,1507.1347263713496,1510.9154644009473,59,11,5,171,2134,-0.04199447407411161
Lee C.Y.,1509.3689093141916,1510.8352409949491,1510.8352409949491,1509.3689093141916,1510.8352409949491,1510.8352409949491,1510.8352409949491,2,0,0,179,11,
Vesnina E.,1499.783748664434,1500.7087585029196,1509.0477664424427,1499.783748664434,1500.7087585029196,1509.0477664424427,1510.0172064039634,266,130,51,370,1858,-0.05112603749212824
Sonobe W.,1508.2311508448684,1509.9120241584865,1509.9120241584865,1508.2311508448684,1509.9120241584865,1509.9120241584865,1509.9120241584865,5,0,0,263,283,
Wang Y.,1491.9695871859444,1486.9489431370193,1491.4087011530614,1491.9695871859444,1486.9489431370193,1491.4087011530614,1509.1460539919594,48,9,6,298,276,-0.05702098648630771
Rakhimova K.,1459.1145220683604,1476.8276189629519,1511.6096070880121,1443.5235412769744,1476.8276189629519,1511.6096070880121,1509.1145220683604,74,48,14,70,31,0.010065425816678242
Safina D.,1503.8307877606194,1504.3794233218316,1502.6523517221046,1503.8307877606194,1504.3794233218316,1502.6523517221046,1508.570784237002,145,67,24,76,5569,0.05555239223371655
Micic E.,1508.141990835808,1507.7270875848246,1507.7270875848246,1508.141990835808,1507.7270875848246,1507.7270875848246,1507.7270875848246,2,0,0,302,18,
Zakopalova K.,1502.0854559467452,1504.9794460288063,1502.682939473951,1502.0854559467452,1504.9794460288063,1502.682939473951,1507.7238664204676,162,115,22,31,4496,-0.03897069280573451
Henin J.,1504.3390687031604,1502.904222153339,1503.2138219889148,1504.3390687031604,1502.904222153339,1503.2138219889148,1507.4160362052007,66,27,19,13,5672,-0.05644198867855821
Bouchard E.,1487.3569009376833,1524.7352090036256,1495.4675820685216,1487.3569009376833,1524.7352090036256,1495.4675820685216,1507.1060976403082,185,73,31,248,1049,-0.11330539907444048
Ibragimova A.,1507.0869353080643,1506.4618123585615,1507.0869353080643,1507.0869353080643,1506.4618123585615,1507.0869353080643,1507.0869353080643,0,2,0,275,17,
Tjen J.,1550.0644363276988,1489.5485526101797,1488.7615698389902,1550.0644363276988,1489.5485526101797,1488.7615698389902,1506.9121572629483,29,7,5,37,3,-0.12203019629634887
Lucic-Baroni M.,1502.9326516704818,1509.0051153159807,1501.6585839503068,1502.9326516704818,1509.0051153159807,1501.6585839503068,1506.5315272942134,30,25,5,30,3118,-0.04648571010449459
Anshba A.,1505.2621093943064,1504.9411351454987,1506.3441096883669,1505.2621093943064,1504.9411351454987,1506.3441096883669,1506.3441096883669,2,2,0,424,1019,
Garland J.,1508.5021102128458,1505.0374587923855,1503.6341817115663,1508.5021102128458,1505.0374587923855,1503.6341817115663,1506.137862221883,5,2,1,132,274,
Jones E.,1500.032092430452,1504.8686777110966,1506.002360310802,1500.032092430452,1504.8686777110966,1506.002360310802,1506.002360310802,9,1,0,136,69,0.06480281129503868
Hampton J.,1503.9482078750923,1502.4232468855116,1502.9045070528996,1503.9482078750923,1502.4232468855116,1502.9045070528996,1505.6800102630727,54,14,10,28,4595,0.0063505924771654065
Clijsters K.,1501.492786147307,1502.9683373344749,1502.9758209483753,1501.492786147307,1502.9683373344749,1502.9758209483753,1505.1310588487122,90,5,16,1476,1760,-0.2556885984761371
Kenin S.,1463.9550597653797,1554.8830618730299,1473.6388189105369,1463.9550597653797,1562.3713822545164,1473.6388189105369,1504.8830618730299,225,65,27,116,6,-0.04054172751116775
Bolsova Zadoinov A.,1504.6083785382325,1501.8364752217167,1504.6083785382325,1504.6083785382325,1501.8364752217167,1504.6083785382325,1504.6083785382325,0,5,0,340,438,
Peng S.,1510.1206681088772,1494.3532466769889,1497.8260971611148,1510.1206681088772,1494.3532466769889,1497.8260971611148,1504.029336863315,313,96,37,106,2362,-0.1988021222963252
Parks A.,1487.995943527535,1477.772418568833,1464.6878497539888,1487.995943527535,1477.772418568833,1464.6878497539888,1503.7072258194794,83,33,11,66,13,-0.02968881968488435
Kleybanova A.,1504.074424495166,1500.077410086831,1500.6684433179798,1504.074424495166,1500.077410086831,1500.6684433179798,1503.2666875862833,132,42,15,83,4423,-0.007768080085262641
Szavay A.,1499.812850275815,1503.6668813584217,1501.233564724998,1499.812850275815,1503.6668813584217,1501.233564724998,1503.1671891111148,88,75,10,40,5550,-0.24443166008758
Mauresmo A.,1501.6599673156657,1501.0040089043077,1501.2979042228983,1501.6599673156657,1501.0040089043077,1501.2979042228983,1503.0157000039828,69,23,17,17,6178,-0.04999531556723402
Zahlavova Strycova B.,1502.405095894576,1496.9990315877967,1502.9712501859008,1502.405095894576,1496.9990315877967,1502.9712501859008,1502.8277714906324,135,69,27,22,4147,-0.0801621599751694
Sun L.,1483.8455651794245,1486.6733805625886,1512.9662581664486,1483.8455651794245,1486.6733805625886,1512.9662581664486,1502.5828146838016,45,7,11,105,125,-0.0673053603757019
Yamalapalli S.,1502.3433924525107,1502.5228156927742,1502.5228156927742,1502.3433924525107,1502.5228156927742,1502.5228156927742,1502.5228156927742,2,0,0,344,276,
Zarazua R.,1508.3336112406278,1452.4275236891583,1472.9526392214511,1508.3336112406278,1448.553187878053,1472.9526392214511,1502.4275236891583,54,26,7,83,1,-0.04555072761186513
Davenport L.,1501.9290087187503,1501.5551569594709,1501.990114530888,1501.9290087187503,1501.5551569594709,1501.990114530888,1502.2622310973031,34,4,1,24,6547,0.04698457111428611
Stakusic M.,1509.7062321474252,1496.640965239672,1500.4121363414679,1509.7062321474252,1496.640965239672,1500.4121363414679,1502.1760450363076,20,2,1,130,151,0.03891224072039429
Petkovic A.,1491.7968800469089,1511.0793183491137,1472.9082226162498,1491.7968800469089,1511.0793183491137,1472.9082226162498,1501.7050315166114,293,133,50,104,1433,-0.03977551987831879
Vidmanova D.,1508.3444189124239,1499.8908612043606,1500.2563915684545,1508.3444189124239,1499.8908612043606,1500.2563915684545,1501.6724787119194,9,1,1,114,1,-0.010355456155511589
Stevanovic N.,1501.6226991218948,1496.0147895401985,1504.168593563948,1501.6226991218948,1496.0147895401985,1504.168593563948,1501.6226991218948,0,5,4,204,837,
Collins D.R.,1501.5042815851075,1501.5042815851075,1500.9532992673558,1501.5042815851075,1501.5042815851075,1500.9532992673558,1501.5042815851075,0,0,4,41,2952,
Golovin T.,1501.102463213332,1500.84751082475,1501.1401052087303,1501.102463213332,1500.84751082475,1501.1401052087303,1501.4658629932233,47,9,2,21,6663,-0.17448500913709464
Groth J.,1500.4772325528238,1501.0464890456003,1500.688375259118,1500.4772325528238,1501.0464890456003,1500.688375259118,1501.4243776486485,35,20,11,29,5607,-0.12740526639159488
Pella C.,1500.9237485469307,1501.2090887239467,1501.1884182953654,1500.9237485469307,1501.2090887239467,1501.1884182953654,1501.1884182953654,2,3,0,197,3652,
Martinez-Sanchez M.J.,1499.1318189357257,1502.5007357650604,1499.94801962106,1499.1318189357257,1502.5007357650604,1499.94801962106,1501.029415775852,76,69,14,157,4904,-0.17947354685474454
Osorio Serrano M.C.,1500.9403548311614,1500.9301074032448,1500.9403548311614,1500.9403548311614,1500.9301074032448,1500.9403548311614,1500.9403548311614,0,4,0,438,2669,
Zuger J.,1500.86063536867,1501.0705118567857,1500.86063536867,1500.86063536867,1501.0705118567857,1500.86063536867,1500.86063536867,0,2,0,165,1474,
Routliffe E.,1499.0046444507072,1502.4456111769139,1500.8318595684998,1499.0046444507072,1502.4456111769139,1500.8318595684998,1500.8318595684998,1,1,0,858,1168,
Chakvetadze A.,1501.554570936818,1499.2729449580122,1500.260633444121,1501.554570936818,1499.2729449580122,1500.260633444121,1500.8185238100739,129,36,24,261,5072,-0.2771637056047495
Berberovic N.,1500.805622825644,1500.5847335739222,1500.805622825644,1500.805622825644,1500.5847335739222,1500.805622825644,1500.805622825644,0,2,0,306,1537,
Lumsden M.,1500.7859049387005,1500.7859049387005,1500.6320774294375,1500.7859049387005,1500.7859049387005,1500.6320774294375,1500.7859049387005,0,0,2,280,2607,
Branstine C.,1499.4121351653284,1500.737842536906,1498.171148867218,1499.4121351653284,1500.737842536906,1498.171148867218,1500.737842536906,1,0,3,191,369,
Dolehide C.,1490.3220188470814,1501.4829752710812,1476.234973600623,1490.3220188470814,1501.4829752710812,1476.234973600623,1500.6658059884514,85,27,11,135,124,-0.18397054668995289
Pieri T.,1500.6335270793443,1500.119439047977,1500.6335270793443,1500.6335270793443,1500.119439047977,1500.6335270793443,1500.6335270793443,0,2,0,377,438,
Rakotomanga Rajaonah T.,1515.1026645615784,1482.0755094060814,1500.5826108082595,1515.1026645615784,1482.0755094060814,1500.5826108082595,1500.5826108082595,10,7,0,153,69,-0.10367451076030337
Hingis M.,1500.3167501393052,1500.4129037903379,1500.3896873971057,1500.3167501393052,1500.4129037903379,1500.3896873971057,1500.5308944415124,27,2,3,18,6892,-0.08742868903544176
Sorribes Tormo S.,1525.9773448970293,1514.8134242405033,1473.943909532382,1525.9773448970293,1514.8134242405033,1473.943909532382,1500.49293641858,136,109,25,212,12,-0.3021156748631563
Puig M.,1491.7771574767983,1512.3291688978563,1492.0422556205535,1491.7771574767983,1512.3291688978563,1492.0422556205535,1500.331313044732,161,71,29,98,2134,-0.19489039220088328
Mattek B.,1500.2520563946366,1500.0442240308903,1500.3466921361203,1500.2520563946366,1500.0442240308903,1500.3466921361203,1500.3183287300203,26,7,12,43,6482,0.0012843300656526502
Razzano V.,1497.7902593247711,1503.3680973205292,1499.113950223722,1497.7902593247711,1503.3680973205292,1499.113950223722,1500.2729195637328,136,67,19,166,3625,0.09740692042071541
Rybarikova M.,1494.4287137108965,1486.1521195694609,1515.2874314320627,1494.4287137108965,1486.1521195694609,1515.2874314320627,1500.262891330209,226,74,60,139,2587,-0.037660766351971575
Goncalves P.C.,1499.3094835656507,1501.3909540512186,1500.2447439887408,1499.3094835656507,1501.3909540512186,1500.2447439887408,1500.2447439887408,5,9,0,177,3652,0.17769529408629836
"Sharapova, M.",1500.2074609733727,1500.2078130097743,1500.2078130097743,1500.2074609733727,1500.2078130097743,1500.2078130097743,1500.2078130097743,5,0,0,6,6839,
Krejsova P.,1500.198714297037,1500.198714297037,1500.1552905013027,1500.198714297037,1500.198714297037,1500.1552905013027,1500.198714297037,0,0,2,280,3336,
Zhang K-L.,1500.0818649759615,1500.0994971349253,1500.0994971349253,1500.0818649759615,1500.0994971349253,1500.0994971349253,1500.0994971349253,2,0,0,206,3966,
Da Silva Fick G.,1500.115397592061,1500.0885013287411,1500.0885013287411,1500.115397592061,1500.0885013287411,1500.0885013287411,1500.0885013287411,2,0,0,566,1993,
Hladikova T.,1500.086326612137,1500.0865490726042,1500.086326612137,1500.086326612137,1500.0865490726042,1500.086326612137,1500.086326612137,0,5,0,258,6220,
Pliskova Kar.,1500.0809186160895,1500.0808734554932,1500.0809186160895,1500.0809186160895,1500.0808734554932,1500.0809186160895,1500.0809186160895,0,3,0,671,6666,
Srebotnik K.,1499.5994854297662,1500.380782928135,1500.0811312173723,1499.5994854297662,1500.380782928135,1500.0811312173723,1500.0777234727893,83,38,7,228,5829,-0.17694861935889084
Jozami B.,1500.0752048440495,1500.0752790940933,1500.0752048440495,1500.0752048440495,1500.0752790940933,1500.0752048440495,1500.0752048440495,0,5,0,134,6372,
Torres M.,1500.0538121391946,1500.0538194524997,1500.0538121391946,1500.0538121391946,1500.0538194524997,1500.0538121391946,1500.0538121391946,0,3,0,402,7093,
Suarez P.,1500.0510224076509,1500.0396359261024,1500.0509895290882,1500.0510224076509,1500.0396359261024,1500.0509895290882,1500.0509895290882,3,2,0,157,7102,
Khazaniuk D.,1500.0135921249155,1500.0176242459825,1500.0176242459825,1500.0135921249155,1500.0176242459825,1500.0176242459825,1500.0176242459825,2,0,0,228,2874,
Soler Espinosa S..,1500.0116632317083,1500.0131747070925,1500.0131747070925,1500.0116632317083,1500.0131747070925,1500.0131747070925,1500.0131747070925,2,0,0,73,4337,
Perianu A.,1500.0000695861474,1500.0000880790558,1500.0000880790558,1500.0000695861474,1500.0000880790558,1500.0000880790558,1500.0000880790558,2,0,0,218,6954,
Peschke K.,1500.0000463498895,1500.0000321383268,1500.0000463498895,1500.0000463498895,1500.0000321383268,1500.0000463498895,1500.0000463498895,0,2,0,182,7004,
Pavlyuchen. A.,1499.999979876348,1499.999985004226,1499.999985004226,1499.999979876348,1499.999985004226,1499.999985004226,1499.999985004226,2,0,0,85,6549,
Song S.S.,1499.999922290406,1499.9999271925383,1499.9999271925383,1499.999922290406,1499.9999271925383,1499.9999271925383,1499.9999271925383,2,0,0,331,6884,
Afinogenova K.,1499.999835745305,1499.9998535628743,1499.999835745305,1499.999835745305,1499.9998535628743,1499.999835745305,1499.999835745305,0,2,0,302,7011,
Compostizode E.,1499.9997947746806,1499.9998281440783,1499.9997947746806,1499.9997947746806,1499.9998281440783,1499.9997947746806,1499.9997947746806,0,2,0,341,6626,
Camerin M.,1499.9997909110343,1499.99980315117,1499.9997909110343,1499.9997909110343,1499.99980315117,1499.9997909110343,1499.9997909110343,0,2,0,111,6744,
Kondratieva M.,1499.9995849461945,1499.9996220153264,1499.9995849461945,1499.9995849461945,1499.9996220153264,1499.9995849461945,1499.9995849461945,0,2,0,236,6625,
Arruabarrena Vecino L.,1499.9995652176165,1499.9999739897487,1499.9995652176165,1499.9995652176165,1499.9999739897487,1499.9995652176165,1499.9995652176165,0,2,0,175,5498,
De Gubernatis C.,1499.999480957904,1499.9996026123895,1499.999480957904,1499.999480957904,1499.9996026123895,1499.999480957904,1499.999480957904,0,2,0,296,5940,
Zhao Y.J.,1499.998910945742,1499.9988581420691,1499.9988581420691,1499.998910945742,1499.9988581420691,1499.9988581420691,1499.9988581420691,2,0,0,437,5429,
Mijacika A.,1499.9986501079677,1499.9987989519605,1499.9986501079677,1499.9986501079677,1499.9987989519605,1499.9986501079677,1499.9986501079677,0,2,0,246,5498,
Abramovic M.,1499.9982233088135,1499.9983609529409,1499.9983609529409,1499.9982233088135,1499.9983609529409,1499.9983609529409,1499.9983609529409,2,0,0,361,5274,
Bukta A.,1499.998056092444,1499.9985432727462,1499.998056092444,1499.998056092444,1499.9985432727462,1499.998056092444,1499.998056092444,0,2,0,433,4771,
Gronert S.,1499.9964262869248,1499.996506758484,1499.9971712569793,1499.9964262869248,1499.996506758484,1499.9971712569793,1499.9964262869248,0,2,2,173,5162,
Beck An.,1499.9951337955504,1499.9945797514883,1499.9945797514883,1499.9951337955504,1499.9945797514883,1499.9945797514883,1499.9945797514883,2,0,0,141,5072,
Leykina P.,1499.9802656956622,1499.9884958178475,1499.9802656956622,1499.9802656956622,1499.9884958178475,1499.9802656956622,1499.9802656956622,0,2,0,201,3671,
Schaefer A.,1499.9733836536436,1499.9795585645984,1499.9733836536436,1499.9733836536436,1499.9795585645984,1499.9733836536436,1499.9733836536436,0,2,0,193,3763,
Capra B.,1499.972159015073,1499.9731482209434,1499.9731482209434,1499.972159015073,1499.9731482209434,1499.9731482209434,1499.9731482209434,4,0,0,234,5649,
Zhang Yi.,1499.9663908655664,1499.96621175314,1499.96621175314,1499.9663908655664,1499.96621175314,1499.96621175314,1499.96621175314,2,0,0,696,3651,
Vinci R.,1502.3532424609127,1500.809851760616,1499.1816907300304,1502.3532424609127,1500.809851760616,1499.1816907300304,1499.9526121977485,303,154,53,191,3002,-0.2059441490118657
Kostanic J.,1499.9495034876145,1499.9495034876145,1499.9495034876145,1499.9495034876145,1499.9495034876145,1499.9495034876145,1499.9495034876145,9,0,0,78,7107,
Golds S.,1499.948949225466,1499.948949225466,1499.948949225466,1499.948949225466,1499.948949225466,1499.948949225466,1499.948949225466,1,0,0,599,7154,
Smashnovai A.,1499.9482174146556,1499.9482174146556,1499.9482174146556,1499.9482174146556,1499.9482174146556,1499.9482174146556,1499.9482174146556,1,0,0,63,7139,
Takao E.,1499.947467350945,1499.947467350945,1499.947467350945,1499.947467350945,1499.947467350945,1499.947467350945,1499.947467350945,0,0,0,136,7124,
Tangphong M.,1499.9471752279705,1499.9471752279705,1499.9471752279705,1499.9471752279705,1499.9471752279705,1499.9471752279705,1499.9471752279705,1,0,0,332,7118,
Liggan K.,1499.946476599111,1499.946476599111,1499.946476599111,1499.946476599111,1499.946476599111,1499.946476599111,1499.946476599111,1,0,0,229,7104,
Raymond L.,1499.9464617445371,1499.946460731979,1499.946460731979,1499.9464617445371,1499.946460731979,1499.946460731979,1499.946460731979,1,0,0,179,7104,
Marrero M.,1499.946418014392,1499.946418014392,1499.946418014392,1499.946418014392,1499.946418014392,1499.946418014392,1499.946418014392,0,1,0,861,7103,
Cabeza Candela E.,1499.946418014392,1499.946418014392,1499.946418014392,1499.946418014392,1499.946418014392,1499.946418014392,1499.946418014392,0,1,0,247,7103,
Abramovic I.,1499.946418014392,1499.946418014392,1499.946418014392,1499.946418014392,1499.946418014392,1499.946418014392,1499.946418014392,0,1,0,166,7103,
Bohmova K.,1499.9464023165756,1499.9464042788027,1499.9464023165756,1499.9464023165756,1499.9464042788027,1499.9464023165756,1499.9464023165756,0,1,0,181,7103,
Munoz D.,1499.9461282611187,1499.9461272757744,1499.9461282611187,1499.9461282611187,1499.9461272757744,1499.9461282611187,1499.9461282611187,0,1,0,358,7097,
Widjaja J.,1499.9460612104344,1499.946061175964,1499.9460612104344,1499.9460612104344,1499.946061175964,1499.9460612104344,1499.9460612104344,0,1,0,203,7096,
Chan Y.,1499.9456418056832,1499.945641805105,1499.945641805105,1499.9456418056832,1499.945641805105,1499.945641805105,1499.945641805105,1,0,0,92,7088,
Ancic S.,1499.9449223347278,1499.9449223347278,1499.9449223347278,1499.9449223347278,1499.9449223347278,1499.9449223347278,1499.9449223347278,1,0,0,169,7074,
Gubacsi Z.,1499.9435332976545,1499.9435385588386,1499.9435332976545,1499.9435332976545,1499.9435385588386,1499.9435332976545,1499.9435332976545,0,3,0,200,7040,
Nogueira A.,1499.9427565577848,1499.9427587778412,1499.9427565577848,1499.9427565577848,1499.9427587778412,1499.9427565577848,1499.9427565577848,0,1,0,815,7034,
Lisjak I.,1499.9552869296617,1499.9425780953588,1499.9425565450013,1499.9552869296617,1499.9425780953588,1499.9425565450013,1499.9425565450013,2,1,0,737,6380,
Roesch A.,1499.9423826871398,1499.9423749379837,1499.9423826871398,1499.9423826871398,1499.9423749379837,1499.9423826871398,1499.9423826871398,0,1,0,285,7025,
Kriz N.,1499.9415981108102,1499.9416014359715,1499.9415981108102,1499.9415981108102,1499.9416014359715,1499.9415981108102,1499.9415981108102,0,1,0,388,7012,
Bacquet E.,1499.9415767578287,1499.941576755887,1499.9415767578287,1499.9415767578287,1499.941576755887,1499.9415767578287,1499.9415767578287,0,1,0,508,7012,
Rao S.,1499.9375719858047,1499.9380790284763,1499.9832314157807,1499.9375719858047,1499.9380790284763,1499.9832314157807,1499.9400418173805,3,1,3,160,6625,
Hsieh S.,1499.9396799371846,1499.9396799371846,1499.9396644322956,1499.9396799371846,1499.9396799371846,1499.9396644322956,1499.9396799371846,0,0,1,125,6976,
Disderi S.,1499.9384090470435,1499.938410195104,1499.9384090470435,1499.9384090470435,1499.938410195104,1499.9384090470435,1499.9384090470435,0,1,0,354,6956,
Kuryanovich I.,1499.9383804535564,1499.9383779698853,1499.9383779698853,1499.9383804535564,1499.9383779698853,1499.9383779698853,1499.9383779698853,1,0,0,241,6956,
Serra Zanetti A.,1499.9383672464496,1499.9383709325175,1499.9383672464496,1499.9383672464496,1499.9383709325175,1499.9383672464496,1499.9383672464496,0,1,0,715,6956,
Hoch E.,1499.937977147807,1499.9379798328832,1499.937977147807,1499.937977147807,1499.9379798328832,1499.937977147807,1499.937977147807,0,1,0,549,6949,
Augustine B.,1499.9376223196064,1499.937622333531,1499.937622333531,1499.9376223196064,1499.937622333531,1499.937622333531,1499.937622333531,1,0,0,1042,6943,
Nooni H.,1499.9376066324958,1499.937605376784,1499.937605376784,1499.9376066324958,1499.937605376784,1499.937605376784,1499.937605376784,1,0,0,554,6943,
Milevskaya K.,1499.9375732401766,1499.9375758472322,1499.9375758472322,1499.9375732401766,1499.9375758472322,1499.9375758472322,1499.9375758472322,1,0,0,347,6942,
Muhamed A.,1499.9375692310794,1499.9375640946128,1499.9375640946128,1499.9375692310794,1499.9375640946128,1499.9375640946128,1499.9375640946128,1,0,0,709,6943,
Stanciute L.,1499.937564174887,1499.9375627659906,1499.9375627659906,1499.937564174887,1499.9375627659906,1499.9375627659906,1499.9375627659906,1,0,0,335,6942,
Shulaeva E.,1499.9366792249639,1499.9366792249639,1499.9366792249639,1499.9366792249639,1499.9366792249639,1499.9366792249639,1499.9366792249639,1,0,0,370,6927,
Uberoi N.,1499.9345701219668,1499.9490897752894,1499.9345701219668,1499.9345701219668,1499.9490897752894,1499.9345701219668,1499.9345701219668,0,2,0,267,6894,
Tamaela E.,1499.9340080335394,1499.9340027302424,1499.9340027302424,1499.9340080335394,1499.9340027302424,1499.9340027302424,1499.9340027302424,3,0,0,184,6885,
Antoniychuk K.,1499.9338651529572,1499.9485086104678,1499.9338341372425,1499.9338651529572,1499.9485086104678,1499.9338341372425,1499.9338341372425,1,2,0,198,6009,
Saidkhodjaeva D.,1499.9337310922372,1499.9337329052507,1499.9337329052507,1499.9337310922372,1499.9337329052507,1499.9337329052507,1499.9337329052507,1,0,0,1137,6879,
Martinovic S.,1499.932453855665,1499.9324551151647,1499.9324551151647,1499.932453855665,1499.9324551151647,1499.9324551151647,1499.9324551151647,1,0,0,240,6858,
Larriere V.,1500.0301635079759,1499.8991315230192,1499.9321210210821,1500.0301635079759,1499.8991315230192,1499.9321210210821,1499.9321210210821,3,1,0,175,5178,
Paar L.I.,1499.9295105516674,1499.9451841981188,1499.9295105516674,1499.9295105516674,1499.9451841981188,1499.9295105516674,1499.9295105516674,0,2,0,301,2629,
Barry E.,1499.9276969395069,1499.9276969404366,1499.9276969404366,1499.9276969395069,1499.9276969404366,1499.9276969404366,1499.9276969404366,1,0,0,387,6788,
Linetskaya E.,1499.9267121621417,1499.926708956421,1499.926708956421,1499.9267121621417,1499.926708956421,1499.926708956421,1499.926708956421,1,0,0,584,6774,
Wheeler C.,1499.9266697717305,1499.9266618683628,1499.9266618683628,1499.9266697717305,1499.9266618683628,1499.9266618683628,1499.9266618683628,1,0,0,214,6774,
Yonemura A.,1499.925185598875,1499.9251824140842,1499.9251824140842,1499.925185598875,1499.9251824140842,1499.9251824140842,1499.9251824140842,1,0,0,233,6752,
Salerni M.,1499.9249417728906,1499.924934774603,1499.9249417728906,1499.9249417728906,1499.924934774603,1499.9249417728906,1499.9249417728906,0,1,0,89,6747,
Silva C.,1499.9248657399837,1499.9248654101975,1499.9248657399837,1499.9248657399837,1499.9248654101975,1499.9248657399837,1499.9248657399837,0,1,0,196,6746,
Miranda Otarola M.,1499.9248145023805,1499.9248145023805,1499.9248145023805,1499.9248145023805,1499.9248145023805,1499.9248145023805,1499.9248145023805,0,1,0,669,6746,
Koch Benvenuto K.A.,1499.9245713997311,1499.9245931782061,1499.9245713997311,1499.9245713997311,1499.9245931782061,1499.9245713997311,1499.9245713997311,0,1,0,550,6745,
Munoz Gallegos D.,1499.9237977631137,1499.9238024483273,1499.9237977631137,1499.9237977631137,1499.9238024483273,1499.9237977631137,1499.9237977631137,0,1,0,355,6732,
Roma N.,1499.923690275946,1499.9236951401692,1499.923690275946,1499.923690275946,1499.9236951401692,1499.923690275946,1499.923690275946,0,1,0,635,6732,
Lakhani I.,1499.9233013149722,1499.9233013149722,1499.9233013149722,1499.9233013149722,1499.9233013149722,1499.9233013149722,1499.9233013149722,1,0,0,357,6725,
O'brien K.,1499.922985087221,1499.9229505271003,1499.9508948220762,1499.922985087221,1499.9229505271003,1499.9508948220762,1499.9229505271003,1,0,4,124,6725,
Chuang C.J.,1499.9207363181627,1499.9206830628425,1499.9207363181627,1499.9207363181627,1499.9206830628425,1499.9207363181627,1499.9207363181627,0,1,0,409,6684,
Essaadi L.,1499.9191155896012,1499.9191155896012,1499.9191155896012,1499.9191155896012,1499.9191155896012,1499.9191155896012,1499.9191155896012,0,1,0,996,6669,
Pliskova Kri.,1499.91906328001,1499.9190769737636,1499.91906328001,1499.91906328001,1499.9190769737636,1499.91906328001,1499.91906328001,0,1,0,866,6670,
Pandzic J.,1499.919026558892,1499.9190286924197,1499.919026558892,1499.919026558892,1499.9190286924197,1499.919026558892,1499.919026558892,0,3,0,189,6640,
Ishizu S.,1499.9068731182924,1499.9169614355394,1499.9169614355394,1499.9068731182924,1499.9169614355394,1499.9169614355394,1499.9169614355394,5,0,0,204,4596,
Huck V.,1499.9166586245278,1499.916669657128,1499.9166586245278,1499.9166586245278,1499.916669657128,1499.9166586245278,1499.9166586245278,0,1,0,268,6640,
Fitzpatrick A.,1499.9158922587308,1499.9158922587308,1499.9158922571528,1499.9158922587308,1499.9158922587308,1499.9158922571528,1499.9158922587308,0,0,1,320,6628,
Ruutel M.,1499.9158125170266,1499.9158125170266,1499.915814334729,1499.9158125170266,1499.9158125170266,1499.915814334729,1499.9158125170266,0,0,1,164,6627,
Gabarrus-Alonso M.,1499.915781745476,1499.9157817482405,1499.915781745476,1499.915781745476,1499.9157817482405,1499.915781745476,1499.915781745476,0,1,0,432,6627,
Elliott A.,1499.9157718682488,1499.9157718682488,1499.9157887537435,1499.9157718682488,1499.9157718682488,1499.9157887537435,1499.9157718682488,0,0,1,385,6628,
Medina G. A.,1499.9155813548286,1499.9155813548286,1499.9155520087154,1499.9155813548286,1499.9155813548286,1499.9155520087154,1499.9155813548286,0,0,1,34,6621,
Gordon A.,1499.9153955811748,1499.9153955811748,1499.9153971369155,1499.9153955811748,1499.9153955811748,1499.9153971369155,1499.9153955811748,0,0,1,358,6621,
Cohen-Aloro S.,1499.9135407882188,1499.9135586902667,1499.9135407882188,1499.9135407882188,1499.9135586902667,1499.9135407882188,1499.9135407882188,0,1,0,98,6599,
Mircic T.,1499.913534224445,1499.9135464113292,1499.913534224445,1499.913534224445,1499.9135464113292,1499.913534224445,1499.913534224445,0,1,0,278,6600,
Kiraly P.,1499.9134897551053,1499.9135016416608,1499.9134897551053,1499.9134897551053,1499.9135016416608,1499.9134897551053,1499.9134897551053,0,1,0,530,6600,
Zoric N.,1499.913455237277,1499.9134646315053,1499.913455237277,1499.913455237277,1499.9134646315053,1499.913455237277,1499.913455237277,0,1,0,462,6599,
Chvojkova V.,1499.9130460569106,1499.9131398113036,1499.9130460569106,1499.9130460569106,1499.9131398113036,1499.9130460569106,1499.9130460569106,0,3,0,261,6599,
Black C.,1499.9116520681114,1499.9116298823346,1499.9116298823346,1499.9116520681114,1499.9116298823346,1499.9116298823346,1499.9116298823346,1,0,0,1063,6579,
Fink A.,1499.9110132697604,1499.911040494673,1499.911040494673,1499.9110132697604,1499.911040494673,1499.911040494673,1499.911040494673,1,0,0,488,6565,
Kostanic T. J.,1499.909733791746,1499.909741333776,1499.909741333776,1499.909733791746,1499.909741333776,1499.909741333776,1499.909741333776,1,0,0,90,6551,
Tananta L.,1499.908288288634,1499.9082835738268,1499.9082835738268,1499.908288288634,1499.9082835738268,1499.9082835738268,1499.9082835738268,1,0,0,542,6537,
Damayanti A.F.,1499.9082017759115,1499.9081942223775,1499.9081942223775,1499.9082017759115,1499.9081942223775,1499.9081942223775,1499.9081942223775,1,0,0,823,6537,
Sun T.,1499.907685574955,1499.9077078462296,1499.9077078462296,1499.907685574955,1499.9077078462296,1499.9077078462296,1499.9077078462296,3,0,0,254,6529,
Kapros A.,1499.907675320348,1499.9076713273137,1499.9076713273137,1499.907675320348,1499.9076713273137,1499.9076713273137,1499.9076713273137,1,0,0,310,6530,
Cavaday N.,1499.9075893879597,1499.9075893879597,1499.9445263009197,1499.9075893879597,1499.9075893879597,1499.9445263009197,1499.9075893879597,0,0,9,297,6261,-0.054054297916701854
Ogorodova A.,1499.906365372429,1499.9063653719263,1499.9063653719263,1499.906365372429,1499.9063653719263,1499.9063653719263,1499.9063653719263,1,0,0,1093,6515,
Mokh M.,1499.9046769802662,1499.9047159318582,1499.9047159318582,1499.9046769802662,1499.9047159318582,1499.9047159318582,1499.9047159318582,1,0,0,395,6487,
Kulikova R.,1499.962905345173,1499.7016381329274,1500.1320362920728,1499.962905345173,1499.7016381329274,1500.1320362920728,1499.8974833085563,12,5,5,191,5500,-0.014636406841425531
Starr E.,1499.896631582466,1499.8966226802058,1499.8966226802058,1499.896631582466,1499.8966226802058,1499.8966226802058,1499.8966226802058,1,0,0,412,6411,
Duque M. M.,1499.895889618039,1499.8958815841033,1499.8958815841033,1499.895889618039,1499.8958815841033,1499.8958815841033,1499.8958815841033,1,0,0,109,6404,
Lyubtsova O.,1499.8946733860605,1499.8946733860605,1499.8946733860605,1499.8946733860605,1499.8946733860605,1499.8946733860605,1499.8946733860605,0,0,0,198,6382,
Karatancheva S.,1499.8937823640124,1499.8937801747127,1499.8937801747127,1499.8937823640124,1499.8937801747127,1499.8937801747127,1499.8937801747127,1,0,0,128,6382,
Orlik A.,1499.8926590745857,1499.8926615952823,1499.8926590745857,1499.8926590745857,1499.8926615952823,1499.8926590745857,1499.8926590745857,0,1,0,739,6368,
Baker L.,1499.8977941980806,1499.8968774721939,1499.8904932603648,1499.8977941980806,1499.8968774721939,1499.8904932603648,1499.8904932603648,1,1,0,292,7012,
Myskina A.,1499.897359432137,1499.8963882853268,1499.8899963850004,1499.897359432137,1499.8963882853268,1499.8899963850004,1499.8899963850004,1,1,0,51,7004,
Torro-Flor M.T.,1499.8879036483836,1499.8879159228218,1499.8879036483836,1499.8879036483836,1499.8879159228218,1499.8879036483836,1499.8879036483836,0,1,0,806,6326,
Savranska Y.,1499.8875730144323,1499.8875282152635,1499.8875730144323,1499.8875730144323,1499.8875282152635,1499.8875730144323,1499.8875730144323,0,1,0,228,6319,
Sequera M.,1499.9076988237896,1500.0044504244242,1499.888951046521,1499.9076988237896,1500.0044504244242,1499.888951046521,1499.8870670918695,9,12,7,159,6614,-0.28692335022071197
Martinez Granados C.,1499.886263340768,1499.8863118355362,1499.886263340768,1499.886263340768,1499.8863118355362,1499.886263340768,1499.886263340768,0,6,0,310,6955,
Fondevila Castro P.,1499.8856420577276,1499.885655270876,1499.8856420577276,1499.8856420577276,1499.885655270876,1499.8856420577276,1499.8856420577276,0,1,0,358,6305,
Brandi K.,1499.8927919257187,1499.8852492982546,1499.8920434869715,1499.8927919257187,1499.8852492982546,1499.8920434869715,1499.8852492982546,1,0,1,204,6977,
Joao Koehler M.,1499.8850271423664,1499.8850332926072,1499.8850271423664,1499.8850271423664,1499.8850332926072,1499.8850271423664,1499.8850271423664,0,1,0,630,6299,
Fernandez-Brugues E.,1499.8844974570736,1499.8846482117003,1499.8844974570736,1499.8844974570736,1499.8846482117003,1499.8844974570736,1499.8844974570736,0,3,0,256,6298,
Chan C.W.,1499.8843309736396,1499.8843287744014,1499.8843287744014,1499.8843309736396,1499.8843287744014,1499.8843287744014,1499.8843287744014,2,0,0,198,6942,
Embree L.,1499.8841238030298,1499.8839900318194,1499.8841238030298,1499.8841238030298,1499.8839900318194,1499.8841238030298,1499.8841238030298,0,1,0,628,6279,
Szatmari A.,1499.9095487466482,1499.8836335953592,1499.8836600638122,1499.9095487466482,1499.8836335953592,1499.8836600638122,1499.8836600638122,2,1,0,333,6284,
Iyer T.,1499.889451150663,1499.8812634729904,1499.8812634729904,1499.889451150663,1499.8812634729904,1499.8812634729904,1499.8812634729904,1,0,0,354,6892,
Smashnova-Pistolesi A.,1499.8806494248854,1499.8882154503588,1499.8880127340337,1499.8806494248854,1499.8882154503588,1499.8880127340337,1499.8806494248854,0,1,1,166,6976,
Buryachok I.,1499.8781460648904,1499.878149553505,1499.8781460648904,1499.8781460648904,1499.878149553505,1499.8781460648904,1499.8781460648904,0,1,0,233,6235,
Pliskova K.,1499.8772014930662,1499.8771968474562,1499.8772014930662,1499.8772014930662,1499.8771968474562,1499.8772014930662,1499.8772014930662,0,1,0,330,6228,
Klaschka C.,1499.8760927950802,1499.876105829029,1499.8760927950802,1499.8760927950802,1499.876105829029,1499.8760927950802,1499.8760927950802,0,1,0,171,6221,
Fernandez C.,1499.875002343783,1499.8750023524408,1499.8750023524408,1499.875002343783,1499.8750023524408,1499.8750023524408,1499.8750023524408,2,0,0,400,6774,
Badosa Gibert. P.,1499.87920934678,1499.8749387641433,1499.8749387641433,1499.87920934678,1499.8749387641433,1499.8749387641433,1499.8749387641433,4,0,0,198,3967,
Kops-Jones R.,1499.881972356187,1499.8745248668336,1499.882767586197,1499.881972356187,1499.8745248668336,1499.882767586197,1499.8745248668336,1,0,1,164,6885,
Cohen A.,1499.8721501689552,1499.8721499103012,1499.8721499103012,1499.8721501689552,1499.8721499103012,1499.8721499103012,1499.8721499103012,2,0,0,387,6915,
Maes C.,1499.8714450693512,1499.899961247795,1499.8714129323696,1499.8714450693512,1499.899961247795,1499.8714129323696,1499.8714129323696,2,2,0,183,6746,
Uberoi S.,1499.8703769143904,1499.8704091127984,1499.8704091127984,1499.8703769143904,1499.8704091127984,1499.8704091127984,1499.8704091127984,2,0,0,989,6726,
Kolesnichenko A.,1499.8685236240758,1499.8685179610218,1499.8685179610218,1499.8685236240758,1499.8685179610218,1499.8685179610218,1499.8685179610218,1,0,0,577,6158,
Yoo M.,1499.8683558672085,1499.8683574577426,1499.8683574577426,1499.8683558672085,1499.8683574577426,1499.8683574577426,1499.8683574577426,1,0,0,638,6158,
Voegele,1499.8553198057432,1499.8553095655498,1499.8553095655498,1499.8553198057432,1499.8553095655498,1499.8553095655498,1499.8553095655498,1,0,0,75,6053,
Liu A.,1499.8509540134937,1499.8510081841619,1499.8510081841619,1499.8509540134937,1499.8510081841619,1499.8510081841619,1499.8510081841619,4,0,0,328,6591,
Viratprasert S.,1499.8498423496958,1499.849829782165,1499.849829782165,1499.8498423496958,1499.849829782165,1499.849829782165,1499.849829782165,1,0,0,264,6018,
Botto B.,1499.8486955672622,1499.8487460680253,1499.8486955672622,1499.8486955672622,1499.8487460680253,1499.8486955672622,1499.8486955672622,0,1,0,345,6012,
Zabala P.,1499.8486351661734,1499.8486698613046,1499.8486351661734,1499.8486351661734,1499.8486698613046,1499.8486351661734,1499.8486351661734,0,1,0,371,6011,
Granillo A.,1499.8478388640149,1499.8478704767053,1499.8478388640149,1499.8478388640149,1499.8478704767053,1499.8478388640149,1499.8478388640149,0,1,0,578,6004,
Scholl C.,1499.8474580010004,1499.8446375621102,1499.8474580010004,1499.8474580010004,1499.8446375621102,1499.8474580010004,1499.8474580010004,0,4,0,443,4766,
Bennani L.,1499.83925109526,1499.8392754143797,1499.83925109526,1499.83925109526,1499.8392754143797,1499.83925109526,1499.83925109526,0,1,0,781,5941,
Garcia-Vidagany B.,1499.8385871694793,1499.8383604515634,1499.8385871694793,1499.8385871694793,1499.8383604515634,1499.8385871694793,1499.8385871694793,0,1,0,191,5928,
Vogele S.,1499.840076756932,1499.8413917111516,1499.8301433560891,1499.840076756932,1499.8413917111516,1499.8301433560891,1499.8301433560891,1,1,0,162,6550,
Njiric S.,1499.8279866354655,1499.8279564993097,1499.8279866354655,1499.8279866354655,1499.8279564993097,1499.8279866354655,1499.8279866354655,0,1,0,988,5872,
Pochabova M.,1499.8268625929907,1499.826924859098,1499.8268625929907,1499.8268625929907,1499.826924859098,1499.8268625929907,1499.8268625929907,0,1,0,273,5871,
Pous Tio L.,1499.8406009074454,1499.8618027797838,1499.825227119338,1499.8406009074454,1499.8618027797838,1499.825227119338,1499.825227119338,1,20,0,144,5857,0.1332235906446141
Schiechtl T.,1499.8149173632014,1499.8147979290495,1499.8149173632014,1499.8149173632014,1499.8147979290495,1499.8149173632014,1499.8149173632014,0,2,0,399,6221,
Guskova N.,1499.8134563054446,1499.813397710992,1499.813397710992,1499.8134563054446,1499.813397710992,1499.813397710992,1499.813397710992,1,0,0,364,5794,
Schultz McCarthy B.,1499.831262079133,1499.8095999998845,1499.8259512631098,1499.831262079133,1499.8095999998845,1499.8259512631098,1499.8095999998845,4,0,1,215,6732,
Tulyaganova I.,1499.808781226065,1499.8087526102474,1499.8087526102474,1499.808781226065,1499.8087526102474,1499.8087526102474,1499.8087526102474,3,0,0,317,6774,
Lykina K.,1499.8157488593974,1499.808221798439,1499.824702808746,1499.8157488593974,1499.808221798439,1499.824702808746,1499.808221798439,1,0,1,184,6158,
Chakhnashvili M.,1499.8021824382404,1499.8023386999325,1499.8021824382404,1499.8021824382404,1499.8023386999325,1499.8021824382404,1499.8021824382404,0,5,0,207,5941,
Ji C.M.,1499.8016793274387,1499.8016883965304,1499.8016883965304,1499.8016793274387,1499.8016883965304,1499.8016883965304,1499.8016883965304,2,0,0,584,6146,
Llagostera V.,1499.8104443869452,1499.807412330158,1499.796291112432,1499.8104443869452,1499.807412330158,1499.796291112432,1499.796291112432,1,1,0,85,6293,
Wejnert M.,1499.7937927086455,1499.793844545658,1499.793844545658,1499.7937927086455,1499.793844545658,1499.793844545658,1499.793844545658,2,0,0,522,6404,
Vakulenko J.,1499.8967588809999,1499.8622071798195,1499.855905810793,1499.8967588809999,1499.8622071798195,1499.855905810793,1499.78874430442,31,16,4,80,6550,-0.21052547462018228
Ozegovic N.,1499.7987786842139,1499.8308668573284,1499.8327296483753,1499.7987786842139,1499.8308668573284,1499.8327296483753,1499.7849768500093,2,3,2,213,6585,
Torres Sandoval M.,1499.7976029404415,1499.8165760591412,1499.7841367699618,1499.7976029404415,1499.8165760591412,1499.7841367699618,1499.7841367699618,1,3,0,420,6362,
Laine E.,1499.814420633883,1499.8013489381435,1499.781370706542,1499.814420633883,1499.8013489381435,1499.781370706542,1499.781370706542,9,1,0,365,6576,-0.14398322825167703
Gumulya S.,1499.7925644461925,1499.7780632828235,1499.7780632828235,1499.7925644461925,1499.7780632828235,1499.7780632828235,1499.7780632828235,2,0,0,264,6537,
Chen Y.,1499.776282578419,1499.7761511138442,1499.7761511138442,1499.776282578419,1499.7761511138442,1499.7761511138442,1499.7761511138442,2,0,0,614,6165,
Candela E.C.,1499.7755181647713,1499.7755361115042,1499.7755181647713,1499.7755181647713,1499.7755361115042,1499.7755181647713,1499.7755181647713,0,2,0,169,6319,
Gehrlein S.,1499.7709423696015,1499.7710069225132,1499.7710069225132,1499.7709423696015,1499.7710069225132,1499.7710069225132,1499.7710069225132,2,0,0,252,6137,
Washington M.,1499.7842692144334,1499.7738896806873,1499.7643278222617,1499.7842692144334,1499.7738896806873,1499.7643278222617,1499.7643278222617,1,1,0,276,5956,
Nunez Fuentes V.,1499.7637099038766,1499.7637624238955,1499.7637099038766,1499.7637099038766,1499.7637624238955,1499.7637099038766,1499.7637099038766,0,3,0,550,6375,
Solovieva V.,1499.7618518798517,1499.762689357674,1499.762689357674,1499.7618518798517,1499.762689357674,1499.762689357674,1499.762689357674,5,0,0,216,5036,
Stoop G.,1499.7626175058795,1499.7626175058795,1499.762175512313,1499.7626175058795,1499.7626175058795,1499.762175512313,1499.7626175058795,0,0,2,185,6249,
Olaru I.R.,1499.7760637933377,1499.7779527213213,1499.762208025578,1499.7760637933377,1499.7779527213213,1499.762208025578,1499.762208025578,1,1,0,54,6186,
Marosi K.,1499.753899629625,1499.9249886069892,1499.7621478468297,1499.753899629625,1499.9249886069892,1499.7621478468297,1499.7621478468297,1,8,0,458,5136,
Remondina A.,1499.7562603215847,1499.7562603494034,1499.7562603215847,1499.7562603215847,1499.7562603494034,1499.7562603215847,1499.7562603215847,0,1,0,259,5507,
Melander H.,1499.7552211568357,1499.755311706878,1499.7552211568357,1499.7552211568357,1499.755311706878,1499.7552211568357,1499.7552211568357,0,1,0,677,5508,
Albano S.,1499.7527749857747,1499.7530047448256,1499.7527749857747,1499.7527749857747,1499.7530047448256,1499.7527749857747,1499.7527749857747,0,1,0,1014,5501,
Mikadze T.,1499.7514895754503,1499.7514197708974,1499.7514197708974,1499.7514895754503,1499.7514197708974,1499.7514197708974,1499.7514197708974,1,0,0,377,5491,
Scandalis Z.G.,1499.749119372687,1499.7491055034757,1499.7491055034757,1499.749119372687,1499.7491055034757,1499.7491055034757,1499.7491055034757,1,0,0,960,5479,
Piedade F.,1499.747796698281,1499.7478722158878,1499.747796698281,1499.747796698281,1499.7478722158878,1499.747796698281,1499.747796698281,0,3,0,203,6298,
Vierin N.,1499.8021350654512,1499.7458741680775,1499.7456380470694,1499.8021350654512,1499.7458741680775,1499.7456380470694,1499.7456380470694,2,9,0,213,6221,-0.10743822184140861
Mamic S.,1499.7625937258035,1499.781527867879,1499.7411850046296,1499.7625937258035,1499.781527867879,1499.7411850046296,1499.7411850046296,1,6,0,229,6585,
Ungur L.,1499.7407406198838,1499.7407641938453,1499.7407406198838,1499.7407406198838,1499.7407641938453,1499.7407406198838,1499.7407406198838,0,4,0,196,5864,
Nagy K.,1499.7641114364126,1499.7661194728323,1499.7395506718128,1499.7641114364126,1499.7661194728323,1499.7395506718128,1499.7395506718128,1,5,0,182,6600,
Kim S-J.,1499.7368542461595,1499.736784164459,1499.736784164459,1499.7368542461595,1499.736784164459,1499.736784164459,1499.736784164459,1,0,0,316,5430,
Senoglu I.,1499.734059981883,1499.7341951316948,1499.734059981883,1499.734059981883,1499.7341951316948,1499.734059981883,1499.734059981883,0,3,0,942,6215,
Bachmann A.,1499.7253430072165,1499.786363012076,1499.7253770469558,1499.7253430072165,1499.786363012076,1499.7253770469558,1499.7253770469558,4,2,0,175,6661,
Lee Y.R.,1499.720279705146,1499.7221321744983,1499.7221321744983,1499.720279705146,1499.7221321744983,1499.7221321744983,1499.7221321744983,5,0,0,450,4701,
Hunter S.,1497.1512754535577,1494.7358195554043,1497.68263950364,1497.1512754535577,1494.7358195554043,1497.68263950364,1499.721065207526,17,5,1,180,5,0.016089405046769978
Haynes A.,1499.7905144806148,1499.7392505892315,1499.7181210992535,1499.7905144806148,1499.7392505892315,1499.7181210992535,1499.7181210992535,13,1,0,125,6158,-0.012430718253222617
Wannasuk N.,1499.712963752483,1499.7143973576976,1499.7143973576976,1499.712963752483,1499.7143973576976,1499.7143973576976,1499.7143973576976,3,0,0,437,5290,
Sucha M.,1499.830626482165,1499.7605279867935,1499.7418599867328,1499.830626482165,1499.7605279867935,1499.7418599867328,1499.7136013439501,7,5,1,132,6978,-0.2595559558819361
Tvaroskova L.,1499.7081389655798,1499.70821688127,1499.7081389655798,1499.7081389655798,1499.70821688127,1499.7081389655798,1499.7081389655798,0,2,0,417,5857,
Costas L.,1499.7022223498816,1499.7022347196037,1499.7022223498816,1499.7022223498816,1499.7022347196037,1499.7022223498816,1499.7022223498816,0,2,0,238,5647,
Lu Jing-Jing,1499.7299419855667,1499.7001344844964,1499.7001344844964,1499.7299419855667,1499.7001344844964,1499.7001344844964,1499.7001344844964,2,0,0,180,2929,
Castiblanco K.,1499.6987558598976,1499.6987829411617,1499.6987558598976,1499.6987558598976,1499.6987829411617,1499.6987558598976,1499.6987558598976,0,1,0,423,5284,
Ferrer Suarez I,1499.6981705212115,1499.6982113053023,1499.6981705212115,1499.6981705212115,1499.6982113053023,1499.6981705212115,1499.6981705212115,0,1,0,231,5283,
Gerasimou A.,1499.698041906812,1499.6980609525115,1499.6980609525115,1499.698041906812,1499.6980609525115,1499.6980609525115,1499.6980609525115,2,0,0,218,6004,
Hrdinova E.,1499.7169525794095,1499.7649242101102,1499.724966103561,1499.7169525794095,1499.7649242101102,1499.724966103561,1499.6978580899086,2,2,1,303,5863,
Muguruza Blanco G.,1499.892172682455,1499.6896724920025,1499.6930341117463,1499.892172682455,1499.6896724920025,1499.6930341117463,1499.697403952439,3,5,1,112,5164,
Abdala N.,1499.693135186959,1499.69319780846,1499.693135186959,1499.693135186959,1499.69319780846,1499.693135186959,1499.693135186959,0,1,0,542,5268,
Zhou Y.M.,1499.689049818929,1499.6842948999092,1499.6842948999092,1499.689049818929,1499.6842948999092,1499.6842948999092,1499.6842948999092,9,0,0,177,4959,
Bona A.,1499.6841377484736,1499.684233518396,1499.6841377484736,1499.6841377484736,1499.684233518396,1499.6841377484736,1499.6841377484736,0,1,0,240,5227,
Sun S.N.,1499.6840591603604,1499.6840261689572,1499.6840261689572,1499.6840591603604,1499.6840261689572,1499.6840261689572,1499.6840261689572,2,0,0,343,5430,
Barbat K.,1499.682370049686,1499.682370062503,1499.682370062503,1499.682370049686,1499.682370062503,1499.682370062503,1499.682370062503,1,0,0,656,5228,
Thorpe L.,1499.6816060288734,1499.6817194662272,1499.6816060288734,1499.6816060288734,1499.6817194662272,1499.6816060288734,1499.6816060288734,0,1,0,232,5227,
Borsanyi C.,1499.6760863145798,1499.6760003827817,1499.6760863145798,1499.6760863145798,1499.6760003827817,1499.6760863145798,1499.6760863145798,0,1,0,943,5207,
Laisne K.,1499.7018684316188,1499.693458508611,1499.6726385068728,1499.7018684316188,1499.693458508611,1499.6726385068728,1499.6726385068728,1,2,0,312,6278,
Sfar S.,1499.6675495479117,1499.7890618218466,1499.6684568958656,1499.6675495479117,1499.7890618218466,1499.6684568958656,1499.6684568958656,4,4,0,287,6012,
Palkina K.,1499.6673278649369,1499.6669947858295,1499.6669947858295,1499.6673278649369,1499.6669947858295,1499.6669947858295,1499.6669947858295,7,0,0,243,5654,
Elie J.,1499.644525498735,1499.64426630785,1499.64426630785,1499.644525498735,1499.64426630785,1499.64426630785,1499.64426630785,1,0,0,348,5114,
Bondarenko A.,1498.9989460464042,1500.8650626368785,1499.9392532353188,1498.9989460464042,1500.8650626368785,1499.9392532353188,1499.6405818669273,115,69,24,212,5403,-0.3135413275243619
Yonemura T.,1499.638082525641,1499.6380789964726,1499.6380789964726,1499.638082525641,1499.6380789964726,1499.6380789964726,1499.6380789964726,3,0,0,226,5773,
Han S-H.,1499.6360234460838,1499.636439875221,1499.636439875221,1499.6360234460838,1499.636439875221,1499.636439875221,1499.636439875221,1,0,0,264,5066,
Hong H.H.,1499.6271226272581,1499.6268460215103,1499.6268460215103,1499.6271226272581,1499.6268460215103,1499.6268460215103,1499.6268460215103,1,0,0,662,5066,
Buchina Y.,1499.6206027381918,1499.6208989806848,1499.6208989806848,1499.6206027381918,1499.6208989806848,1499.6208989806848,1499.6208989806848,2,0,0,373,5493,
Chan W.Y.,1499.6133180915376,1499.6138340123555,1499.6138340123555,1499.6133180915376,1499.6138340123555,1499.6138340123555,1499.6138340123555,1,0,0,357,4962,
De Lattre M.,1499.6097456230264,1499.6099373835614,1499.6097456230264,1499.6097456230264,1499.6099373835614,1499.6097456230264,1499.6097456230264,0,2,0,386,5578,
Brazhnikova A.,1499.5860739542622,1499.585809660985,1499.5860739542622,1499.5860739542622,1499.585809660985,1499.5860739542622,1499.5860739542622,0,2,0,611,5507,
Zhang Y.,1499.5861095223618,1499.5859760374865,1499.5859760374865,1499.5861095223618,1499.5859760374865,1499.5859760374865,1499.5859760374865,1,0,0,356,4948,
Hofmanova N.,1499.579174453308,1499.57934858519,1499.579174453308,1499.579174453308,1499.57934858519,1499.579174453308,1499.579174453308,0,2,0,317,5498,
Salerni M.E.,1499.6410065150199,1499.7854798209667,1499.575937977991,1499.6410065150199,1499.7854798209667,1499.575937977991,1499.575937977991,6,20,0,486,6279,-0.37735663636433114
Barte H.,1499.5753880219067,1499.5754138337581,1499.5754138337581,1499.5753880219067,1499.5754138337581,1499.5754138337581,1499.5754138337581,2,0,0,959,5486,
Hsu C.Y.,1499.5686921527447,1499.5686921527447,1499.5686921527447,1499.5686921527447,1499.5686921527447,1499.5686921527447,1499.5686921527447,1,0,0,280,4905,
Soler-E. S.,1499.5671896570511,1499.5670239916492,1499.5670239916492,1499.5671896570511,1499.5670239916492,1499.5670239916492,1499.5670239916492,1,0,0,81,4912,
Perez A.,1499.56573700368,1499.565492433951,1499.565492433951,1499.56573700368,1499.565492433951,1499.565492433951,1499.565492433951,1,0,0,260,4906,
Kustova D.,1499.7296253517252,1499.6138221386436,1499.562776187902,1499.7296253517252,1499.6138221386436,1499.562776187902,1499.562776187902,9,4,0,165,5634,-0.0859170919552914
Likhovtseva E.,1499.5997549692595,1499.7115355362207,1499.8104945424075,1499.5997549692595,1499.7115355362207,1499.8104945424075,1499.562065118416,16,6,7,124,6703,-0.07838241313424649
Loit E.,1499.5789682301674,1499.9273614029416,1499.7163973910942,1499.5789682301674,1499.9273614029416,1499.7163973910942,1499.554456569808,25,35,4,117,6279,-0.08335155270241928
Georgatou E.,1499.5533499976068,1499.5531761401385,1499.5531761401385,1499.5533499976068,1499.5531761401385,1499.5531761401385,1499.5531761401385,2,0,0,193,5437,
Moore J.,1499.551379632676,1499.5516369600687,1499.5516369600687,1499.551379632676,1499.5516369600687,1499.5516369600687,1499.5516369600687,12,0,0,139,6382,-0.07505638177804425
Cravero J.,1499.5990291446292,1499.6617836437952,1499.5982941050956,1499.5990291446292,1499.6617836437952,1499.5982941050956,1499.5495200819132,4,3,1,180,6165,
Tu M.,1499.5626116996118,1499.8327856520746,1499.761967919612,1499.5626116996118,1499.8327856520746,1499.761967919612,1499.5492337769747,30,12,5,63,6717,-0.23997545098837003
Ekshibarova V.,1499.538527409762,1499.538514474629,1499.538514474629,1499.538527409762,1499.538514474629,1499.538514474629,1499.538514474629,4,0,0,585,5074,
Roma S.,1499.5279460954728,1499.5279982624959,1499.5279460954728,1499.5279460954728,1499.5279982624959,1499.5279460954728,1499.5279460954728,0,2,0,639,5129,
Harkleroad A.,1499.864044394468,1499.6326583055402,1499.6460286321203,1499.864044394468,1499.6326583055402,1499.6460286321203,1499.5269611187655,29,8,4,72,6584,-0.14611456081908697
Dulko G.,1497.2331090752173,1502.4710896031393,1499.6955175989517,1497.2331090752173,1502.4710896031393,1499.6955175989517,1499.5250527301382,103,88,12,124,5247,-0.2568554233357201
Fuda R.,1499.5191167869561,1499.5195340131856,1499.5195340131856,1499.5191167869561,1499.5195340131856,1499.5195340131856,1499.5195340131856,5,0,0,302,5486,
Perebiynis T.,1499.6318595830594,1499.753565481929,1499.6681207446295,1499.6318595830594,1499.753565481929,1499.6681207446295,1499.517215187933,12,9,5,183,6249,-0.10002365517598816
Jurikova L.,1499.5123656573985,1499.5122563182153,1499.5123656573985,1499.5123656573985,1499.5122563182153,1499.5123656573985,1499.5123656573985,0,3,0,253,5507,
Knoll X.,1499.5121287857544,1499.5118201327339,1499.5121287857544,1499.5121287857544,1499.5118201327339,1499.5121287857544,1499.5121287857544,0,1,0,565,4772,
Solovyeva V.,1499.5115612322813,1499.5115613041191,1499.5115612322813,1499.5115612322813,1499.5115613041191,1499.5115612322813,1499.5115612322813,0,3,0,190,4766,
Gojnea M.,1499.5113921968052,1499.511575016575,1499.5113921968052,1499.5113921968052,1499.511575016575,1499.5113921968052,1499.5113921968052,0,4,0,149,5501,
Tinjic J.,1499.5060137103424,1499.5063833084694,1499.5060137103424,1499.5060137103424,1499.5063833084694,1499.5060137103424,1499.5060137103424,0,1,0,255,4764,
Kremen I.,1499.5058612683674,1499.5055656081452,1499.5055656081452,1499.5058612683674,1499.5055656081452,1499.5055656081452,1499.5055656081452,1,0,0,225,4758,
Bogdan E.,1499.504351008672,1499.500251468295,1499.504351008672,1499.504351008672,1499.500251468295,1499.504351008672,1499.504351008672,0,3,0,527,4176,
Kalashnikova O.,1499.503538748524,1499.5034536973822,1499.5034536973822,1499.503538748524,1499.5034536973822,1499.5034536973822,1499.5034536973822,1,0,0,310,4758,
Kapshay V.,1499.5034740788594,1499.5034302076006,1499.5034302076006,1499.5034740788594,1499.5034302076006,1499.5034302076006,1499.5034302076006,1,0,0,279,4758,
Chan C-W.,1499.5001127931696,1499.5008534213835,1499.5008534213835,1499.5001127931696,1499.5008534213835,1499.5008534213835,1499.5008534213835,1,0,0,334,4702,
Silva N.,1499.6090193862485,1499.5730131583302,1499.5457192571403,1499.6090193862485,1499.5730131583302,1499.5457192571403,1499.4979880338972,3,3,1,151,6159,
Peers S.,1499.4838568789096,1499.4836301621876,1499.4836301621876,1499.4838568789096,1499.4836301621876,1499.4836301621876,1499.4836301621876,7,0,0,151,5675,
Folts A.,1499.477231295016,1499.4770867253417,1499.4770867253417,1499.477231295016,1499.4770867253417,1499.4770867253417,1499.4770867253417,1,0,0,1174,4709,
Sromova H.,1499.5471865523373,1499.6247595416971,1499.5906199717394,1499.5471865523373,1499.6247595416971,1499.5906199717394,1499.473687022756,5,4,2,293,6550,-0.3658769253138302
Grandin N.,1499.4675829328462,1499.4676559641298,1499.4676559641298,1499.4675829328462,1499.4676559641298,1499.4676559641298,1499.4676559641298,3,0,0,764,5480,
Luz B.,1499.4577214559679,1499.4563348273844,1499.4577214559679,1499.4577214559679,1499.4563348273844,1499.4577214559679,1499.4577214559679,0,2,0,531,5207,
Hendler T.,1499.5032496129375,1499.4733237455994,1499.448039375891,1499.5032496129375,1499.4733237455994,1499.448039375891,1499.448039375891,1,2,0,182,5185,
Rampre P.,1499.5353703719597,1499.5174169121806,1499.4422540248263,1499.5353703719597,1499.5174169121806,1499.4422540248263,1499.4422540248263,3,3,0,234,5072,
Pratt N.,1499.6049033194874,1499.6182316615818,1499.564640895857,1499.6049033194874,1499.6182316615818,1499.564640895857,1499.4402660008259,19,8,2,87,6774,-0.023467099873353214
Luzhanska T.,1499.564594160388,1499.4708551537005,1499.438407336598,1499.564594160388,1499.4708551537005,1499.438407336598,1499.438407336598,5,1,0,145,5276,
Kim S.J.,1499.4325245377972,1499.4324231401774,1499.4324231401774,1499.4325245377972,1499.4324231401774,1499.4324231401774,1499.4324231401774,4,0,0,204,5795,
Brodsky G.,1499.429835126583,1499.430180488568,1499.430180488568,1499.429835126583,1499.430180488568,1499.430180488568,1499.430180488568,4,0,0,239,5436,
Weinhold A.,1499.4238529332454,1499.4234788119127,1499.4234788119127,1499.4238529332454,1499.4234788119127,1499.4234788119127,1499.4234788119127,3,0,0,191,5437,
Tang H.C.,1499.4201472065486,1499.4204677222474,1499.4204677222474,1499.4201472065486,1499.4204677222474,1499.4204677222474,1499.4204677222474,1,0,0,487,4584,
Tetreault V.,1499.4196566247224,1499.4201334586298,1499.4201334586298,1499.4196566247224,1499.4201334586298,1499.4201334586298,1499.4201334586298,12,0,0,179,5798,-0.08765909893295842
Bardina V.,1499.6773127931813,1499.573196386536,1499.5290441169109,1499.6773127931813,1499.573196386536,1499.5290441169109,1499.4043242923215,14,6,3,984,6536,-0.33015378056525724
Fedossova Y.,1499.6344890294902,1499.568912167131,1499.4910907839042,1499.6344890294902,1499.568912167131,1499.4910907839042,1499.4036855863733,9,4,2,179,6263,-0.2810561330371897
Rottmann N.,1499.4404829561824,1499.4309780874928,1499.3980114825522,1499.4404829561824,1499.4309780874928,1499.3980114825522,1499.3980114825522,1,1,0,318,5163,
Wienerova L.,1499.5080101868125,1499.5153255243831,1499.3943592567632,1499.5080101868125,1499.5153255243831,1499.3943592567632,1499.3943592567632,5,4,0,184,6011,
Farhad K.,1499.3851480999044,1499.3844923844356,1499.3844923844356,1499.3851480999044,1499.3844923844356,1499.3844923844356,1499.3844923844356,2,0,0,1614,5123,
Barbieri G.,1499.383130264954,1499.3811285946354,1499.383130264954,1499.383130264954,1499.3811285946354,1499.383130264954,1499.383130264954,0,1,0,228,4485,
Adamczak M.,1499.418949900672,1499.5185455012113,1499.3810121171634,1499.418949900672,1499.5185455012113,1499.3810121171634,1499.3810121171634,10,2,0,141,5954,-0.20537384448894241
Cecil M.,1499.460715394067,1499.4566342288326,1499.3791699667408,1499.460715394067,1499.4566342288326,1499.3791699667408,1499.3791699667408,3,2,0,369,5956,
Gagliardi E.,1499.490288181702,1499.5588981962867,1499.4464000828689,1499.490288181702,1499.5588981962867,1499.4464000828689,1499.3759492521256,6,4,1,140,6703,-0.2834905582909628
Hu Y.Y.,1499.3636070131774,1499.3633615961344,1499.3633615961344,1499.3636070131774,1499.3633615961344,1499.3633615961344,1499.3633615961344,2,0,0,297,5066,
Sun S.,1499.3498375945205,1499.350390635418,1499.350390635418,1499.3498375945205,1499.350390635418,1499.350390635418,1499.350390635418,4,0,0,232,5633,
Zander N.,1499.3398628696584,1499.3398670611778,1499.3398628696584,1499.3398628696584,1499.3398670611778,1499.3398628696584,1499.3398628696584,0,1,0,316,4458,
Vrljic A.,1499.2587612807552,1499.5769385864319,1499.3216215033788,1499.2587612807552,1499.5769385864319,1499.3216215033788,1499.3216215033788,4,3,0,224,4492,
Stevenson A.,1499.4899438527555,1499.4436741044306,1499.373502526574,1499.4899438527555,1499.4436741044306,1499.373502526574,1499.3178611693174,3,4,1,240,5536,
Han S.H.,1499.3141921075915,1499.3147450993654,1499.3147450993654,1499.3141921075915,1499.3147450993654,1499.3147450993654,1499.3147450993654,3,0,0,627,4703,
Neuwirth Y.,1499.3081400427823,1499.3081415697336,1499.3081400427823,1499.3081400427823,1499.3081415697336,1499.3081400427823,1499.3081400427823,0,1,0,310,4409,
Floris A.,1499.2990563941362,1499.2996410804537,1499.2990563941362,1499.2990563941362,1499.2996410804537,1499.2990563941362,1499.2990563941362,0,4,0,162,5500,
Iatcenko P.,1498.8557553780165,1499.297791582281,1499.297791582281,1498.8557553780165,1499.297791582281,1499.297791582281,1499.297791582281,2,0,0,181,275,
Gaydarzhi K.,1499.2954868515894,1499.2951620914669,1499.2951620914669,1499.2954868515894,1499.2951620914669,1499.2951620914669,1499.2951620914669,1,0,0,1040,4394,
Jidkova A.,1499.4718715691092,1499.429063765621,1499.28478532949,1499.4718715691092,1499.429063765621,1499.28478532949,1499.28478532949,10,4,0,280,6214,-0.2755691803813598
Jackson J.,1499.3776561280702,1499.3606194289437,1499.4115323804351,1499.3776561280702,1499.3606194289437,1499.4115323804351,1499.2776718861203,9,1,2,271,6550,-0.23464873719626203
Rolle A.,1499.528376813819,1499.378821195547,1499.4329399155054,1499.528376813819,1499.378821195547,1499.4329399155054,1499.2709550559516,16,3,2,271,5556,-0.3030759206452952
Obziler T.,1499.744418138774,1499.421431410118,1499.4189400601972,1499.744418138774,1499.421431410118,1499.4189400601972,1499.2683649266894,21,10,3,179,6375,-0.20261958773268002
Ejdesgaard M.,1499.2650460594366,1499.2645508123455,1499.2645508123455,1499.2650460594366,1499.2645508123455,1499.2645508123455,1499.2645508123455,3,0,0,842,5227,
Mueller A.,1499.25483395925,1499.254956877111,1499.254956877111,1499.25483395925,1499.254956877111,1499.254956877111,1499.254956877111,2,0,0,499,4751,
Yuan M.,1499.5098827830777,1499.3796688427728,1499.3782439739912,1499.5098827830777,1499.3796688427728,1499.3782439739912,1499.248999227731,26,2,2,123,6403,0.04494024585866735
Lalami N.,1499.3058672844259,1499.398141274668,1499.248926984109,1499.3058672844259,1499.398141274668,1499.248926984109,1499.248926984109,1,7,0,503,5213,
Ivanova E.,1499.5801015783557,1499.3973855600916,1499.2464506768017,1499.5801015783557,1499.3973855600916,1499.2464506768017,1499.2464506768017,15,10,0,175,5400,0.01984462263971304
Evtimova D.,1499.2323418802393,1499.2370540712036,1499.2323418802393,1499.2323418802393,1499.2370540712036,1499.2323418802393,1499.2323418802393,0,10,0,273,4765,-0.10246145913904658
Imanishi M.,1499.232043597811,1499.2316789672927,1499.2316789672927,1499.232043597811,1499.2316789672927,1499.2316789672927,1499.2316789672927,1,0,0,211,4317,
Zaniewska S.,1499.395424124708,1499.2647285582816,1499.277678391808,1499.395424124708,1499.2647285582816,1499.277678391808,1499.2231736166293,2,1,1,218,4863,
Holland I.,1499.2146799404504,1499.2148333474734,1499.2148333474734,1499.2146799404504,1499.2148333474734,1499.2148333474734,1499.2148333474734,4,0,0,181,5311,
Spears A.,1499.528177071938,1499.4096746910495,1499.2933605481155,1499.528177071938,1499.4096746910495,1499.2933605481155,1499.204978275436,12,3,2,466,5164,-0.0886282233078381
Sema Y.,1499.1985993990747,1499.198156358896,1499.198156358896,1499.1985993990747,1499.198156358896,1499.198156358896,1499.198156358896,7,0,0,166,5269,
Granville L.,1499.3235967810604,1499.4047510281218,1499.5563898698392,1499.3235967810604,1499.4047510281218,1499.5563898698392,1499.1958835192393,22,4,5,224,6011,-0.28718222386493664
Santangelo M.,1499.482238965717,1499.5078587126811,1499.6802700560843,1499.482238965717,1499.5078587126811,1499.6802700560843,1499.1775551958513,33,19,11,111,6258,-0.1342869135249996
Dzehalevich E.,1499.334672752142,1499.497551683371,1499.2559077589037,1499.334672752142,1499.497551683371,1499.2559077589037,1499.1735785588255,4,10,1,240,5856,-0.1875507735762662
Liebens K.,1499.1544088146588,1499.1541124126604,1499.1541124126604,1499.1544088146588,1499.1541124126604,1499.1541124126604,1499.1541124126604,1,0,0,327,4191,
Molinero F.,1499.2323066435692,1499.1783834508938,1499.151881867701,1499.2323066435692,1499.1783834508938,1499.151881867701,1499.151881867701,1,1,0,184,4499,
Lu J.J.,1499.1516177882663,1499.151113745854,1499.151113745854,1499.1516177882663,1499.151113745854,1499.151113745854,1499.151113745854,6,0,0,201,5430,
Sirotkina M.,1499.1407468122723,1499.1416723315408,1499.1416723315408,1499.1407468122723,1499.1416723315408,1499.1416723315408,1499.1416723315408,2,0,0,116,4869,
Morigami A.,1499.3923696457077,1499.5277992281776,1499.4453392854716,1499.3923696457077,1499.5277992281776,1499.4453392854716,1499.1349869539122,32,10,5,527,6135,-0.09066258393509474
Ani M.,1499.3384656272578,1499.5135572144263,1499.223488600285,1499.3384656272578,1499.5135572144263,1499.223488600285,1499.1247397065977,7,19,1,156,6157,-0.049752623640121785
Fujiwara R.,1499.1937311509237,1499.22094482765,1499.3587218013984,1499.1937311509237,1499.22094482765,1499.3587218013984,1499.1205216777091,6,1,3,188,5479,-0.20467726675942888
Zahlavova Strycova B..,1499.26663065578,1499.5381200229056,1499.3471364318054,1499.26663065578,1499.5381200229056,1499.3471364318054,1499.1185867005765,10,9,3,58,5771,-0.1552465501618025
Schmiedlova K.,1499.11468074847,1499.1136826744753,1499.11468074847,1499.11468074847,1499.1136826744753,1499.11468074847,1499.11468074847,0,1,0,584,4115,
Allgurin E.,1499.0964433026757,1499.095855052771,1499.0964433026757,1499.0964433026757,1499.095855052771,1499.0964433026757,1499.0964433026757,0,3,0,447,4765,
Sun T.T.,1499.379068100487,1499.3926554910797,1499.2692253526666,1499.379068100487,1499.3926554910797,1499.2692253526666,1499.0946925410467,11,8,2,259,6682,-0.17552498803918012
Kostanic Tosic J.,1499.3974437565637,1499.3714861340663,1499.1978388484513,1499.3974437565637,1499.3714861340663,1499.1978388484513,1499.091880757974,13,9,1,871,5816,-0.09256359997284197
Ruano Pascual V.,1499.6048872539736,1499.2381304575529,1499.5755223906801,1499.6048872539736,1499.2381304575529,1499.5755223906801,1499.091038171482,27,21,7,348,5928,-0.07114601414540878
Perez Garcia M.P.,1499.0875234808618,1499.0888861945784,1499.0875234808618,1499.0875234808618,1499.0888861945784,1499.0875234808618,1499.0875234808618,0,1,0,1171,4128,
El Allami Zhara F.,1499.0750500271938,1499.0773423860617,1499.0750500271938,1499.0750500271938,1499.0773423860617,1499.0750500271938,1499.0750500271938,0,4,0,1133,4849,
Olaru R.,1499.0498439397356,1499.0775094854976,1499.1581018065897,1499.0498439397356,1499.0775094854976,1499.1581018065897,1499.0498439397356,0,3,1,887,4408,
Simmonds C.,1499.050068024782,1499.0497273346496,1499.0497273346496,1499.050068024782,1499.0497273346496,1499.0497273346496,1499.0497273346496,2,0,0,165,4723,
Lapushchenkova A.,1499.3525530923348,1499.4704121720476,1499.1454894476858,1499.3525530923348,1499.4704121720476,1499.1454894476858,1499.047731264624,10,11,1,107,5841,0.0972465164619255
Arcangioli M.,1499.045561714459,1499.0469057220396,1499.045561714459,1499.045561714459,1499.0469057220396,1499.045561714459,1499.045561714459,0,1,0,276,4086,
Jugic-Salkic M.,1499.0777663392655,1499.1182531990687,1499.0022526220578,1499.0777663392655,1499.1182531990687,1499.0022526220578,1499.0022526220578,1,3,0,204,4920,
Ianchuk O.,1499.0015018562226,1499.0011414694754,1499.0011414694754,1499.0015018562226,1499.0011414694754,1499.0011414694754,1499.0011414694754,1,0,0,267,4023,
Xu Y-F.,1498.9926894463365,1498.9951270558934,1498.9951270558934,1498.9926894463365,1498.9951270558934,1498.9951270558934,1498.9951270558934,1,0,0,200,3967,
Poutchkova O.,1499.184779388757,1499.457967255029,1499.2419514354347,1499.184779388757,1499.457967255029,1499.2419514354347,1498.994183057421,32,6,3,108,6716,0.05849287714227164
Arefyeva T.,1499.078295849372,1499.0853651192024,1498.9895136482653,1499.078295849372,1499.0853651192024,1498.9895136482653,1498.9895136482653,4,1,0,254,4709,
Korashvili O.,1498.980374156168,1498.978609427868,1498.978609427868,1498.980374156168,1498.978609427868,1498.978609427868,1498.978609427868,1,0,0,565,4021,
Alves C.M.,1498.978029417594,1498.976105879563,1498.976105879563,1498.978029417594,1498.976105879563,1498.976105879563,1498.976105879563,1,0,0,525,4023,
Shaughnessy M.,1498.9425369274852,1499.772874851996,1499.1994078461853,1498.9425369274852,1499.772874851996,1499.1994078461853,1498.970800680211,28,18,2,544,6130,-0.24145923884653062
Lee P.C.,1498.9635530485266,1498.9666662191228,1498.9666662191228,1498.9635530485266,1498.9666662191228,1498.9666662191228,1498.9666662191228,1,0,0,529,3826,
Cohen Aloro S.,1499.0214657714196,1499.7623930691016,1499.0843129159614,1499.0214657714196,1499.7623930691016,1499.0843129159614,1498.9656859848105,18,19,1,188,5652,-0.04534691689611442
Dolonts V.,1498.951931497682,1499.4944478644604,1499.0580498852544,1498.951931497682,1499.4944478644604,1499.0580498852544,1498.9577264662678,6,5,1,168,5278,-0.10378369288259298
Kolar N.,1499.0697023432213,1498.9966881302487,1498.9545074566313,1499.0697023432213,1498.9966881302487,1498.9545074566313,1498.9545074566313,1,3,0,241,4129,
Lukacs V.,1498.938514871386,1498.9394993052906,1498.938514871386,1498.938514871386,1498.9394993052906,1498.938514871386,1498.938514871386,0,3,0,728,4772,
Melichar N.,1498.927182629802,1498.9276226760983,1498.9276226760983,1498.927182629802,1498.9276226760983,1498.9276226760983,1498.9276226760983,1,0,0,635,3967,
Shapatava S.,1499.3264274413186,1498.9954956685517,1498.9214593980535,1499.3264274413186,1498.9954956685517,1498.9214593980535,1498.9214593980535,7,4,0,206,3595,-0.07287200693588541
Kloesel S.,1499.3116849256585,1499.1723417684875,1499.0414431327836,1499.3116849256585,1499.1723417684875,1499.0414431327836,1498.9131331216408,8,13,1,791,6222,-0.19450923366380432
Ramialison I.,1498.9027838223983,1498.9016189740526,1498.9016189740526,1498.9027838223983,1498.9016189740526,1498.9016189740526,1498.9016189740526,1,0,0,293,3947,
Zheng J.,1499.401895408937,1498.110884422567,1500.7359727193232,1499.401895408937,1498.110884422567,1500.7359727193232,1498.8947711482908,178,57,37,100,4212,-0.10774993736917249
Bammer S.,1499.7266141438854,1499.6602644477732,1499.206315577046,1499.7266141438854,1499.6602644477732,1499.206315577046,1498.8575065926634,136,48,16,148,5498,-0.1872285949775649
Schruff J.,1499.290307816443,1499.2689382093577,1498.9882217567767,1499.290307816443,1499.2689382093577,1498.9882217567767,1498.8523086913967,14,22,1,235,5850,-0.13571082028458648
Wolfe J.,1498.8262067669134,1498.8262214503955,1498.8262214503955,1498.8262067669134,1498.8262214503955,1498.8262214503955,1498.8262214503955,1,0,0,110,3856,
Klepac A.,1499.0372686719013,1499.4497442484908,1499.0857989455967,1499.0372686719013,1499.4497442484908,1499.0857989455967,1498.8246309545552,16,18,2,500,5858,-0.28706890844565247
Manasieva V.,1499.1427559504648,1499.0134854257371,1498.9552654102893,1499.1427559504648,1499.0134854257371,1498.9552654102893,1498.8232167640786,19,2,1,115,5611,-0.10530205602947151
Aksu A.,1499.2575943640336,1497.8374190441018,1498.8231665159972,1499.2575943640336,1497.8374190441018,1498.8231665159972,1498.8231665159972,2,4,0,216,11,
Lee Y-H.,1498.795847458107,1498.7958590568574,1498.7958590568574,1498.795847458107,1498.7958590568574,1498.7958590568574,1498.7958590568574,1,0,0,218,3827,
Okuno A.,1498.7830887227522,1498.7812701141738,1498.7812701141738,1498.7830887227522,1498.7812701141738,1498.7812701141738,1498.7812701141738,1,0,0,288,3827,
Garcia Vidagany B.,1499.0499901057497,1498.7963000667037,1498.7792650385006,1499.0499901057497,1498.7963000667037,1498.7792650385006,1498.7792650385006,2,14,0,186,4408,-0.14095741128299627
Hsu C.W.,1498.7736796460074,1498.7706832594115,1498.7706832594115,1498.7736796460074,1498.7706832594115,1498.7706832594115,1498.7706832594115,1,0,0,327,3828,
Dechy N.,1499.3158668872793,1499.2793016282142,1499.3746983769656,1499.3158668872793,1499.2793016282142,1499.3746983769656,1498.770193119147,43,17,11,77,6250,-0.2944311399226446
Bhamidipaty S.R.,1498.9606496029978,1498.750687563229,1498.750687563229,1498.9606496029978,1498.750687563229,1498.750687563229,1498.750687563229,2,0,0,434,276,
Pelletier M.E.,1498.8114257798625,1498.891407638172,1498.7491501585707,1498.8114257798625,1498.891407638172,1498.7491501585707,1498.7491501585707,8,1,0,206,5073,
Pareja J.,1494.9409361647222,1510.7140531540854,1498.7450196014663,1494.9409361647222,1510.7140531540854,1498.7450196014663,1498.7450196014663,2,6,0,308,5,
Reix S.,1498.750856075143,1499.0190074166112,1498.7441473436925,1498.750856075143,1499.0190074166112,1498.7441473436925,1498.7441473436925,1,2,0,233,3763,
Yan Z.,1499.2433174640826,1499.256025244179,1499.059192004091,1499.2433174640826,1499.256025244179,1499.059192004091,1498.7439294276937,29,11,3,400,6003,-0.25965317794028664
Vaidisova N.,1498.7968948741525,1499.350354139806,1499.9185723363037,1498.7968948741525,1499.350354139806,1499.9185723363037,1498.7432318037513,67,15,18,270,3946,-0.21509025928811737
Sugiyama A.,1499.168058369823,1499.3002785477684,1499.5207670129173,1499.168058369823,1499.3002785477684,1499.5207670129173,1498.738095993151,72,18,13,71,6180,-0.0017073040626098268
Shoshyna A.,1498.7217228930012,1498.7226794517967,1498.7217228930012,1498.7217228930012,1498.7226794517967,1498.7217228930012,1498.7217228930012,0,1,0,707,3771,
Sanchez O.,1499.0853241444013,1498.971822289559,1498.715628919466,1499.0853241444013,1498.971822289559,1498.715628919466,1498.715628919466,5,13,0,152,5551,-0.21688635909080475
Altick F.,1498.7073353393682,1498.7090262527074,1498.7073353393682,1498.7073353393682,1498.7090262527074,1498.7073353393682,1498.7073353393682,0,1,0,924,3772,
Pavlovic I.,1498.856666207372,1498.9513068957863,1498.701080519352,1498.856666207372,1498.9513068957863,1498.701080519352,1498.701080519352,2,5,0,175,4816,
Klaffner M.,1498.876423371446,1499.0172233297762,1498.693959003837,1498.876423371446,1499.0172233297762,1498.693959003837,1498.693959003837,3,6,0,184,4680,
Black T.A.,1498.761961329212,1498.773605651721,1498.6858638247922,1498.761961329212,1498.773605651721,1498.6858638247922,1498.6858638247922,1,1,0,718,4387,
Giovine C.,1498.6839642355058,1498.6848706026553,1498.6839642355058,1498.6839642355058,1498.6848706026553,1498.6839642355058,1498.6839642355058,0,1,0,423,3736,
Gonzalez M.,1499.1959276501943,1498.632426602951,1498.6735770211199,1499.1959276501943,1498.632426602951,1498.6735770211199,1498.6735770211199,4,2,0,146,3622,
Antonitsch M.,1498.6644233388163,1498.6642188904907,1498.6644233388163,1498.6644233388163,1498.6642188904907,1498.6644233388163,1498.6644233388163,0,1,0,980,3731,
Fridman O.,1498.662909139122,1498.6674220004998,1498.662909139122,1498.662909139122,1498.6674220004998,1498.662909139122,1498.662909139122,0,1,0,242,3730,
Sprem K.,1499.3009442921878,1499.2348915323082,1499.1428025438045,1499.3009442921878,1499.2348915323082,1499.1428025438045,1498.6557409063998,18,28,6,95,5676,-0.09859908757830882
Poutchek T.,1498.9276524053544,1499.19230257255,1499.1647379525675,1498.9276524053544,1499.19230257255,1499.1647379525675,1498.6531792607323,17,8,5,320,5941,-0.13725708227972744
Pin C.,1499.4316938225352,1499.134270143577,1499.3031161030058,1499.4316938225352,1499.134270143577,1499.3031161030058,1498.6454755005925,50,22,8,128,6179,-0.16271811532343766
Gullickson C.,1498.9724289818846,1498.9358193299095,1498.7956535124663,1498.9724289818846,1498.9358193299095,1498.7956535124663,1498.6405893584374,7,4,1,277,5814,-0.3802042066593249
Vogt S.,1498.6324488908856,1498.6404610796803,1498.6324488908856,1498.6324488908856,1498.6404610796803,1498.6324488908856,1498.6324488908856,0,1,0,218,3730,
Muller M.,1498.9548223571528,1499.4931453997629,1498.928527026172,1498.9548223571528,1499.4931453997629,1498.928527026172,1498.6294974061143,25,34,2,178,6555,-0.12511290594724978
Molik A.,1499.35224219186,1499.0625108881754,1499.2255154304148,1499.35224219186,1499.0625108881754,1499.2255154304148,1498.6011077546602,49,9,8,134,5673,-0.0557477434117018
Wongteanchai Vara.,1498.5935447451411,1498.5996239878239,1498.5996239878239,1498.5935447451411,1498.5996239878239,1498.5996239878239,1498.5996239878239,1,0,0,317,3603,
Christie F.,1498.5910001150623,1498.5910001150623,1498.598046658269,1498.5910001150623,1498.5910001150623,1498.598046658269,1498.5910001150623,0,0,1,314,3709,
Capurro Taborda M.,1498.5847279715094,1498.5858570379476,1498.5858570379476,1498.5847279715094,1498.5858570379476,1498.5858570379476,1498.5858570379476,1,0,0,699,3653,
Lu Jia Jing,1498.5793424870933,1498.5789023420512,1498.5789023420512,1498.5793424870933,1498.5789023420512,1498.5789023420512,1498.5789023420512,1,0,0,271,3652,
Ng K.Y.,1498.5643227711541,1498.5675744787216,1498.5675744787216,1498.5643227711541,1498.5675744787216,1498.5675744787216,1498.5675744787216,1,0,0,1127,3603,
Moser L.M.,1498.6424346638632,1498.8842136733153,1498.5582119795197,1498.6424346638632,1498.8842136733153,1498.5582119795197,1498.5582119795197,1,5,0,395,4317,
Naydenova A.,1498.555640406812,1498.55366383887,1498.55366383887,1498.555640406812,1498.55366383887,1498.55366383887,1498.55366383887,1,0,0,276,3653,
Honcova M.,1498.5509734389955,1498.55404569508,1498.5509734389955,1498.5509734389955,1498.55404569508,1498.5509734389955,1498.5509734389955,0,3,0,260,4765,
Bremond I.,1498.67204365313,1498.8744412592569,1498.5275863827499,1498.67204365313,1498.8744412592569,1498.5275863827499,1498.5275863827499,6,3,0,131,5227,
Lertpitaksinchai N.,1498.5259635635957,1498.5244497997312,1498.5244497997312,1498.5259635635957,1498.5244497997312,1498.5244497997312,1498.5244497997312,8,0,0,418,3651,
Bobusic B.,1498.5041289396077,1498.5071901726565,1498.5071901726565,1498.5041289396077,1498.5071901726565,1498.5071901726565,1498.5071901726565,4,0,0,307,4948,
Kamenskaya V.,1498.4949069033594,1498.460365688596,1498.4949069033594,1498.4949069033594,1498.460365688596,1498.4949069033594,1498.4949069033594,0,1,0,210,3385,
Umarova K.,1498.4793071159067,1498.4774421954746,1498.4774421954746,1498.4793071159067,1498.4774421954746,1498.4774421954746,1498.4774421954746,1,0,0,814,3597,
Perry S.,1498.7918652136464,1499.0421144715735,1499.0793975280549,1498.7918652136464,1499.0421144715735,1499.0793975280549,1498.4657590142444,14,7,5,143,5801,-0.09402031624451135
Atik R.,1498.437946988158,1498.4389012680037,1498.437946988158,1498.437946988158,1498.4389012680037,1498.437946988158,1498.437946988158,0,2,0,1149,4114,
Kutuzova V.,1498.7350101265754,1499.3159721784305,1498.8160091025925,1498.7350101265754,1499.3159721784305,1498.8160091025925,1498.4224904863813,9,16,3,208,5550,-0.22241040322094904
Luangnam N.,1498.4181525622407,1498.417136084705,1498.417136084705,1498.4181525622407,1498.417136084705,1498.417136084705,1498.417136084705,11,0,0,209,4903,-0.1817644624084892
Ditty J.,1499.0722669354532,1499.0403908629232,1498.7964693136648,1499.0722669354532,1499.0403908629232,1498.7964693136648,1498.4042090934342,23,10,3,278,5648,0.004135279168456352
Osterloh L.,1499.1081753926703,1498.9035128432351,1498.997033031096,1499.1081753926703,1498.9035128432351,1498.997033031096,1498.4003025294282,30,8,5,196,5774,-0.07083329917414821
Fedak Y.,1498.7147600368337,1499.0074350785703,1498.8557584609366,1498.7147600368337,1499.0074350785703,1498.8557584609366,1498.33990787011,20,11,3,232,5794,-0.3134890621295333
Garbin T.,1499.0240495979572,1499.4651043262181,1498.9922359294228,1499.0240495979572,1499.4651043262181,1498.9922359294228,1498.29719605945,59,53,8,86,5676,-0.1724839945188611
Grymalska A.,1498.2738609674188,1498.2748116663947,1498.2738609674188,1498.2738609674188,1498.2748116663947,1498.2738609674188,1498.2738609674188,0,4,0,222,4485,
Herazo Gonzalez M.,1498.2710302365147,1498.3444961702135,1498.2710302365147,1498.2710302365147,1498.3444961702135,1498.2710302365147,1498.2710302365147,0,4,0,443,3033,
South M.,1498.8801364404471,1498.4664583351246,1498.628773221883,1498.8801364404471,1498.4664583351246,1498.628773221883,1498.2641356491342,6,1,18,523,4801,-0.1584843027414089
Pervak K.,1500.4224406997703,1497.7872410060663,1499.0790740926273,1500.4224406997703,1497.7872410060663,1499.0790740926273,1498.2547747918095,76,25,8,136,4343,-0.13432692645937383
Bovina E.,1498.4577964280688,1498.691107409657,1498.4484507154777,1498.4577964280688,1498.691107409657,1498.4484507154777,1498.2353556090764,19,3,1,360,5437,-0.22529475001059476
El Tabakh H.,1498.4234627047815,1498.5013806859263,1498.2151358678682,1498.4234627047815,1498.5013806859263,1498.2151358678682,1498.2151358678682,5,2,0,163,4919,
Kratzer A.,1498.139886829233,1498.209945699574,1498.209945699574,1498.139886829233,1498.209945699574,1498.209945699574,1498.209945699574,3,0,0,251,2923,
Jones S.,1498.3659167760432,1498.6256887478012,1498.1829712656076,1498.3659167760432,1498.6256887478012,1498.1829712656076,1498.1829712656076,8,3,0,183,4948,-0.18971190600593552
Bremond S.,1499.0917736291626,1499.0100655065958,1498.8683763122822,1499.0917736291626,1499.0100655065958,1498.8683763122822,1498.1773648608994,32,13,8,161,6164,-0.12569413352383269
Zec Peskiric M.,1498.6443645639642,1498.598429089076,1498.3674860185797,1498.6443645639642,1498.598429089076,1498.3674860185797,1498.1514600551634,4,19,1,156,5647,-0.24916409665223507
Kang J.,1498.1405352396189,1498.1409609862478,1498.1409609862478,1498.1405352396189,1498.1409609862478,1498.1409609862478,1498.1409609862478,1,0,0,378,3295,
Olaru I.,1498.9569495711557,1499.101346010431,1498.8811619736098,1498.9569495711557,1499.101346010431,1498.8811619736098,1498.1400721410673,40,38,6,121,5856,-0.04858383872548083
Koryttseva M.,1499.104082117158,1498.8432454660913,1498.8671940489048,1499.104082117158,1498.8432454660913,1498.8671940489048,1498.1107113926541,33,44,7,138,5430,0.053078390396463615
Lee S.R.,1498.104647876432,1498.1051628944833,1498.1051628944833,1498.104647876432,1498.1051628944833,1498.1051628944833,1498.1051628944833,2,0,0,435,3604,
Kremer A.,1498.4135737733136,1498.9138809149217,1498.4977980235885,1498.4135737733136,1498.9138809149217,1498.4977980235885,1498.1028737825977,28,7,2,215,5403,-0.07202234411364711
Albanese L.,1498.1709023481385,1498.3157042606815,1498.0966487955284,1498.1709023481385,1498.3157042606815,1498.0966487955284,1498.0966487955284,5,1,0,277,3666,
Melzer I.,1498.2191970528236,1498.1903481537763,1498.0526874397963,1498.2191970528236,1498.1903481537763,1498.0526874397963,1498.0526874397963,1,2,0,56,4450,
Date-Krumm K.,1498.7101165352778,1498.3866289305113,1498.0523397463094,1498.7101165352778,1498.3866289305113,1498.0523397463094,1498.0523397463094,10,5,0,56,5550,-0.08336736350081275
Rueffer L.,1498.036104587086,1498.0429987595185,1498.036104587086,1498.036104587086,1498.0429987595185,1498.036104587086,1498.036104587086,0,1,0,781,3358,
Monova P.,1498.0279793518857,1498.0350926678134,1498.0350926678134,1498.0279793518857,1498.0350926678134,1498.0350926678134,1498.0350926678134,1,0,0,186,3211,
Burnett N.,1498.82535350669,1498.2677362693341,1498.0304557328268,1498.82535350669,1498.2677362693341,1498.0304557328268,1498.0304557328268,7,13,0,741,4101,0.0620785328470726
Pous-Tio L.,1498.0268244501003,1500.0106386165069,1498.2990618630802,1498.0268244501003,1500.0106386165069,1498.2990618630802,1497.979704699226,9,30,2,131,5121,-0.11266165991116128
Kucova Z.,1498.125511682821,1498.8975799661514,1498.181439183599,1498.125511682821,1498.8975799661514,1498.181439183599,1497.945950937418,10,7,1,197,5409,0.0016882113042810953
Ferguson S.,1498.1478843905668,1498.723891948477,1498.1637906408457,1498.1478843905668,1498.723891948477,1498.1637906408457,1497.9255143629318,15,5,1,123,5675,-0.12606073472677642
Robillard-Millette C.,1497.9218879955358,1497.9219560310567,1497.9219560310567,1497.9218879955358,1497.9219560310567,1497.9219560310567,1497.9219560310567,1,0,0,637,3247,
Minor B.,1497.907334378758,1497.9055834544895,1497.9055834544895,1497.907334378758,1497.9055834544895,1497.9055834544895,1497.9055834544895,1,0,0,958,3259,
Patterson T.,1497.8824264366156,1497.9016248493997,1497.9016248493997,1497.8824264366156,1497.9016248493997,1497.9016248493997,1497.9016248493997,2,0,0,459,3848,
Guarachi A.,1497.8829967974657,1497.8816306931194,1497.8816306931194,1497.8829967974657,1497.8816306931194,1497.8816306931194,1497.8816306931194,1,0,0,415,3218,
Date K.,1497.815413464075,1497.8112674834645,1497.8112674834645,1497.815413464075,1497.8112674834645,1497.8112674834645,1497.8112674834645,1,0,0,1191,3246,
Nakamura A.,1498.1860652159166,1498.6872544073085,1498.969752440131,1498.1860652159166,1498.6872544073085,1498.969752440131,1497.8020240929864,42,6,9,221,5409,-0.2619101991702928
Rodionova A.,1498.3912372066281,1498.9429223679615,1498.543267541133,1498.3912372066281,1498.9429223679615,1498.543267541133,1497.7942609388897,46,16,4,62,5648,0.06319003844203447
Leme Da Silva N.V.,1497.8822796161433,1497.786127477419,1497.786127477419,1497.8822796161433,1497.786127477419,1497.786127477419,1497.786127477419,2,0,0,1206,326,
Castano C.,1498.7432949431166,1498.7642022689738,1498.2427686640856,1498.7432949431166,1498.7642022689738,1498.2427686640856,1497.7823492198427,28,38,2,189,4904,-0.018025289386482513
Dentoni C.,1498.3667134413101,1498.2229019645165,1497.7791313130476,1498.3667134413101,1498.2229019645165,1497.7791313130476,1497.7791313130476,4,19,0,196,4771,-0.13602569681535387
Hermoso X.,1498.0004631593538,1498.3412141939068,1497.763910839184,1498.0004631593538,1498.3412141939068,1497.763910839184,1497.763910839184,4,4,0,454,4506,
Webley-Smith E.,1497.8326442062148,1497.7232249497563,1498.123142637497,1497.8326442062148,1497.7232249497563,1498.123142637497,1497.7232249497563,2,0,2,539,3653,
Mirza S.,1498.8036995635705,1498.8445512000203,1499.1165295185147,1498.8036995635705,1498.8445512000203,1499.1165295185147,1497.7105102348687,104,17,22,192,5185,-0.0757318638572449
De Los Rios R.,1498.8608252545455,1498.3790514643745,1498.4402326753989,1498.8608252545455,1498.3790514643745,1498.4402326753989,1497.6941915744537,15,34,4,123,5844,0.0024549872715680654
Dinu C.,1497.6882929906617,1497.6937740455398,1497.6882929906617,1497.6882929906617,1497.6937740455398,1497.6882929906617,1497.6882929906617,0,4,0,217,3729,
Wang Xiyu,1497.6762591848567,1497.667621638162,1497.667621638162,1497.6762591848567,1497.667621638162,1497.667621638162,1497.667621638162,1,0,0,587,3135,
Bychkova E.,1498.3416038098087,1498.645439294863,1498.28990818703,1498.3416038098087,1498.645439294863,1498.28990818703,1497.6449701022098,33,10,3,211,4918,0.06076583241593897
Dokic J.,1498.3685803703802,1498.4014832516855,1498.7824182482414,1498.3685803703802,1498.4014832516855,1498.7824182482414,1497.6382985084513,45,9,6,119,5248,-0.13782584320244134
Lu J.J,1497.6717270489048,1497.6090552900152,1497.6090552900152,1497.6717270489048,1497.6090552900152,1497.6090552900152,1497.6090552900152,5,0,0,275,3217,
Arruabarrena-Vecino L.,1498.2721944958369,1498.911320068709,1497.8331582311362,1498.2721944958369,1498.911320068709,1497.8331582311362,1497.5927339129596,15,18,1,102,4584,-0.1256087983761915
Ce G.,1498.1548601342797,1498.1063500942373,1497.5852781883536,1498.1548601342797,1498.1063500942373,1497.5852781883536,1497.5852781883536,5,5,0,292,2566,-0.09721447492967428
Cabeza-Candela E.,1498.4990401504501,1498.6123500475062,1497.798805476525,1498.4990401504501,1498.6123500475062,1497.798805476525,1497.5529770336602,9,40,1,329,4184,-0.11407835924712056
Wongteanchai V.,1497.497276801993,1497.5499892607866,1497.5499892607866,1497.497276801993,1497.5499892607866,1497.5499892607866,1497.5499892607866,5,0,0,279,3240,
Burdette M.,1498.076642854362,1498.5345205433678,1497.7921285551004,1498.076642854362,1498.5345205433678,1497.7921285551004,1497.5456834675874,13,7,1,122,4710,-0.21621606338259156
Lu Jing Jing,1497.5170158230542,1497.5248556702988,1497.5248556702988,1497.5170158230542,1497.5248556702988,1497.5248556702988,1497.5248556702988,3,0,0,162,3106,
Ahn K.H.,1497.4569169813765,1497.4835372861799,1497.4835372861799,1497.4569169813765,1497.4835372861799,1497.4835372861799,1497.4835372861799,2,0,0,160,2925,
O'Brien K.,1498.5909393072225,1498.4361018156696,1498.3221723736215,1498.5909393072225,1498.4361018156696,1498.3221723736215,1497.4332083656745,16,8,9,215,5522,-0.1845835910112312
Cako J.,1497.4079326879203,1497.4143461871543,1497.4143461871543,1497.4079326879203,1497.4143461871543,1497.4143461871543,1497.4143461871543,3,0,0,273,2932,
Sanchez M.,1497.5506796275022,1497.3414226162633,1498.1337903874105,1497.5506796275022,1497.3414226162633,1498.1337903874105,1497.3414226162633,7,0,4,182,4072,-0.057870347133956945
Aoyama S.,1497.4246811000066,1497.3370306096058,1497.6402759829111,1497.4246811000066,1497.3370306096058,1497.6402759829111,1497.3370306096058,4,0,1,335,3219,
Llagostera Vives N.,1498.114251992662,1499.0709391285495,1498.0117691037995,1498.114251992662,1499.0709391285495,1498.0117691037995,1497.3206694958403,23,54,3,133,5430,0.019039888179136655
Meusburger Y.,1496.0006240522332,1501.4834622501066,1498.4188898133407,1496.0006240522332,1501.4834622501066,1498.4188898133407,1497.317417061151,55,69,9,93,4212,-0.11917728340082923
Pous-T L.,1497.4505930266264,1497.4689831571482,1497.2893404346396,1497.4505930266264,1497.4689831571482,1497.2893404346396,1497.2893404346396,1,1,0,242,3653,
Wallace I.,1497.2597128461925,1497.2617514260269,1497.2597128461925,1497.2597128461925,1497.2617514260269,1497.2597128461925,1497.2597128461925,0,1,0,245,2987,
Feuerstein C.,1497.9551466840926,1497.8020457736163,1497.2480086538424,1497.9551466840926,1497.8020457736163,1497.2480086538424,1497.2480086538424,4,14,0,428,3670,-0.02070204591503827
Rosca A.,1497.1702141091776,1497.1755658329243,1497.1702141091776,1497.1702141091776,1497.1755658329243,1497.1702141091776,1497.1702141091776,0,1,0,260,2938,
Alves M.F.,1497.1468404805157,1497.1427017609478,1497.1427017609478,1497.1468404805157,1497.1427017609478,1497.1427017609478,1497.1427017609478,3,0,0,969,3654,
Ondraskova Z.,1498.2450844725677,1498.1234467226166,1497.8659420483532,1498.2450844725677,1498.1234467226166,1497.8659420483532,1497.1168168200184,12,15,3,1423,5163,-0.27277576538301707
Okalova M.,1497.155267325376,1497.090146347659,1497.090146347659,1497.155267325376,1497.090146347659,1497.090146347659,1497.090146347659,2,0,0,464,326,
Dolonc V.,1498.018735708833,1497.487247306786,1498.4918565809685,1498.018735708833,1497.487247306786,1498.4918565809685,1497.0724052684643,19,3,6,145,4346,0.03808637988135227
Domachowska M.,1498.776571192761,1497.8610740952777,1498.2253533373496,1498.776571192761,1497.8610740952777,1498.2253533373496,1497.0439701404307,35,24,5,299,4821,-0.301151313118006
Marand S.,1497.31732637441,1497.2528736849656,1497.0423474162455,1497.31732637441,1497.2528736849656,1497.0423474162455,1497.0423474162455,2,1,0,341,3764,
Krajicek M.,1498.6112578152452,1498.5526961329228,1498.84903397246,1498.6112578152452,1498.5526961329228,1498.84903397246,1497.0270466316751,64,28,25,403,4071,-0.09329645618083504
Groenefeld A.L.,1498.2260335111694,1498.767177753807,1498.0394225468872,1498.2260335111694,1498.767177753807,1498.0394225468872,1497.0174831379932,49,35,5,212,5556,-0.3368537792513374
Hourigan P.M.,1496.9796508916625,1497.0133836982675,1497.0133836982675,1496.9796508916625,1497.0133836982675,1497.0133836982675,1497.0133836982675,1,0,0,447,2399,
Tanasugarn T.,1497.6092662150313,1498.3103332137407,1499.7031242255307,1497.6092662150313,1498.3103332137407,1499.7031242255307,1496.952860307787,82,15,31,248,4191,-0.16806115666739824
Woerle K.,1497.7978150237673,1497.7813199921238,1496.9209118860852,1497.7978150237673,1497.7813199921238,1496.9209118860852,1496.9209118860852,13,7,0,220,5163,-0.20655214027878574
Siskova A.,1495.0495634206993,1506.6955941475753,1496.8890610716287,1495.0495634206993,1506.6955941475753,1496.8890610716287,1496.8890610716287,1,5,0,255,181,
Teichmann J.B.,1497.6079614820565,1496.5406625895157,1496.8451262478545,1497.6079614820565,1496.5406625895157,1496.8451262478545,1496.8451262478545,2,6,0,137,3076,
Choi J.H.,1496.8134024948015,1496.8010629983291,1496.8010629983291,1496.8134024948015,1496.8010629983291,1496.8010629983291,1496.8010629983291,1,0,0,502,2876,
Bai A.,1496.7535877147845,1496.7567565263898,1496.7567565263898,1496.7535877147845,1496.7567565263898,1496.7567565263898,1496.7567565263898,1,0,0,380,2763,
Birnerova E.,1498.3570031409097,1497.2819417033475,1498.2141923584045,1498.3570031409097,1497.2819417033475,1498.2141923584045,1496.6818510274,24,22,5,115,4710,-0.051157732708526193
Lertcheewakarn N.,1497.2220143354925,1496.6800347978049,1497.4528885314257,1497.2220143354925,1496.6800347978049,1497.4528885314257,1496.6800347978049,19,0,3,174,5136,-0.20758614250858418
Dunne K.,1496.6010581431835,1496.6010581431835,1496.5490515453332,1496.6010581431835,1496.6010581431835,1496.5490515453332,1496.6010581431835,0,0,2,212,2952,
Pous-T. L.,1496.5902045436178,1496.5833047734234,1496.5833047734234,1496.5902045436178,1496.5833047734234,1496.5833047734234,1496.5833047734234,3,0,0,185,3827,
Candiotto A.,1496.9347298661214,1496.5814913131965,1496.5814913131965,1496.9347298661214,1496.5814913131965,1496.5814913131965,1496.5814913131965,2,0,0,593,325,
Schmiedlova A.K.,1496.520512769911,1496.564860797303,1496.564860797303,1496.520512769911,1496.564860797303,1496.564860797303,1496.564860797303,1,0,0,203,2385,
De Vroome I.,1497.2679929696526,1496.906793838673,1496.82530387097,1497.2679929696526,1496.906793838673,1496.82530387097,1496.560327249001,4,1,1,262,3709,
Celik S.,1496.8647927590462,1496.7946666553041,1496.5599264688137,1496.8647927590462,1496.7946666553041,1496.5599264688137,1496.5599264688137,1,2,0,153,3667,
Majeric T.,1497.5420316736204,1497.0806602284842,1496.5214819957966,1497.5420316736204,1497.0806602284842,1496.5214819957966,1496.5214819957966,12,3,0,134,4490,-0.1320345619112619
Rezai A.,1496.9279661414337,1499.529343584814,1498.9644663577637,1496.9279661414337,1499.529343584814,1498.9644663577637,1496.4189272220437,97,75,23,185,4813,-0.19200837849329197
Osaka M.,1496.3902074781654,1496.390547814153,1496.390547814153,1496.3902074781654,1496.390547814153,1496.390547814153,1496.390547814153,1,0,0,338,2691,
Gamiz A.,1496.6840468226076,1496.652454564697,1496.3535950955636,1496.6840468226076,1496.652454564697,1496.3535950955636,1496.3535950955636,1,3,0,252,2996,
Lewis J.,1496.3017834295863,1496.3146307995391,1496.3146307995391,1496.3017834295863,1496.3146307995391,1496.3146307995391,1496.3146307995391,2,0,0,1051,3134,
Pfizenmaier D.,1497.240269433886,1497.9004765365785,1496.6573991783425,1497.240269433886,1497.9004765365785,1496.6573991783425,1496.2776178846243,5,29,1,145,4086,0.08020858904303702
Avdeeva J.,1496.2751967877177,1495.67189387792,1496.2751967877177,1496.2751967877177,1495.67189387792,1496.2751967877177,1496.2751967877177,0,1,0,208,797,
Pervushina O.,1496.2141682532692,1496.2136462572116,1496.2136462572116,1496.2141682532692,1496.2136462572116,1496.2136462572116,1496.2136462572116,2,0,0,549,3212,
Knapp K.,1494.8748405242327,1503.108872581595,1496.4296265291741,1494.8748405242327,1503.108872581595,1496.4296265291741,1496.205059451692,98,95,11,130,3624,-0.06276271770579755
Burger C.,1496.4562593401774,1497.6448783818678,1496.2033834302931,1496.4562593401774,1497.6448783818678,1496.2033834302931,1496.2033834302931,2,7,0,171,3398,
Cohen J.,1497.5104850184373,1497.1431575346378,1496.1852871796054,1497.5104850184373,1497.1431575346378,1496.1852871796054,1496.1852871796054,12,9,0,145,4758,-0.12283177032913173
Lizarazo Y.,1496.1760882029114,1496.4367136822489,1496.1760882029114,1496.1760882029114,1496.4367136822489,1496.1760882029114,1496.1760882029114,0,8,0,537,1579,
Marcinkevica D.,1496.133870747149,1496.0466600499954,1496.133870747149,1496.133870747149,1496.0466600499954,1496.133870747149,1496.133870747149,0,4,0,223,2565,
Lamens S.,1488.2935185949752,1496.0739171381056,1481.121963857618,1488.2935185949752,1496.0739171381056,1481.121963857618,1496.1172578262037,40,15,11,134,47,-0.31426484558718837
Camerin M.E.,1498.4364155991698,1498.4614267708757,1497.3817620064547,1498.4364155991698,1498.4614267708757,1497.3817620064547,1496.0942499225548,44,36,10,174,4786,0.13694008840364846
Albie A.,1496.0646151436158,1496.0735204290504,1496.0646151436158,1496.0646151436158,1496.0735204290504,1496.0646151436158,1496.0646151436158,0,1,0,289,2624,
Yang Zha.,1495.876390552708,1495.9351700046736,1495.9351700046736,1495.876390552708,1495.9351700046736,1495.9351700046736,1495.9351700046736,1,0,0,789,2033,
Ito A.,1500.2579950432278,1495.9235584594362,1490.308484769174,1500.2579950432278,1495.9235584594362,1490.308484769174,1495.9235584594362,16,0,2,246,19,0.05385680497751272
Babel O.,1495.9197977240694,1495.6728143022624,1495.9197977240694,1495.9197977240694,1495.6728143022624,1495.9197977240694,1495.9197977240694,0,1,0,1111,1888,
Sema E.,1495.9227956118625,1495.917138380338,1495.917138380338,1495.9227956118625,1495.917138380338,1495.917138380338,1495.917138380338,13,0,0,352,3609,-0.14792956442215383
Schnyder P.,1498.9121604928198,1496.9659325077903,1497.8260584915301,1498.9121604928198,1496.9659325077903,1497.8260584915301,1495.907504760409,130,84,7,186,2895,-0.3401505258533369
Werner C.,1494.592167579769,1497.9886407520617,1495.8917015018176,1494.592167579769,1497.9886407520617,1495.8917015018176,1495.8917015018176,1,2,0,271,277,
Coin J.,1497.1738695116705,1497.7279173153547,1497.342534416955,1497.1738695116705,1497.7279173153547,1497.342534416955,1495.8059674427122,31,10,6,188,3939,-0.02214677076935362
Puchkova O.,1497.3734280198435,1497.1296699346985,1497.1201998738468,1497.3734280198435,1497.1296699346985,1497.1201998738468,1495.8037325964135,27,5,5,54,4506,-0.1851961953361796
Larcherde Brito M.,1494.8653463503065,1497.529633872553,1500.4022215467767,1494.8653463503065,1497.529633872553,1500.4022215467767,1495.79390454957,39,11,19,249,3707,0.20946316778061796
Baltacha E.,1497.897948907485,1497.575484331824,1498.337753387606,1497.897948907485,1497.575484331824,1498.337753387606,1495.7686139404664,53,15,26,167,4787,0.049509216133720835
Ivakhnenko V.,1496.1065106543635,1496.4107443690505,1495.6936241904243,1496.1065106543635,1496.4107443690505,1495.6936241904243,1495.6936241904243,1,8,0,228,2565,
Ma S.,1495.5857289025237,1495.585496559976,1495.585496559976,1495.5857289025237,1495.585496559976,1495.585496559976,1495.585496559976,1,0,0,224,2490,
Efremova K.,1495.5571523140104,1494.7831010911086,1495.5571523140104,1495.5571523140104,1494.7831010911086,1495.5571523140104,1495.5571523140104,0,1,0,623,70,
Choi J-H.,1495.49327037183,1495.495096301497,1495.495096301497,1495.49327037183,1495.495096301497,1495.495096301497,1495.495096301497,1,0,0,710,2512,
Fernandez L. A.,1495.480914957623,1495.4618751341575,1495.4618751341575,1495.480914957623,1495.4618751341575,1495.4618751341575,1495.4618751341575,1,0,0,236,2518,
Tona M.,1495.0903822438954,1495.4338037986008,1495.4338037986008,1495.0903822438954,1495.4338037986008,1495.4338037986008,1495.4338037986008,3,0,0,384,17,
Foretz S.,1496.6880313319134,1497.8418552538112,1497.9153811624237,1496.6880313319134,1497.8418552538112,1497.9153811624237,1495.4311950334288,29,19,10,197,4213,-0.1663934177129287
Malek T.,1497.7470338011767,1497.075535783721,1497.4333470774623,1497.7470338011767,1497.075535783721,1497.4333470774623,1495.4305316376215,40,30,6,413,4341,0.0007856706717326301
Irigoyen M.,1496.0231137910564,1496.6242500083129,1495.3791046956496,1496.0231137910564,1496.6242500083129,1495.3791046956496,1495.3791046956496,3,7,0,204,3821,-0.25068316564709164
Lazaro A.,1495.3510176066452,1495.0229019338722,1495.3510176066452,1495.3510176066452,1495.0229019338722,1495.3510176066452,1495.3510176066452,0,1,0,279,1896,
Ivanov V.,1495.287705685007,1495.32810637128,1495.32810637128,1495.287705685007,1495.32810637128,1495.32810637128,1495.32810637128,1,0,0,1001,2400,
Parra Santonja A.,1496.2831201078925,1498.8453481900974,1497.62498315052,1496.2831201078925,1498.8453481900974,1497.62498315052,1495.3226920979996,18,54,10,216,4674,-0.13056818056307273
Peer S.,1498.777380390096,1497.6308640656368,1497.8030165954951,1498.777380390096,1497.6308640656368,1497.8030165954951,1495.2700184854036,251,83,24,121,4036,-0.08839822911492123
Grant T.C.,1493.195031332113,1490.3687761835715,1498.2722619062795,1493.195031332113,1490.3687761835715,1498.2722619062795,1495.2376255564461,1,5,2,172,31,
King V.,1495.4522490164343,1500.0989510580812,1497.443154952099,1495.4522490164343,1500.0989510580812,1497.443154952099,1495.2165370401992,170,58,18,428,2876,-0.25448595030909277
Kostic N.,1495.2082130620356,1495.1921728874065,1495.1921728874065,1495.2082130620356,1495.1921728874065,1495.1921728874065,1495.1921728874065,1,0,0,183,2365,
Barrois K.,1495.811844922511,1498.7878588078966,1498.1584232604032,1495.811844922511,1498.7878588078966,1498.1584232604032,1495.1856974990958,35,39,13,282,4772,-0.40748964226260354
Kichenok L.,1495.673604837337,1495.17864227467,1495.6976605326806,1495.673604837337,1495.17864227467,1495.6976605326806,1495.17864227467,15,0,1,304,3604,-0.11416079067310075
Cheapchandej P.,1495.1640528094022,1495.1593101902063,1495.1593101902063,1495.1640528094022,1495.1593101902063,1495.1593101902063,1495.1593101902063,1,0,0,731,2365,
Zahlavova S.,1497.725534043196,1496.71843632616,1497.2529382759133,1497.725534043196,1496.71843632616,1497.2529382759133,1495.1523015451974,20,26,7,175,4773,-0.10209510377882225
Thandi K.,1495.4296667902454,1495.09780239024,1495.09780239024,1495.4296667902454,1495.09780239024,1495.09780239024,1495.09780239024,5,0,0,359,1418,
Komardina A.,1494.9879062782877,1495.0022635622197,1495.0022635622197,1494.9879062782877,1495.0022635622197,1495.0022635622197,1495.0022635622197,3,0,0,208,2344,
Boserup J.,1498.8601039453517,1495.298122571508,1496.249905489417,1498.8601039453517,1495.298122571508,1496.249905489417,1494.9961030547097,18,2,5,115,3261,-0.12437970609294163
Cetkovska P.,1495.0183949569853,1500.0373145671165,1498.2248347767106,1495.0183949569853,1500.0373145671165,1498.2248347767106,1494.8802349101545,62,62,28,132,3784,-0.23742179486908288
Lister C.,1494.8603598192017,1495.2577482167185,1495.2641211252708,1494.8603598192017,1495.2577482167185,1495.2641211252708,1494.8603598192017,0,2,1,550,3295,
Muramatsu C.,1494.8609676264812,1494.8386211047728,1494.8386211047728,1494.8609676264812,1494.8386211047728,1494.8386211047728,1494.8386211047728,1,0,0,214,2364,
Dellacqua C.,1493.7985331600958,1496.973459755437,1501.2092339454848,1493.7985331600958,1496.973459755437,1501.2092339454848,1494.8379323261988,106,26,32,116,3956,-0.034601020546268735
Morita A.,1496.1801278637906,1499.3910239590298,1497.132531231298,1496.1801278637906,1499.3910239590298,1497.132531231298,1494.7679048662203,131,39,19,113,4492,-0.022931512355548078
Hives Z.,1497.0323838019676,1494.7315916315595,1494.0988662340078,1497.0323838019676,1494.7315916315595,1494.0988662340078,1494.7315916315595,6,0,1,571,1496,
Benesova I.,1497.4679507957817,1498.0358005427606,1497.3275881539053,1497.4679507957817,1498.0358005427606,1497.3275881539053,1494.693926851719,124,74,14,63,5088,-0.36584900288674294
Pivovarova A.,1495.3507806124157,1497.8069213682497,1495.6913412973367,1495.3507806124157,1497.8069213682497,1495.6913412973367,1494.5773485839009,15,16,2,191,3653,-0.34173881855459315
Koehler M.J.,1496.245147614694,1495.5690311988255,1495.5509340196695,1496.245147614694,1495.5690311988255,1495.5509340196695,1494.5521447286521,4,11,2,213,4479,-0.3038272927627648
Medina Garrigues A.,1492.3054643991295,1502.8779777091313,1497.9864463992494,1492.3054643991295,1502.8779777091313,1497.9864463992494,1494.5082286925528,157,143,21,125,4473,-0.33586288959842425
Gjorcheska L.,1494.9431995817667,1494.4777687772182,1493.974654060704,1494.9431995817667,1494.4777687772182,1493.974654060704,1494.4777687772182,1,0,1,222,33,
Stollar F.,1492.7258578763797,1495.0954365195537,1495.6764746256342,1492.7258578763797,1495.0954365195537,1495.6764746256342,1494.4410214865077,11,16,2,280,747,-0.1809775608422764
Taylor G.,1494.3504612923566,1494.3504612923566,1494.397041964474,1494.3504612923566,1494.3504612923566,1494.397041964474,1494.3504612923566,0,0,2,180,2952,
Jaksic J.,1496.8494640710362,1495.4463598450488,1495.1523918814696,1496.8494640710362,1495.4463598450488,1495.1523918814696,1494.344609964575,12,3,2,212,3708,-0.40112726461894344
Voracova R.,1496.0630879092153,1497.311267425911,1495.5051924947331,1496.0630879092153,1497.311267425911,1495.5051924947331,1494.2939182007983,28,30,2,193,4094,-0.14547360033257717
Gallovits E.,1497.027183287996,1497.965838668476,1496.4897412483149,1497.027183287996,1497.965838668476,1496.4897412483149,1494.2039326241745,47,59,9,301,4052,-0.1043826829859772
Abanda F.,1492.7252235403957,1495.4757626674884,1495.460405560526,1492.7252235403957,1495.4757626674884,1495.460405560526,1494.172108693586,24,2,2,361,1804,0.11594653595446941
Eraydin B.,1494.6871358171763,1494.8634293037962,1494.1507213866755,1494.6871358171763,1494.8634293037962,1494.1507213866755,1494.1507213866755,1,5,0,205,2567,
Turati B.,1494.1020151204034,1494.1436563377933,1494.1436563377933,1494.1020151204034,1494.1436563377933,1494.1436563377933,1494.1436563377933,1,0,0,318,2032,
Stefkova B.,1495.0116249284306,1494.1099868906128,1494.4971145321874,1495.0116249284306,1494.1099868906128,1494.4971145321874,1494.1099868906128,4,0,1,717,2953,
Yakimova A.,1496.5597451566678,1496.6220707776013,1496.8548726277656,1496.5597451566678,1496.6220707776013,1496.8548726277656,1494.0606110760395,35,27,7,110,5148,-0.10295217094313402
Krawczyk D.,1493.9842813835646,1493.8725832533967,1493.9842813835646,1493.9842813835646,1493.8725832533967,1493.9842813835646,1493.9842813835646,0,1,0,678,1945,
Dushevina V.,1496.5457040480449,1497.6483531310041,1497.274902458843,1496.5457040480449,1497.6483531310041,1497.274902458843,1493.9464379597223,133,49,15,143,4499,0.1168874258298121
Ahn A.,1493.555323600729,1493.9300135649853,1493.9300135649853,1493.555323600729,1493.9300135649853,1493.9300135649853,1493.9300135649853,1,0,0,714,342,
Badosa Gibert P.,1493.8107712828469,1496.3934315496203,1495.3079231114996,1493.8107712828469,1496.3934315496203,1495.3079231114996,1493.8991283038054,3,3,3,133,2606,
Yashina E.,1493.8774294115767,1493.8774294115767,1493.8290740461925,1493.8774294115767,1493.8774294115767,1493.8290740461925,1493.8774294115767,0,0,1,478,1868,
Keothavong A.,1497.0392634618295,1497.1577348139513,1496.9006189251863,1497.0392634618295,1497.1577348139513,1496.9006189251863,1493.8538844512675,66,18,24,217,4787,-0.19981252843348393
Beygelzimer Y.,1495.5914745783812,1496.0912603488578,1494.378195668538,1495.5914745783812,1496.0912603488578,1494.378195668538,1493.6439344803675,11,15,1,199,3946,-0.17910535638472888
Czink M.,1496.1305423076406,1496.720976782905,1498.1863277261455,1496.1305423076406,1496.720976782905,1498.1863277261455,1493.5248274970038,80,40,21,126,4800,-0.07589545802160969
Hanatani N.,1493.081123733191,1493.3664643149116,1493.3664643149116,1493.081123733191,1493.3664643149116,1493.3664643149116,1493.3664643149116,1,0,0,402,1803,
Xu Y.F.,1494.610928742646,1493.9326562873243,1493.9786038443904,1494.610928742646,1493.9326562873243,1493.9786038443904,1493.255086100617,12,1,1,442,3582,-0.27824531583490497
Makarova E.,1507.2293572613735,1480.9993887660994,1505.9722666380615,1507.2293572613735,1480.9993887660994,1505.9722666380615,1493.136127006393,307,95,70,178,741,-0.1986887980417601
Mestach A.S.,1493.98844862842,1495.1943546182076,1494.335334933771,1493.98844862842,1495.1943546182076,1494.335334933771,1493.0462865865532,6,4,2,98,3974,-0.2033771982460015
Han N-L.,1492.992859000145,1493.0316844940305,1493.0316844940305,1492.992859000145,1493.0316844940305,1493.0316844940305,1493.0316844940305,2,0,0,159,2511,
Sadikovic A.,1494.4774647710005,1495.1907004442173,1493.7181418326372,1494.4774647710005,1495.1907004442173,1493.7181418326372,1493.0087694929373,5,7,1,273,3302,-0.10348466685302748
Morvayova V.,1492.225162448547,1492.9945703488268,1492.9945703488268,1492.225162448547,1492.9945703488268,1492.9945703488268,1492.9945703488268,3,0,0,300,20,
Gleason Q.,1492.9148802793304,1492.9360526992944,1492.9360526992944,1492.9148802793304,1492.9360526992944,1492.9360526992944,1492.9360526992944,1,0,0,467,1805,
Brianti A.,1496.558823994204,1496.903091811378,1496.1001128715102,1496.558823994204,1496.903091811378,1496.1001128715102,1492.9148267533342,81,41,10,188,4121,-0.24967876519382634
Bratchikova N.,1496.2219775492983,1495.3657108594598,1494.2189174627329,1496.2219775492983,1495.3657108594598,1494.2189174627329,1492.8033907157742,25,18,2,140,4764,-0.2005772154154958
Scheepers C.,1490.7073407249081,1501.8723038616715,1496.2803623842876,1490.7073407249081,1501.8723038616715,1496.2803623842876,1492.7154514794602,113,66,11,104,4136,-0.23782152285163072
Chiesa D.,1492.6572517938616,1492.61250789934,1492.6572517938616,1492.6572517938616,1492.61250789934,1492.6572517938616,1492.6572517938616,0,3,0,159,2931,
Mishina D.,1492.6456089288395,1492.6389260538117,1492.6389260538117,1492.6456089288395,1492.6389260538117,1492.6389260538117,1492.6389260538117,1,0,0,403,1965,
Jeong B.,1492.5361139956758,1492.6227473066322,1492.6227473066322,1492.5361139956758,1492.6227473066322,1492.6227473066322,1492.6227473066322,1,0,0,688,1412,
Harrison C.,1492.4535480516392,1492.5842915587705,1492.5842915587705,1492.4535480516392,1492.5842915587705,1492.5842915587705,1492.5842915587705,2,0,0,340,1805,
Robbe A.,1492.5599800412988,1491.980317399809,1492.5599800412988,1492.5599800412988,1491.980317399809,1492.5599800412988,1492.5599800412988,0,1,0,265,838,
Bhatia R.,1492.5519127625766,1492.5519127625766,1492.5112736452581,1492.5519127625766,1492.5519127625766,1492.5112736452581,1492.5519127625766,0,0,1,362,1868,
Grey S.,1492.4659148045116,1492.4659148045116,1492.4591999564286,1492.4659148045116,1492.4659148045116,1492.4591999564286,1492.4659148045116,0,0,1,614,1883,
Naito Y.,1492.2101701912975,1492.4590150475155,1492.4590150475155,1492.2101701912975,1492.4590150475155,1492.4590150475155,1492.4590150475155,1,0,0,210,1412,
Chang H.,1492.4199124717618,1493.6644958931447,1492.4199124717618,1492.4199124717618,1493.6644958931447,1492.4199124717618,1492.4199124717618,0,2,0,194,486,
Panova A.,1493.0762614025641,1497.9233861462521,1494.5728475361057,1493.0762614025641,1497.9233861462521,1494.5728475361057,1492.3938149142632,48,29,3,155,3761,0.029676444412728653
Rodionova An.,1493.8522817745504,1497.3336098323855,1496.6522098741061,1493.8522817745504,1497.3336098323855,1496.6522098741061,1492.366567050045,49,37,12,669,3404,0.083279188528607
Raducànu E.,1492.3184006306171,1492.3638490607484,1492.3638490607484,1492.3184006306171,1492.3638490607484,1492.3638490607484,1492.3638490607484,1,0,0,184,1825,
Chan Y.J.,1493.5032028898868,1497.640726584863,1496.852508265452,1493.5032028898868,1497.640726584863,1496.852508265452,1492.3633838667881,81,21,13,183,4191,-0.1422660980166618
Wagner S.,1492.171019333561,1492.3269987857427,1492.3269987857427,1492.171019333561,1492.3269987857427,1492.3269987857427,1492.3269987857427,1,0,0,316,1741,
Lee Y.H.,1492.25338307709,1492.3197830508402,1492.3197830508402,1492.25338307709,1492.3197830508402,1492.3197830508402,1492.3197830508402,6,0,0,384,3107,
Zhang K.L.,1493.2643577607096,1492.2905817138685,1493.0852658265944,1493.2643577607096,1492.2905817138685,1493.0852658265944,1492.2905817138685,21,0,1,249,3238,-0.10655844714090623
Sutjiadi A.,1492.1093726376137,1492.2467519892912,1492.2467519892912,1492.1093726376137,1492.2467519892912,1492.2467519892912,1492.2467519892912,1,0,0,366,1805,
Arseneault A.,1492.3325074552463,1492.2326646554322,1492.2326646554322,1492.3325074552463,1492.2326646554322,1492.2326646554322,1492.2326646554322,1,0,0,515,370,
Bassols Ribera M.,1492.2071142541038,1492.2092978596093,1492.2071142541038,1492.2071142541038,1492.2092978596093,1492.2071142541038,1492.2071142541038,0,1,0,291,1840,
Talaba G.,1492.1832456235918,1492.252139480005,1492.1832456235918,1492.1832456235918,1492.252139480005,1492.1832456235918,1492.1832456235918,0,1,0,214,1944,
Kania P.,1494.8593061489282,1494.0231336158026,1493.430315119454,1494.8593061489282,1494.0231336158026,1493.430315119454,1492.1363172322542,10,4,2,186,3674,-0.15204906592333173
Sidorova K.,1492.0232703646882,1492.1329564698835,1492.1329564698835,1492.0232703646882,1492.1329564698835,1492.1329564698835,1492.1329564698835,1,0,0,541,279,
Baszak W.,1492.1141898071794,1492.117025297603,1492.1141898071794,1492.1141898071794,1492.117025297603,1492.1141898071794,1492.1141898071794,0,1,0,1202,1839,
Plazas J.,1492.0263879106428,1492.1367498949435,1492.0263879106428,1492.0263879106428,1492.1367498949435,1492.0263879106428,1492.0263879106428,0,1,0,982,1944,
Sobolieva A.,1491.9400451850174,1491.6405882838137,1491.9400451850174,1491.9400451850174,1491.6405882838137,1491.9400451850174,1491.9400451850174,0,1,0,256,434,
Fichman S.,1494.6999919225357,1495.5503376031559,1493.407200202766,1494.6999919225357,1495.5503376031559,1493.407200202766,1491.9102925121786,14,17,2,348,3974,-0.09117225168108045
Johansson M.,1495.440268940865,1495.2525138972978,1496.794863694304,1495.440268940865,1495.2525138972978,1496.794863694304,1491.8934294918013,35,70,11,228,4087,-0.04810407666527955
Olyanovskaya V.,1491.8680123673066,1491.8965359856024,1491.8680123673066,1491.8680123673066,1491.8965359856024,1491.8680123673066,1491.8680123673066,0,1,0,678,1840,
Lim A.,1495.35417067748,1492.4373862605926,1491.6700873592056,1495.35417067748,1492.4373862605926,1491.6700873592056,1491.6700873592056,8,9,0,259,3352,-0.05949515625199098
Dubois S.,1494.241538272621,1495.8902103956389,1495.9828916063793,1494.241538272621,1495.8902103956389,1495.9828916063793,1491.6394737118192,47,13,11,306,4345,-0.25820340436206546
Lemoine Q.,1492.4767355735971,1491.8321561660996,1491.5445665270245,1492.4767355735971,1491.8321561660996,1491.5445665270245,1491.5445665270245,1,3,0,262,2630,
Oudin M.,1493.885353027325,1495.7198129466474,1497.9249405138403,1493.885353027325,1495.7198129466474,1497.9249405138403,1491.5337327836762,79,29,17,127,4343,-0.05380070752650662
Sakatsume H.,1497.33619031661,1491.5031750145467,1490.7000942638094,1497.33619031661,1491.5031750145467,1490.7000942638094,1491.5031750145467,10,0,1,125,48,0.04605407247847981
Radisic N.,1491.4665461909606,1491.4869961032268,1491.4869961032268,1491.4665461909606,1491.4869961032268,1491.4869961032268,1491.4869961032268,1,0,0,535,1784,
Lovric P.,1491.462315849214,1491.4851789291074,1491.4851789291074,1491.462315849214,1491.4851789291074,1491.4851789291074,1491.4851789291074,1,0,0,632,1783,
Crawford S.,1492.9329613101909,1492.7031575917244,1493.2646748948162,1492.9329613101909,1492.7031575917244,1493.2646748948162,1491.3425470922602,21,2,2,162,3483,0.011127796349246655
Kichenok N.,1492.9193302183135,1493.3916368258542,1494.4420496731695,1492.9193302183135,1493.3916368258542,1494.4420496731695,1491.264887118834,10,4,4,419,3653,-0.2394108370529011
Radanovic D.,1491.8095132778017,1492.0735734719065,1491.2617122512697,1491.8095132778017,1492.0735734719065,1491.2617122512697,1491.2617122512697,2,1,0,192,2869,
Hovde L.,1490.811590536114,1491.2249674816658,1491.2249674816658,1490.811590536114,1491.2249674816658,1491.2249674816658,1491.2249674816658,1,0,0,286,877,
Gervais J.,1491.1958669907417,1490.971102988276,1491.1958669907417,1491.1958669907417,1490.971102988276,1491.1958669907417,1491.1958669907417,0,1,0,725,1539,
Kulambayeva Z.,1491.1941688989023,1491.1408539555116,1491.1408539555116,1491.1941688989023,1491.1408539555116,1491.1408539555116,1491.1408539555116,1,0,0,524,1770,
Gerlach K.,1491.004764378016,1490.7039405890648,1491.004764378016,1491.004764378016,1490.7039405890648,1491.004764378016,1491.004764378016,0,3,0,225,1839,
Craybas J.,1494.997833935641,1496.0036058609635,1496.042346837106,1494.997833935641,1496.0036058609635,1496.042346837106,1490.9640778141106,111,67,12,240,4861,-0.09141833466101584
Wang X.,1490.6071106479235,1490.9449259536257,1490.9449259536257,1490.6071106479235,1490.9449259536257,1490.9449259536257,1490.9449259536257,7,0,0,136,2506,
Yu E.,1490.875628513644,1490.9245676614728,1490.9245676614728,1490.875628513644,1490.9245676614728,1490.9245676614728,1490.9245676614728,1,0,0,763,1434,
Duque Marino M.,1492.786321106828,1496.523234434658,1495.1434730493497,1492.786321106828,1496.523234434658,1495.1434730493497,1490.7497180277403,18,65,7,74,3797,-0.0952154031606019
Arvidsson S.,1495.9616298899778,1494.7799462519076,1495.7791017615818,1495.9616298899778,1494.7799462519076,1495.7791017615818,1490.7075753737536,124,51,12,294,4037,-0.15379976826603214
Ignatik A.,1490.6887265580342,1490.6273928152411,1490.6273928152411,1490.6887265580342,1490.6273928152411,1490.6273928152411,1490.6273928152411,1,0,0,209,1742,
Falkner Z.,1490.6633488635537,1490.6241288602328,1490.6241288602328,1490.6633488635537,1490.6241288602328,1490.6241288602328,1490.6241288602328,1,0,0,542,1783,
Falkowska W.,1490.610532483877,1490.6882616447053,1490.610532483877,1490.610532483877,1490.6882616447053,1490.610532483877,1490.610532483877,0,3,0,346,1467,
Savchuk O.,1491.1875596344212,1497.2459350074032,1491.7144655408379,1491.1875596344212,1497.2459350074032,1491.7144655408379,1490.5429864599796,55,24,1,232,3652,0.11518259046973575
Zhang L.,1490.4556350257824,1490.4985917614727,1490.4985917614727,1490.4556350257824,1490.4985917614727,1490.4985917614727,1490.4985917614727,12,0,0,407,2854,-0.21865454543209448
Jiang X.,1490.146938828421,1490.4940796221078,1490.4940796221078,1490.146938828421,1490.4940796221078,1490.4940796221078,1490.4940796221078,1,0,0,511,1021,
Date Krumm K.,1492.3784242008987,1494.70009621002,1497.3790163588117,1492.3784242008987,1494.70009621002,1497.3790163588117,1490.466489141098,111,11,18,72,3965,-0.10669903143041515
Duval V.,1492.4058385739586,1491.5199854445123,1493.5741743130834,1492.4058385739586,1491.5199854445123,1493.5741743130834,1490.3957125475708,12,1,6,254,2883,-0.1340579989325173
Hibi M.,1490.318404241812,1490.3633894593995,1490.3633894593995,1490.318404241812,1490.3633894593995,1490.3633894593995,1490.3633894593995,7,0,0,176,2001,
Zhang R.,1490.2444346750558,1490.3461800884402,1490.3461800884402,1490.2444346750558,1490.3461800884402,1490.3461800884402,1490.3461800884402,1,0,0,836,312,
Seguel D.,1490.2638302444052,1490.3973060875342,1490.2638302444052,1490.2638302444052,1490.3973060875342,1490.2638302444052,1490.2638302444052,0,7,0,224,1580,
Lucic M.,1492.0267473794931,1496.853143873678,1496.9823231409828,1492.0267473794931,1496.853143873678,1496.9823231409828,1490.2420386507297,71,40,25,73,3784,-0.14943426013281752
Lu Jia-Jing,1490.2198944679924,1490.2328777103078,1490.2328777103078,1490.2198944679924,1490.2328777103078,1490.2328777103078,1490.2328777103078,3,0,0,185,2518,
Zvonareva V.,1502.266504624499,1461.7966684882208,1487.397289876973,1502.266504624499,1461.7966684882208,1487.397289876973,1490.1323695702692,314,66,27,326,76,0.008960602860510258
Zhang Yux.,1489.907044750666,1490.0718792927612,1490.0718792927612,1489.907044750666,1490.0718792927612,1490.0718792927612,1490.0718792927612,9,0,0,225,2852,
Daniilidou E.,1493.5446909820764,1495.724956427971,1495.5767591687877,1493.5446909820764,1495.724956427971,1495.5767591687877,1490.0692106462898,94,21,13,345,4437,-0.26445508658350836
Herazo M.,1490.0609166124077,1489.9364802495768,1490.0609166124077,1490.0609166124077,1489.9364802495768,1490.0609166124077,1490.0609166124077,0,1,0,454,1581,
Samson L.,1485.6974082226752,1498.4795710011986,1489.9983263874442,1485.6974082226752,1498.4795710011986,1489.9983263874442,1489.9983263874442,2,3,0,150,12,
Havlickova L.,1485.4323058618265,1489.9172732157497,1489.9172732157497,1485.4323058618265,1489.9172732157497,1489.9172732157497,1489.9172732157497,9,0,0,226,10,
Wu H.C.,1488.9802995429663,1489.6561840248532,1489.6561840248532,1488.9802995429663,1489.6561840248532,1489.6561840248532,1489.6561840248532,2,0,0,669,1026,
Hewitt D.,1489.5867909555689,1489.6207163246377,1489.6207163246377,1489.5867909555689,1489.6207163246377,1489.6207163246377,1489.6207163246377,1,0,0,437,1441,
Morderger Y.,1489.5839994360679,1489.3788897580375,1489.5839994360679,1489.5839994360679,1489.3788897580375,1489.5839994360679,1489.5839994360679,0,1,0,379,1539,
Caregaro M.,1489.6559625475224,1490.7823372712774,1489.4903478103063,1489.6559625475224,1490.7823372712774,1489.4903478103063,1489.4903478103063,1,1,0,367,1742,
Plipuech P.,1489.579166239888,1489.4503231127687,1489.4503231127687,1489.579166239888,1489.4503231127687,1489.4503231127687,1489.4503231127687,7,0,0,286,2363,
Oprandi R.,1493.1466551311157,1495.440631958968,1495.4159467272027,1493.1466551311157,1495.440631958968,1495.4159467272027,1489.443239376906,60,48,11,135,3765,-0.11934188979856802
Quevedo K.,1488.671696435822,1494.9658455140343,1489.3633556322657,1488.671696435822,1494.9658455140343,1489.3633556322657,1489.3633556322657,3,7,0,101,13,0.010656500381921563
Soylu I.,1492.1507723914992,1491.0401385699847,1489.182343350898,1492.1507723914992,1491.0401385699847,1489.182343350898,1489.182343350898,8,4,0,179,3238,-0.13008895174456464
Torro Flor M.T.,1494.210043791588,1493.7187471412092,1492.6027479919244,1494.210043791588,1493.7187471412092,1492.6027479919244,1489.1472247420213,28,43,4,208,3673,-0.1893604022007035
Gajdosova J.,1493.1244167611133,1496.309421511756,1494.3061483807937,1493.1244167611133,1496.309421511756,1494.3061483807937,1489.0539267237223,92,30,15,100,3947,-0.21299831219559823
Ruse E-G.,1488.9874240290985,1489.1320362202816,1488.9874240290985,1488.9874240290985,1489.1320362202816,1488.9874240290985,1488.9874240290985,0,1,0,69,1475,
Fernandez L.,1488.234696622278,1488.8540264925905,1488.8540264925905,1488.234696622278,1488.8540264925905,1488.8540264925905,1488.8540264925905,8,0,0,74,1050,
Hui K.,1488.533382659352,1488.7292665425255,1488.7292665425255,1488.533382659352,1488.7292665425255,1488.7292665425255,1488.7292665425255,1,0,0,872,886,
Koevermans A.,1488.6947738861356,1488.6947738861356,1488.2187886380748,1488.6947738861356,1488.6947738861356,1488.2187886380748,1488.6947738861356,0,0,1,190,417,
Bains N.,1488.8262500637056,1488.4377793708834,1489.4227147897263,1488.8262500637056,1488.4377793708834,1489.4227147897263,1488.4377793708834,1,0,1,282,1846,
Tian F.,1488.3387418871669,1488.3898311250894,1488.3898311250894,1488.3387418871669,1488.3898311250894,1488.3898311250894,1488.3898311250894,1,0,0,553,1036,
Crawley F.,1487.8644769933514,1488.367770306404,1488.367770306404,1487.8644769933514,1488.367770306404,1488.367770306404,1488.367770306404,1,0,0,729,1069,
Charaeva A.,1488.1171180323745,1491.9380340083162,1488.3649257816958,1488.1171180323745,1491.9380340083162,1488.3649257816958,1488.3649257816958,1,7,0,117,9,
Yang Z.,1488.0892774736453,1488.3004791989842,1488.3004791989842,1488.0892774736453,1488.3004791989842,1488.3004791989842,1488.3004791989842,7,0,0,649,2491,
Lodikova D.,1488.1750924239839,1488.2994130783495,1488.1750924239839,1488.1750924239839,1488.2994130783495,1488.1750924239839,1488.1750924239839,0,1,0,415,383,
Lansere S.,1491.3768389986967,1488.0467808380276,1488.1625985709009,1491.3768389986967,1488.0467808380276,1488.1625985709009,1488.1625985709009,2,1,0,271,1025,
Van den Broek I.L.,1488.1432777491764,1488.1432777491764,1487.4344026407543,1488.1432777491764,1488.1432777491764,1487.4344026407543,1488.1432777491764,0,0,1,704,417,
Arn G.,1489.5119007598005,1497.4793305947906,1493.342057868484,1489.5119007598005,1497.4793305947906,1493.342057868484,1488.125540924821,44,52,6,369,2519,-0.24996990890396506
Sugnaux T.,1488.0913385122028,1488.099993436118,1488.0913385122028,1488.0913385122028,1488.099993436118,1488.0913385122028,1488.0913385122028,0,2,0,608,1846,
Nuudi M.,1487.9589877551546,1487.9950178379001,1487.9950178379001,1487.9589877551546,1487.9950178379001,1487.9950178379001,1487.9950178379001,1,0,0,640,1405,
Kulichkova E.,1492.852828272953,1493.6318110726686,1490.9805523686505,1492.852828272953,1493.6318110726686,1490.9805523686505,1487.9862411255974,28,12,4,164,3294,-0.15907199860128635
Vandewinkel H.,1487.9568936827377,1489.147561500398,1488.0082290453518,1487.9568936827377,1489.147561500398,1488.0082290453518,1487.9568936827377,0,3,3,103,34,
Kubka M.,1487.917853973553,1487.951025719455,1487.917853973553,1487.917853973553,1487.951025719455,1487.917853973553,1487.917853973553,0,1,0,472,1467,
Kuwata H.,1489.831030763759,1488.9408485299164,1487.8906925748788,1489.831030763759,1488.9408485299164,1487.8906925748788,1487.8906925748788,8,1,0,248,2671,
Fruhvirtova B.,1481.5617979032727,1478.004180467448,1491.0586185075604,1481.5617979032727,1478.004180467448,1491.0586185075604,1487.8880864759408,10,5,2,1311,181,0.10850038846941906
Jovanovski B.,1495.3813901888313,1492.8452027350504,1494.3357619039691,1495.3813901888313,1492.8452027350504,1494.3357619039691,1487.886802759148,155,39,23,120,3723,-0.09844677605807262
Saville D.,1495.6113292180787,1484.1568844855901,1472.1411646790862,1495.6113292180787,1484.1568844855901,1472.1411646790862,1487.8355390283032,49,16,10,137,433,-0.08262716529316827
Zhuk S.,1489.70131369745,1488.8415207132086,1487.753436808368,1489.70131369745,1488.8415207132086,1487.753436808368,1487.753436808368,8,1,0,167,2625,
Wozniak A.,1489.2575473508057,1497.375897365537,1497.0001524230083,1489.2575473508057,1497.375897365537,1497.0001524230083,1487.7450200670175,127,57,25,291,3246,-0.35204329336372586
Reyngold E.,1487.7356526285619,1487.7854128501626,1487.7356526285619,1487.7356526285619,1487.7854128501626,1487.7356526285619,1487.7356526285619,0,1,0,333,1539,
Ruggeri J.,1487.639554181733,1487.0469266344621,1487.639554181733,1487.639554181733,1487.0469266344621,1487.639554181733,1487.639554181733,0,1,0,265,89,
Georges M.,1488.947502799479,1488.5100116452204,1487.600055343307,1488.947502799479,1488.5100116452204,1487.600055343307,1487.600055343307,1,5,0,294,2141,
Fung S.,1487.5857061254549,1487.5876589617314,1487.5876589617314,1487.5857061254549,1487.5876589617314,1487.5876589617314,1487.5876589617314,1,0,0,226,1049,
Kerkhove L.,1492.072663755191,1490.174994723941,1489.3327769596472,1492.072663755191,1490.174994723941,1489.3327769596472,1487.5863938976381,8,3,2,201,2588,-0.07672709275083073
Eguchi M.,1487.5129469759784,1490.206184942803,1487.4086436124198,1487.5129469759784,1490.206184942803,1487.4086436124198,1487.4086436124198,19,2,0,436,3121,-0.13719471967803315
Hantuchova D.,1488.901591863488,1495.0186364182555,1501.1217854985007,1488.901591863488,1495.0186364182555,1501.1217854985007,1487.3542299376022,311,81,60,244,3441,-0.1491320995690521
Tubello A.,1487.2873118752202,1486.9872869941428,1487.2873118752202,1487.2873118752202,1486.9872869941428,1487.2873118752202,1487.2873118752202,0,1,0,226,68,
Higuita Barraza M.,1487.2382037197253,1487.403910592897,1487.2382037197253,1487.2382037197253,1487.403910592897,1487.2382037197253,1487.2382037197253,0,1,0,1080,488,
Wang Yaf.,1490.818670398694,1489.7847428630948,1492.3230522634979,1490.818670398694,1489.7847428630948,1492.3230522634979,1487.156039138521,74,12,7,84,2340,-0.1925703587340437
Noel A.,1486.8006793423012,1487.0868377875372,1487.0868377875372,1486.8006793423012,1487.0868377875372,1487.0868377875372,1487.0868377875372,1,0,0,784,705,
Piter K.,1492.6342769795988,1492.5791073249923,1488.2752506627833,1492.6342769795988,1492.5791073249923,1488.2752506627833,1487.0787532600007,13,12,2,387,1868,-0.32113187089888684
Xun F.Y.,1487.0096769419624,1487.0139603979705,1487.0139603979705,1487.0096769419624,1487.0139603979705,1487.0139603979705,1487.0139603979705,10,0,0,243,2512,-0.1333208077629749
Voskoboeva G.,1490.3027127854537,1495.3613057412902,1492.4952584065297,1490.3027127854537,1495.3613057412902,1492.4952584065297,1486.9419635309732,106,38,6,263,3471,-0.2617208563806823
Tjandramulia O.,1486.9823023907243,1486.9401577940873,1486.9401577940873,1486.9823023907243,1486.9401577940873,1486.9401577940873,1486.9401577940873,1,0,0,421,1419,
Gasanova A.,1506.027095186116,1482.2344819295304,1483.6047262308925,1506.027095186116,1482.2344819295304,1483.6047262308925,1486.8756937521787,20,3,5,225,32,-0.040156386155956014
Pieri J.,1487.2776344832157,1487.9034221272996,1486.7736274582462,1487.2776344832157,1487.9034221272996,1486.7736274582462,1486.7736274582462,1,1,0,284,1741,
Al Nabhani F.,1486.4673780297485,1486.7528548408652,1486.7528548408652,1486.4673780297485,1486.7528548408652,1486.7528548408652,1486.7528548408652,10,0,0,406,2723,-0.26923539414432257
Amanmuradova A.,1490.3081119629874,1496.2601983723323,1493.1922701751487,1490.3081119629874,1496.2601983723323,1493.1922701751487,1486.6660667954382,89,41,9,447,2504,-0.041313441132829976
Adkar V.,1486.5357696396204,1486.6412829094584,1486.6412829094584,1486.5357696396204,1486.6412829094584,1486.6412829094584,1486.6412829094584,1,0,0,697,277,
Noha Akugue N.,1486.3986756739234,1497.820885746531,1486.6371525756997,1486.3986756739234,1497.820885746531,1486.6371525756997,1486.6371525756997,1,12,0,144,11,-0.14934087095793114
Ciric Bagaric L.,1486.6081515438552,1486.8945864532989,1486.6081515438552,1486.6081515438552,1486.8945864532989,1486.6081515438552,1486.6081515438552,0,1,0,184,796,
Kabbaj Y.,1486.5779543687931,1488.0366918160075,1486.5779543687931,1486.5779543687931,1488.0366918160075,1486.5779543687931,1486.5779543687931,0,5,0,334,73,
Martic P.,1477.3622288593285,1536.5318949029322,1495.1222822499212,1477.3622288593285,1540.0704237918815,1495.1222822499212,1486.5318949029322,237,134,42,138,398,-0.10564641924983109
Mayr P.,1492.7433279657753,1493.2206429040598,1492.083356804849,1492.7433279657753,1493.2206429040598,1492.083356804849,1486.4787880682352,52,63,6,205,4029,-0.23077373325299103
Yao X.,1486.013305056351,1486.4596070335824,1486.4596070335824,1486.013305056351,1486.4596070335824,1486.4596070335824,1486.4596070335824,3,0,0,294,641,
Saito S.,1482.8499691124266,1486.4251701363248,1486.4251701363248,1482.8499691124266,1486.4251701363248,1486.4251701363248,1486.4251701363248,5,0,0,161,643,
Valdmannova V.,1486.242180486756,1486.419365835446,1486.419365835446,1486.242180486756,1486.419365835446,1486.419365835446,1486.419365835446,1,0,0,300,180,
Zaja A.,1487.825427477886,1490.6653421521964,1487.1220024425068,1487.825427477886,1490.6653421521964,1487.1220024425068,1486.3817989954982,1,6,1,372,1851,
Glozman V.,1486.156163648628,1486.3224747371212,1486.3224747371212,1486.156163648628,1486.3224747371212,1486.3224747371212,1486.3224747371212,1,0,0,902,341,
Bechri C.,1486.0737471331993,1486.3087936865002,1486.3087936865002,1486.0737471331993,1486.3087936865002,1486.3087936865002,1486.3087936865002,1,0,0,1206,692,
Hennemann C.W.,1486.2900546197602,1485.872218766205,1486.2900546197602,1486.2900546197602,1485.872218766205,1486.2900546197602,1486.2900546197602,0,1,0,292,75,
Dominguez Lino L.,1489.6963453076603,1495.8154754809793,1494.2073600615795,1489.6963453076603,1495.8154754809793,1494.2073600615795,1486.2072992850149,66,133,12,112,3723,-0.1451668101183306
Wuerth T.,1486.181122961756,1485.9912055772757,1486.181122961756,1486.181122961756,1485.9912055772757,1486.181122961756,1486.181122961756,0,1,0,205,384,
Tkacheva M.,1486.1748176097785,1486.066380978604,1486.066380978604,1486.1748176097785,1486.066380978604,1486.066380978604,1486.066380978604,1,0,0,366,1419,
Xu S.,1488.0654191434396,1487.9909878774793,1486.0537419340744,1488.0654191434396,1487.9909878774793,1486.0537419340744,1486.0537419340744,4,2,0,221,2574,
Rajecki A.,1485.9792328017393,1485.9792328017393,1485.6294980774512,1485.9792328017393,1485.9792328017393,1485.6294980774512,1485.9792328017393,0,0,1,884,775,
Vicens Mas R.,1485.8540058043918,1485.8362259043756,1485.8540058043918,1485.8540058043918,1485.8362259043756,1485.8540058043918,1485.8540058043918,0,1,0,177,1216,
Iliev S.,1485.7646126017307,1485.3179653503448,1485.7646126017307,1485.7646126017307,1485.3179653503448,1485.7646126017307,1485.7646126017307,0,1,0,931,1168,
Schuurs D.,1485.4737434148017,1485.6772006896545,1485.6772006896545,1485.4737434148017,1485.6772006896545,1485.6772006896545,1485.6772006896545,1,0,0,136,1050,
Swan K.,1498.7756517811977,1485.4709413118442,1463.5371943941516,1498.7756517811977,1485.4709413118442,1463.5371943941516,1485.4709413118442,5,0,17,196,31,0.10273300503308325
Jani R-L.,1485.3922424177717,1485.4390625825026,1485.3922424177717,1485.3922424177717,1485.4390625825026,1485.3922424177717,1485.3922424177717,0,1,0,195,1406,
Han X.,1486.55777334513,1494.5936989515367,1486.9474564142488,1486.55777334513,1494.5936989515367,1486.9474564142488,1485.3608588396712,40,12,1,187,2364,-0.11250155636888648
Spiteri D.,1485.350245820589,1485.2251272320837,1485.350245820589,1485.350245820589,1485.2251272320837,1485.350245820589,1485.350245820589,0,1,0,508,1181,
Paszek T.,1491.7714978150225,1492.4894140931567,1496.4842805069936,1491.7714978150225,1492.4894140931567,1496.4842805069936,1485.3250211120599,131,34,39,111,3604,-0.046328810681584176
Kawa K.,1456.9541518192668,1520.333097376914,1487.4709946738233,1456.9541518192668,1520.333097376914,1487.4709946738233,1485.3222197698349,18,21,3,131,11,-0.0949760671533797
Zaar L.,1485.2997307547705,1485.2658005492146,1485.2997307547705,1485.2997307547705,1485.2658005492146,1485.2997307547705,1485.2997307547705,0,1,0,335,75,
Kotliar Y.,1485.2729221263032,1485.7116533914582,1485.2729221263032,1485.2729221263032,1485.7116533914582,1485.2729221263032,1485.2729221263032,0,3,0,528,74,
Hlavackova A.,1492.2577049964427,1493.3455787815533,1493.3312532973991,1492.2577049964427,1493.3455787815533,1493.3312532973991,1485.2652520856102,43,26,24,825,2960,-0.17148645864785278
Glatch A.,1489.3066302108427,1491.2955910933688,1490.9957000098998,1489.3066302108427,1491.2955910933688,1490.9957000098998,1485.1662762439837,37,10,5,297,1805,-0.18010428609758714
Mateas M.,1481.4810145991642,1493.7288377837797,1485.09428413246,1481.4810145991642,1493.7288377837797,1485.09428413246,1485.09428413246,3,4,0,243,437,
Cherubini D.,1485.0929521644775,1485.0765274916396,1485.0929521644775,1485.0929521644775,1485.0765274916396,1485.0929521644775,1485.0929521644775,0,1,0,421,1181,
Kostova E.,1488.7696820908006,1490.4786951059716,1484.9991930501003,1488.7696820908006,1490.4786951059716,1484.9991930501003,1484.9991930501003,8,15,0,227,2673,-0.05927651786050664
Stusek J.,1484.943651032737,1487.1095502374562,1484.7302733735228,1484.943651032737,1487.1095502374562,1484.7302733735228,1484.943651032737,0,2,1,435,11,
Bolkvadze M.,1487.106555840313,1485.4146373950034,1487.1967466729625,1487.106555840313,1485.4146373950034,1487.1967466729625,1484.9039887463923,3,1,3,545,31,
Samudio A.,1484.8324526021506,1485.0554835118594,1484.8324526021506,1484.8324526021506,1485.0554835118594,1484.8324526021506,1484.8324526021506,0,1,0,1077,1217,
Namigata J.,1484.9759105169678,1486.6003670549724,1484.7195230997074,1484.9759105169678,1486.6003670549724,1484.7195230997074,1484.7195230997074,16,1,0,300,2518,-0.35647380557496355
Kobori M.,1484.1950388157381,1484.6457121900828,1484.6457121900828,1484.1950388157381,1484.6457121900828,1484.6457121900828,1484.6457121900828,2,0,0,470,279,
Bertea E.R.,1484.4484282075541,1484.62890031544,1484.62890031544,1484.4484282075541,1484.62890031544,1484.62890031544,1484.62890031544,1,0,0,295,181,
Argyrokastriti M.,1484.7565471625308,1484.57955362486,1484.57955362486,1484.7565471625308,1484.57955362486,1484.57955362486,1484.57955362486,1,0,0,725,20,
Zantedeschi A.,1484.514732778955,1484.4762790159912,1484.514732778955,1484.514732778955,1484.4762790159912,1484.514732778955,1484.514732778955,0,1,0,603,1112,
Vrancken Peeters A.,1484.4234716836527,1484.4234716836527,1484.6639735305957,1484.4234716836527,1484.4234716836527,1484.6639735305957,1484.4234716836527,0,0,1,493,419,
Moore T.,1485.309704978375,1484.3783333773401,1490.2246796426198,1485.309704978375,1484.3783333773401,1490.2246796426198,1484.3783333773401,1,0,15,434,1805,-0.10286860714514184
Yang V.,1484.1177777503385,1484.2919148900642,1484.2919148900642,1484.1177777503385,1484.2919148900642,1484.2919148900642,1484.2919148900642,1,0,0,1139,579,
Pereira T.,1490.499325980269,1493.3328167830234,1488.6386187102048,1490.499325980269,1493.3328167830234,1488.6386187102048,1484.2529903984932,25,45,4,204,3492,-0.2647622400345291
Murray S.,1485.180722493253,1484.2150437439855,1486.6221973852726,1485.180722493253,1484.2150437439855,1486.6221973852726,1484.2150437439855,1,0,5,243,1846,
Zucchini A.,1484.1536001456113,1484.13440012741,1484.1536001456113,1484.1536001456113,1484.13440012741,1484.1536001456113,1484.1536001456113,0,1,0,620,452,
Sharipova S.,1484.3338830701446,1484.0310219168493,1484.0310219168493,1484.3338830701446,1484.0310219168493,1484.0310219168493,1484.0310219168493,17,0,0,299,2505,-0.18685333087445372
Wong Hong Yi C.,1484.0,1484.0,1484.0,1484.0,1484.0,1484.0,1484.0,1,0,0,498,279,
Rajeshwaran Revathi M.,1484.0,1484.0,1484.0,1484.0,1484.0,1484.0,1484.0,1,0,0,658,277,
Nugroho P.M.,1484.0,1484.0,1484.0,1484.0,1484.0,1484.0,1484.0,1,0,0,280,277,
Sanchez Uribe M.J.,1484.0,1484.0,1484.0,1484.0,1484.0,1484.0,1484.0,0,1,0,1259,488,
Zhu C.,1484.0,1484.0,1484.0,1484.0,1484.0,1484.0,1484.0,1,0,0,596,278,
Yang Y.,1483.5958691034284,1483.9776574019838,1483.9776574019838,1483.5958691034284,1483.9776574019838,1483.9776574019838,1483.9776574019838,1,0,0,236,1048,
Duerst J.,1483.8862390789043,1484.244664442382,1483.8862390789043,1483.8862390789043,1484.244664442382,1483.8862390789043,1483.8862390789043,0,1,0,442,1104,
Hozumi E.,1482.4160377765218,1483.8753814589688,1485.7230956015278,1482.4160377765218,1483.8753814589688,1485.7230956015278,1483.8753814589688,11,0,1,591,1441,-0.1992689750398856
Volynets K.,1445.3313312174946,1459.5064466787865,1461.8619397222033,1445.3313312174946,1459.5064466787865,1461.8619397222033,1483.6241018098256,77,30,13,93,1,0.040476039056340896
Kovackova J.,1483.5099397022973,1483.5941353925982,1483.5941353925982,1483.5099397022973,1483.5941353925982,1483.5941353925982,1483.5941353925982,1,0,0,553,12,
Allertova D.,1491.664378351234,1490.9331896674964,1489.3187043597954,1491.664378351234,1490.9331896674964,1489.3187043597954,1483.538757528441,62,15,10,247,2482,-0.1988488735452903
Sakellaridi S.,1483.5062476320732,1483.5205617174097,1483.5205617174097,1483.5062476320732,1483.5205617174097,1483.5205617174097,1483.5205617174097,1,0,0,442,19,
Kovinic D.,1433.4537049826097,1533.4537049826097,1479.9262030896691,1429.970060131234,1548.394819626798,1479.9262030896691,1483.4537049826097,98,94,6,1289,563,-0.09437868382059977
Rogowska O.,1485.9343616036429,1490.3003330406582,1485.4563840802919,1485.9343616036429,1490.3003330406582,1485.4563840802919,1483.4269483680432,35,7,1,159,2922,-0.10316655541313854
Soler Espinosa S.,1485.513576718936,1495.7293043681564,1492.4748705993088,1485.513576718936,1495.7293043681564,1492.4748705993088,1483.4231677687771,51,68,9,171,3818,0.02712505745108207
Koukalova K.,1484.575524945178,1492.1351590414333,1496.0262738016168,1484.575524945178,1492.1351590414333,1496.0262738016168,1483.3068601318175,31,18,15,115,3771,-0.36907840794310715
Geerlings Martinez A.,1483.2851029718151,1483.5518747595997,1483.2851029718151,1483.2851029718151,1483.5518747595997,1483.2851029718151,1483.2851029718151,0,1,0,331,383,
Herrero Linana A.,1483.2576760939337,1483.4083312091766,1483.2576760939337,1483.2576760939337,1483.4083312091766,1483.2576760939337,1483.2576760939337,0,1,0,358,383,
Kovackova A.,1483.2426116681183,1483.2539844371836,1483.2539844371836,1483.2426116681183,1483.2539844371836,1483.2539844371836,1483.2539844371836,1,0,0,773,376,
Kudryavtseva A.,1487.0673317367205,1495.089635346815,1495.2675116580654,1487.0673317367205,1495.089635346815,1495.2675116580654,1483.2493042784924,129,49,28,292,3247,0.079716034784304
Hobgarski K.,1483.1899629076506,1483.6952331534012,1483.1899629076506,1483.1899629076506,1483.6952331534012,1483.1899629076506,1483.1899629076506,0,3,0,292,1539,
Ewald W.,1483.1246264897177,1483.1051014246027,1483.1246264897177,1483.1246264897177,1483.1051014246027,1483.1246264897177,1483.1246264897177,0,1,0,1076,1104,
Ahn K.,1489.1070387359316,1481.9426387794883,1493.5579535008114,1489.1070387359316,1481.9426387794883,1493.5579535008114,1483.0393355957062,26,7,8,117,1859,-0.1775623735457612
Brantmeier R.,1483.0070284658682,1483.0133172067576,1483.0133172067576,1483.0070284658682,1483.0133172067576,1483.0133172067576,1483.0133172067576,1,0,0,486,6,
Harrison Ca.,1484.0658623910908,1483.8103438677201,1486.7917785522259,1484.0658623910908,1483.8103438677201,1486.7917785522259,1482.9556195360756,1,1,2,243,1433,
Romero Gormaz L.,1482.6295118852634,1490.030023267448,1482.924408159278,1482.6295118852634,1490.030023267448,1482.924408159278,1482.924408159278,1,9,0,153,10,-0.01770229499590492
Strakhova V.,1482.9273167541055,1484.7736218437142,1482.7740762904064,1482.9273167541055,1484.7736218437142,1482.7740762904064,1482.7740762904064,1,1,0,303,327,
Jang S.J.,1482.779809418204,1482.6785222718916,1482.6785222718916,1482.779809418204,1482.6785222718916,1482.6785222718916,1482.6785222718916,17,0,0,204,2875,-0.26593097931276066
Duque-Marino M.,1485.6077272482005,1493.139750292936,1488.7506553953247,1485.6077272482005,1493.139750292936,1488.7506553953247,1482.6253907235293,11,21,5,105,2939,-0.27638852548924964
Fullana L.,1482.6697981558855,1482.6064703248542,1482.6064703248542,1482.6697981558855,1482.6064703248542,1482.6064703248542,1482.6064703248542,1,0,0,578,327,
Robson L.,1491.9361705890726,1491.9124434758119,1490.4501184867158,1491.9361705890726,1491.9124434758119,1490.4501184867158,1482.5589562793168,51,19,23,189,3317,-0.3788238506080858
Curmi F.,1482.5008732074139,1482.3626293365814,1482.5008732074139,1482.5008732074139,1482.3626293365814,1482.5008732074139,1482.5008732074139,0,1,0,326,1111,
Naef C.,1480.3889376845161,1482.629296426663,1491.9079915186564,1480.3889376845161,1482.629296426663,1491.9079915186564,1482.4771441051298,2,1,6,161,780,
Popa G.S.,1482.4095910964734,1482.500058047578,1482.4095910964734,1482.4095910964734,1482.500058047578,1482.4095910964734,1482.4095910964734,0,1,0,1225,383,
Burillo I.,1482.2847001891766,1480.8474450694962,1482.2847001891766,1482.2847001891766,1480.8474450694962,1482.2847001891766,1482.2847001891766,0,4,0,237,1111,
Glushko J.,1489.1591693895407,1489.0183090280088,1485.871394080593,1489.1591693895407,1489.0183090280088,1485.871394080593,1482.2196312463154,22,20,2,129,2658,0.009780069052395979
Kanepi K.,1516.157620025619,1470.8646335058936,1465.6370651286124,1516.157620025619,1470.8646335058936,1465.6370651286124,1482.1830793398249,256,149,38,133,1067,-0.016294276457559376
Oktiabreva A.,1482.2098103166647,1482.1762318543952,1482.1762318543952,1482.2098103166647,1482.1762318543952,1482.1762318543952,1482.1762318543952,1,0,0,403,13,
Garcia Perez G.,1483.5224932388624,1485.2070560055822,1489.4558310657312,1483.5224932388624,1485.2070560055822,1489.4558310657312,1482.0598377585327,6,6,3,184,1879,-0.04222210468042914
Lew Yan Foon A.,1482.0660463003496,1482.0161337177647,1482.0161337177647,1482.0660463003496,1482.0161337177647,1482.0161337177647,1482.0161337177647,1,0,0,381,277,
Brockmann T.J.,1481.8772425059526,1481.76096657929,1481.8772425059526,1481.8772425059526,1481.76096657929,1481.8772425059526,1481.8772425059526,0,1,0,267,11,
Rapolu M.,1481.9268328720282,1481.7865018893838,1481.7865018893838,1481.9268328720282,1481.7865018893838,1481.7865018893838,1481.7865018893838,1,0,0,542,524,
Hradecka L.,1482.095686464128,1500.145975331954,1490.2003580931132,1482.095686464128,1500.145975331954,1490.2003580931132,1481.7579309155105,104,92,9,495,2033,-0.003628071581872727
Amariei I.D.,1481.6767951118825,1481.548254484521,1481.6767951118825,1481.6767951118825,1481.548254484521,1481.6767951118825,1481.6767951118825,0,1,0,586,19,
Selekhmeteva O.,1495.4477551185926,1464.141982620049,1486.676145521325,1495.4477551185926,1464.141982620049,1486.676145521325,1481.5533954341568,19,9,2,91,31,-0.11191544173998907
El Jardi D.,1481.4552219566726,1481.6681774144115,1481.4552219566726,1481.4552219566726,1481.6681774144115,1481.4552219566726,1481.4552219566726,0,1,0,1023,75,
Anderson R.,1482.3887477552591,1482.6661203181905,1481.4515500604548,1482.3887477552591,1482.6661203181905,1481.4515500604548,1481.4515500604548,1,1,0,178,1580,
Silva E.,1481.1843566416223,1481.1843566416223,1481.3133944820872,1481.1843566416223,1481.1843566416223,1481.3133944820872,1481.1843566416223,0,0,2,343,1517,
Dabrowski G.,1482.4232996141136,1486.9582911960047,1481.031423155051,1482.4232996141136,1486.9582911960047,1481.031423155051,1481.031423155051,7,4,0,493,2007,-0.36649920283016835
Wurth T.,1482.0021836379958,1481.6424777493146,1481.0287199355992,1482.0021836379958,1481.6424777493146,1481.0287199355992,1481.0287199355992,1,1,0,461,741,
Pera B.,1430.9209100867133,1530.9209100867133,1464.6480349417757,1406.3160847729496,1564.5426201420594,1464.6480349417757,1480.9209100867133,119,82,18,111,360,0.049234026616929105
Hosogi S.,1481.0321925581436,1480.9045120997735,1480.9045120997735,1481.0321925581436,1480.9045120997735,1480.9045120997735,1480.9045120997735,1,0,0,256,1041,
Ghioroaie I.G,1480.991239398757,1480.772458955128,1480.772458955128,1480.991239398757,1480.772458955128,1480.772458955128,1480.772458955128,1,0,0,371,1020,
Ferrando C.,1482.52823577953,1481.743342544919,1480.5939621148225,1482.52823577953,1481.743342544919,1480.5939621148225,1480.5939621148225,2,1,0,261,1538,
Barros V.L.,1480.506460024594,1480.5206346569494,1480.5206346569494,1480.506460024594,1480.5206346569494,1480.5206346569494,1480.5206346569494,1,0,0,566,328,
Rogers A.S.,1480.6836681053924,1480.4836149455198,1480.4836149455198,1480.6836681053924,1480.4836149455198,1480.4836149455198,1480.4836149455198,1,0,0,250,327,
Ren Y.,1480.6221170938,1480.4765510488041,1480.4765510488041,1480.6221170938,1480.4765510488041,1480.4765510488041,1480.4765510488041,1,0,0,500,675,
Shinikova I.,1481.7470468604295,1486.6699869505871,1480.4420310677383,1481.7470468604295,1486.6699869505871,1480.4420310677383,1480.4420310677383,3,7,0,214,1412,-0.10837190209427872
Karatantcheva S.,1488.225414346728,1489.5707379985429,1490.462516174994,1488.225414346728,1489.5707379985429,1490.462516174994,1480.385637473049,43,28,9,203,2882,-0.2747919712201615
Flink V.,1484.9556625143223,1484.0443341109449,1484.7803004455113,1484.9556625143223,1484.0443341109449,1484.7803004455113,1480.3623722542695,9,5,2,135,2364,-0.010387519684049662
Di Giuseppe M.,1481.597937781253,1487.163139760943,1481.6890066153596,1481.597937781253,1487.163139760943,1481.6890066153596,1480.1571224147185,1,6,1,288,1741,
Chang K.C.,1485.5054830863935,1489.2113078690932,1488.9896009934812,1485.5054830863935,1489.2113078690932,1488.9896009934812,1480.1538700901826,73,8,8,273,3105,-0.14026835057517556
Tatishvili A.,1485.7254270191884,1492.5276473671781,1491.4317111829669,1485.7254270191884,1492.5276473671781,1491.4317111829669,1480.079704404101,61,46,12,644,3245,-0.15631182546502026
Erakovic M.,1487.8698160585402,1491.1571259884981,1494.7828673095582,1487.8698160585402,1491.1571259884981,1494.7828673095582,1480.0786675167628,132,46,43,174,3244,-0.2539646773572386
Schiavone F.,1474.9968399689674,1508.5587983376734,1490.5772436108066,1474.9968399689674,1508.5587983376734,1490.5772436108066,1480.0637883563513,248,150,54,391,2938,-0.32299069454824825
Kato M.,1484.5903918267732,1483.4757526015128,1482.2755837605025,1484.5903918267732,1483.4757526015128,1482.2755837605025,1480.016658510393,21,2,1,514,2679,-0.06054356227967189
Broady N.,1492.1590508832783,1486.2680372788773,1483.7789750905602,1492.1590508832783,1486.2680372788773,1483.7789750905602,1479.9384712122478,40,4,22,161,2881,0.01281771950635402
Schoofs B.,1481.7843581769725,1484.4331473977459,1484.7945461969216,1481.7843581769725,1484.4331473977459,1484.7945461969216,1479.915095866322,8,2,3,195,2363,-0.19053351211575564
Hodzic M.,1479.7921487506235,1479.6458816907261,1479.6458816907261,1479.7921487506235,1479.6458816907261,1479.6458816907261,1479.6458816907261,1,0,0,334,20,
Sramkova R.,1475.2932508739627,1493.9489358684118,1497.1581008491378,1475.2932508739627,1493.9489358684118,1497.1581008491378,1479.3391904564915,65,23,10,141,5,-0.3599426052179852
Karatancheva L.,1479.0916458450586,1479.4590405730423,1479.0916458450586,1479.0916458450586,1479.4590405730423,1479.0916458450586,1479.0916458450586,0,1,0,288,124,
Laskutova K.,1479.2580678440897,1479.0800863809634,1479.0800863809634,1479.2580678440897,1479.0800863809634,1479.0800863809634,1479.0800863809634,1,0,0,366,684,
Shymanovich I.,1477.5958714860958,1487.7517029939781,1479.624034648416,1477.5958714860958,1487.7517029939781,1479.624034648416,1479.036250309519,6,9,1,205,4,0.014018117551226894
Malygina E.,1480.5977327790295,1479.7623903875012,1479.0075957260897,1480.5977327790295,1479.7623903875012,1479.0075957260897,1479.0075957260897,1,1,0,590,1168,
Ozgen P.,1481.5183824852925,1479.3325396448388,1478.965945471175,1481.5183824852925,1479.3325396448388,1478.965945471175,1478.965945471175,1,8,0,320,1566,
Smitkova T.,1489.8683060930305,1484.3755003324122,1487.3175080768028,1489.8683060930305,1484.3755003324122,1487.3175080768028,1478.8573601156295,24,15,9,478,1844,-0.09229453583268998
Volodko K.,1479.9929074869997,1479.6110222145003,1478.5248429313665,1479.9929074869997,1479.6110222145003,1478.5248429313665,1478.5248429313665,1,1,0,267,1028,
Ma Y.,1472.7204827304963,1478.4816562052222,1478.4816562052222,1472.7204827304963,1478.4816562052222,1478.4816562052222,1478.4816562052222,7,0,0,194,3,
Bandecchi S.,1478.4811253763776,1480.8617254388296,1479.2622978557213,1478.4811253763776,1480.8617254388296,1479.2622978557213,1478.4811253763776,0,6,1,215,66,
Witthoeft C.,1495.4366185439624,1480.09629365455,1490.9361031962683,1495.4366185439624,1480.09629365455,1490.9361031962683,1478.428647484622,62,38,17,100,2848,-0.26888059573389844
Benoit M.,1478.3857057746138,1479.0338586542402,1478.3857057746138,1478.3857057746138,1479.0338586542402,1478.3857057746138,1478.3857057746138,0,2,0,250,741,
Wang Xiy.,1437.4714039261596,1502.5741759786708,1457.2197774798515,1437.4714039261596,1502.5741759786708,1457.2197774798515,1478.3588665701795,104,32,9,94,5,-0.024778676248190468
Mendez S.,1478.2023618592912,1478.1909699063394,1478.1909699063394,1478.2023618592912,1478.1909699063394,1478.1909699063394,1478.1909699063394,2,0,0,211,1614,
Prisacariu A.,1479.7094912718824,1479.1927880228397,1478.12239399395,1479.7094912718824,1479.1927880228397,1478.12239399395,1478.12239399395,1,1,0,474,383,
Shimizu A.,1476.929052539663,1478.1073211411726,1478.1073211411726,1476.929052539663,1478.1073211411726,1478.1073211411726,1478.1073211411726,3,0,0,425,202,
Wang M.,1477.845975337831,1477.9650818838886,1477.9650818838886,1477.845975337831,1477.9650818838886,1477.9650818838886,1477.9650818838886,2,0,0,410,675,
Kiick A.,1483.154786237793,1482.823668803633,1477.8762806474226,1483.154786237793,1482.823668803633,1477.8762806474226,1477.8762806474226,12,5,0,270,1581,-0.04268087617123273
Lapko V.,1480.0572706527007,1491.8348543033103,1484.4728948645288,1480.0572706527007,1491.8348543033103,1484.4728948645288,1477.8313619162511,28,10,6,408,1768,-0.1871813334872967
Papadakis L.,1477.7966865495803,1477.7966865495803,1476.1997784770688,1477.7966865495803,1477.7966865495803,1476.1997784770688,1477.7966865495803,0,0,2,332,1133,
Klimovicova L.,1477.0228816862632,1477.7541913262526,1477.7541913262526,1477.0228816862632,1477.7541913262526,1477.7541913262526,1477.7541913262526,2,0,0,131,182,
Timofeeva M.,1498.484664137634,1462.8166604862422,1484.044496742822,1498.484664137634,1462.8166604862422,1484.044496742822,1477.57351911271,12,14,2,84,10,-0.18725347502952483
Chang S.,1477.484414357824,1477.7885325615844,1477.484414357824,1477.484414357824,1477.7885325615844,1477.484414357824,1477.484414357824,0,2,0,1237,1168,
Bjorklund M.,1476.973053836477,1489.0139160086571,1479.280726674967,1476.973053836477,1489.0139160086571,1479.280726674967,1477.446972888921,9,7,1,155,1070,0.057818324005728894
Zheng W.,1476.385131296744,1476.8159850473605,1476.8159850473605,1476.385131296744,1476.8159850473605,1476.8159850473605,1476.8159850473605,6,0,0,309,277,
Rosatello C.,1477.536925895422,1478.1096167818762,1476.7310928172615,1477.536925895422,1478.1096167818762,1476.7310928172615,1476.7310928172615,1,9,0,245,440,-0.05745976640150524
Zacarias M.,1481.1376438450834,1480.083693744079,1476.427073330122,1481.1376438450834,1480.083693744079,1476.427073330122,1476.427073330122,5,3,0,212,1441,
Hruncakova V.,1468.2081779498953,1479.2550429311882,1492.0141678044688,1468.2081779498953,1479.2550429311882,1492.0141678044688,1476.1967131560577,9,3,5,113,1020,-0.1178093148270053
Gabueva A.,1476.0113405733132,1476.4165353650585,1476.0113405733132,1476.0113405733132,1476.4165353650585,1476.0113405733132,1476.0113405733132,0,2,0,119,1168,
Liu F.,1476.0348729147147,1475.9561155368717,1475.9561155368717,1476.0348729147147,1475.9561155368717,1475.9561155368717,1475.9561155368717,23,0,0,367,642,0.04183278011932584
Paoletti M.,1475.7913292157007,1475.5782013662747,1475.7913292157007,1475.7913292157007,1475.5782013662747,1475.7913292157007,1475.7913292157007,0,4,0,294,1180,
Olmos G.,1475.802873372655,1475.7561882705163,1475.7561882705163,1475.802873372655,1475.7561882705163,1475.7561882705163,1475.7561882705163,4,0,0,685,1664,
Falconi I.,1478.4372598135199,1495.4631987810797,1488.6105637274966,1478.4372598135199,1495.4631987810797,1488.6105637274966,1475.6424232599666,64,32,14,152,2972,-0.2596956447468528
Xu M.,1475.5672361100844,1475.5672361100844,1466.6676634387354,1475.5672361100844,1475.5672361100844,1466.6676634387354,1475.5672361100844,0,0,5,326,34,
Inoue H.,1475.4323632427822,1475.226354190581,1475.226354190581,1475.4323632427822,1475.226354190581,1475.226354190581,1475.226354190581,2,0,0,215,342,
Peterson R.,1525.2253313501053,1445.5436491034575,1454.1251550082234,1546.0535810142724,1445.5436491034575,1454.1251550082234,1475.2253313501053,93,51,14,86,1070,-0.10954796603974709
Kumkhum L.,1486.934320149208,1480.0449546461955,1482.4275941729952,1486.934320149208,1480.0449546461955,1482.4275941729952,1475.169861279189,48,5,4,107,2589,-0.09215495066290252
Hogenkamp R.,1483.07323850185,1486.7685767961598,1485.882632299684,1483.07323850185,1486.7685767961598,1485.882632299684,1475.1214252944508,16,18,8,207,2531,-0.23273236229033453
Park S.,1474.8623315730651,1474.779898365352,1474.779898365352,1474.8623315730651,1474.779898365352,1474.779898365352,1474.779898365352,2,0,0,293,321,
Soler-Espinosa S.,1481.1526799838512,1481.3348052581885,1474.714746977892,1481.1526799838512,1481.3348052581885,1474.714746977892,1474.714746977892,5,17,0,190,2770,-0.19738977146409933
Fita Boluda A.,1474.3816911509437,1474.1619504398027,1474.3816911509437,1474.3816911509437,1474.1619504398027,1474.3816911509437,1474.3816911509437,0,2,0,192,75,
Kostovic T.,1475.5660990798963,1475.6032468434241,1476.461890542371,1475.5660990798963,1475.6032468434241,1476.461890542371,1474.2938301638044,1,1,1,184,34,
Beck A.,1483.9898716275206,1486.5261251117458,1490.4068394538945,1483.9898716275206,1486.5261251117458,1490.4068394538945,1474.2014704091928,119,64,15,140,3261,-0.20372446214459278
Pironkova T.,1477.8692178831195,1488.788477031981,1493.220315265754,1477.8692178831195,1488.788477031981,1493.220315265754,1474.1228671731103,186,101,52,107,1797,-0.12214328721724893
Zueger J.,1473.7254404689807,1473.7517698478152,1473.7517698478152,1473.7254404689807,1473.7517698478152,1473.7517698478152,1473.7517698478152,2,0,0,180,1280,
Bogdan A.,1448.2173252693115,1517.412953394789,1478.997326984435,1448.2173252693115,1517.412953394789,1478.997326984435,1473.6628438609964,98,67,15,538,181,-0.21153605228354794
Brace C.,1472.397647374228,1473.519258446797,1473.519258446797,1472.397647374228,1473.519258446797,1473.519258446797,1473.519258446797,4,0,0,254,5,
Aiava D.,1475.552675437621,1474.859885915377,1479.4086604019537,1475.552675437621,1474.859885915377,1479.4086604019537,1473.4931966883614,17,2,2,166,342,-0.0536426797639552
Monroy Y.,1473.4869061390543,1473.868137845315,1473.4869061390543,1473.4869061390543,1473.868137845315,1473.4869061390543,1473.4869061390543,0,2,0,765,851,
Flipkens K.,1435.3735261567551,1473.131297599604,1522.6589772944235,1435.3735261567551,1473.131297599604,1522.6589772944235,1473.4790919699453,237,72,78,190,1494,0.11927354060743273
Miyazaki Y.,1482.9180859996754,1473.3800581780529,1470.217745009215,1482.9180859996754,1473.3800581780529,1470.217745009215,1473.3800581780529,5,0,7,166,689,-0.03675614692786555
Okamura K.,1475.1669977293445,1474.3546108150563,1473.0369578665147,1475.1669977293445,1474.3546108150563,1473.0369578665147,1473.0369578665147,4,1,0,183,489,
Niemeier J.,1452.3899730625885,1450.7752191236782,1498.8810004796385,1452.3899730625885,1450.7752191236782,1498.8810004796385,1473.025738898798,35,33,20,566,12,-0.24639498102735563
Lao D.,1479.6838362603369,1473.0147474047271,1477.0110561152476,1479.6838362603369,1473.0147474047271,1477.0110561152476,1473.0147474047271,7,0,3,239,1861,-0.2520632287641553
Jimenez V.,1481.1798794075567,1474.8146331904125,1472.940559728753,1481.1798794075567,1474.8146331904125,1472.940559728753,1472.940559728753,5,2,0,175,1194,
Mattek-Sands B.,1476.020216662153,1489.7413014833464,1490.2712914827348,1476.020216662153,1489.7413014833464,1490.2712914827348,1472.8564702640217,133,67,12,363,1803,-0.06207631418542525
Di Sarra F.,1472.830944534826,1472.9249181985501,1472.830944534826,1472.830944534826,1472.9249181985501,1472.830944534826,1472.830944534826,0,2,0,530,815,
Kozlova K.,1465.2490644867817,1495.1359577623357,1483.6946947213605,1465.2490644867817,1495.1359577623357,1483.6946947213605,1472.8165382303216,94,37,10,145,1728,0.01965885816487356
Kalieva E.,1488.1140222172917,1459.198542996753,1472.8086190579631,1488.1140222172917,1459.198542996753,1472.8086190579631,1472.8086190579631,10,4,0,132,1,0.09958271445071953
Barry M.,1471.8429879555288,1472.7751571581712,1472.7751571581712,1471.8429879555288,1472.7751571581712,1472.7751571581712,1472.7751571581712,2,0,0,726,208,
Cross K.,1471.3325840603443,1472.6565823057936,1472.6565823057936,1471.3325840603443,1472.6565823057936,1472.6565823057936,1472.6565823057936,2,0,0,262,370,
Dulgheru A.,1489.8955061317001,1480.2141878348843,1490.366782954332,1489.8955061317001,1480.2141878348843,1490.366782954332,1472.6303273925453,88,72,15,372,1840,-0.06298161151246301
Ku Y.,1470.7995458711227,1472.5107053538225,1472.5107053538225,1470.7995458711227,1472.5107053538225,1472.5107053538225,1472.5107053538225,2,0,0,305,321,
Hsieh S.W.,1507.3384092022523,1459.6140506730162,1483.8864326469472,1507.3384092022523,1459.6140506730162,1483.8864326469472,1472.487649827046,205,57,42,23,1168,-0.15194591554252307
Mitu A.,1474.4020368101094,1490.5037796319061,1479.932877274996,1474.4020368101094,1490.5037796319061,1479.932877274996,1472.4435974419553,10,21,3,216,908,-0.13973555495529394
Costoulas S.,1478.7358439060297,1473.847284119433,1472.396896136495,1478.7358439060297,1473.847284119433,1472.396896136495,1472.396896136495,5,1,0,155,13,
Liu C.,1436.5450567542855,1489.5513360655734,1478.7263672579406,1436.5450567542855,1489.5513360655734,1478.7263672579406,1472.2947041923735,62,29,12,111,19,0.028549631601290204
Urgesi F.,1472.127650434902,1471.0420332852061,1472.127650434902,1472.127650434902,1471.0420332852061,1472.127650434902,1472.127650434902,0,2,0,410,88,
Nahimana S.,1471.3996714548862,1472.0314477639722,1471.3996714548862,1471.3996714548862,1472.0314477639722,1471.3996714548862,1471.3996714548862,0,6,0,231,74,
Cepede Royg V.,1478.6781704159548,1490.807331570996,1483.014585588911,1478.6781704159548,1490.807331570996,1483.014585588911,1471.3348946006831,30,27,9,126,2925,-0.2644047482170264
Mansouri Y.,1470.7048931471736,1471.1952230570303,1471.1952230570303,1470.7048931471736,1471.1952230570303,1471.1952230570303,1471.1952230570303,2,0,0,380,327,
Lottner A.,1477.4009376203758,1480.5627479934697,1486.4112502012863,1477.4009376203758,1480.5627479934697,1486.4112502012863,1470.968502959617,10,17,8,162,2344,0.02295173876998663
Topalova G.,1470.8343755363037,1471.1238334311688,1470.8343755363037,1470.8343755363037,1471.1238334311688,1470.8343755363037,1470.8343755363037,0,2,0,229,741,
Pigato L.,1470.794348508736,1468.613728074603,1470.794348508736,1470.794348508736,1468.613728074603,1470.794348508736,1470.794348508736,0,5,0,141,88,
Wang Q.,1491.7373758756912,1482.7774238773563,1466.8298904765438,1491.7373758756912,1482.7774238773563,1466.8298904765438,1470.659708179162,184,48,16,403,676,-0.19012827440505936
Kung L.,1489.065270288836,1468.0481098208165,1477.0339210768868,1489.065270288836,1468.0481098208165,1477.0339210768868,1470.4387301003767,8,6,2,206,487,-0.21558772225199258
Vandeweghe C.,1442.8744671235122,1503.0226337114666,1501.697272902861,1442.8744671235122,1503.0226337114666,1501.697272902861,1470.4034616840006,175,38,63,136,1248,-0.04784957898932457
Maristany G.,1471.8645975986158,1474.7405084766056,1470.2387118903873,1471.8645975986158,1474.7405084766056,1470.2387118903873,1470.2387118903873,1,3,0,178,122,
Hatouka Y.,1472.8390348523628,1476.368841914378,1472.6956307879482,1472.8390348523628,1476.368841914378,1472.6956307879482,1470.1162787375304,1,3,2,240,1102,
Pedone G.,1470.0747179095133,1469.715932819141,1470.0747179095133,1470.0747179095133,1469.715932819141,1470.0747179095133,1470.0747179095133,0,2,0,229,453,
Cadantu A.,1491.9597719249584,1477.2901890047528,1483.666640511905,1491.9597719249584,1477.2901890047528,1483.666640511905,1469.6939098119713,37,45,7,154,1469,-0.1076869825753029
Sharma A.,1419.645042011059,1515.9748386098538,1471.2481428541905,1419.3996367080497,1515.9748386098538,1471.2481428541905,1469.645042011059,28,41,4,148,377,0.13413603186911466
Falei A.,1469.113381887771,1469.599238903056,1469.599238903056,1469.113381887771,1469.599238903056,1469.599238903056,1469.599238903056,2,0,0,340,279,
Abduraimova N.,1483.6854159152113,1472.3652848936838,1469.5598447119999,1483.6854159152113,1472.3652848936838,1469.5598447119999,1469.5598447119999,21,3,0,181,1104,-0.15352643656107245
El Allami M.,1469.4313792755818,1469.583577437958,1469.4313792755818,1469.4313792755818,1469.583577437958,1469.4313792755818,1469.4313792755818,0,2,0,1143,803,
Vedder E.,1469.398147837667,1470.3982302712423,1471.28351965204,1469.398147837667,1470.3982302712423,1471.28351965204,1469.398147837667,0,2,1,249,382,
Soboleva A.,1470.7027566687666,1471.233687281806,1469.3304276891174,1470.7027566687666,1471.233687281806,1469.3304276891174,1469.3304276891174,1,1,0,231,741,
Ozaki R.,1476.4860086128263,1476.8965034767702,1479.524287767369,1476.4860086128263,1476.8965034767702,1479.524287767369,1469.0008138030742,48,3,5,292,2518,-0.20695695389855365
Perrin C.,1473.1811664234215,1475.7953544639827,1472.6420220133452,1473.1811664234215,1475.7953544639827,1472.6420220133452,1468.7676057988965,2,11,1,261,1846,-0.24326608382040413
Arconada U.M.,1473.4518169366925,1472.9816636020316,1468.75080766535,1473.4518169366925,1472.9816636020316,1468.75080766535,1468.75080766535,6,2,0,189,1759,
Betova M.,1470.4640563138107,1468.599527295861,1470.6154761757261,1470.4640563138107,1468.599527295861,1470.6154761757261,1468.599527295861,1,0,1,1022,1070,
Appleton E.,1468.5218688284306,1468.5218688284306,1469.2230665671968,1468.5218688284306,1468.5218688284306,1469.2230665671968,1468.5218688284306,0,0,2,356,783,
Errani S.,1457.0045475822203,1456.2815320777995,1459.3783054081582,1457.0045475822203,1456.2815320777995,1459.3783054081582,1468.4871704861912,326,284,40,177,452,-0.02551767391763976
Janicijevic S.,1470.6696389172637,1477.4336020613555,1468.4804453826016,1470.6696389172637,1477.4336020613555,1468.4804453826016,1468.4804453826016,1,9,0,245,125,-0.0691994830742989
Burrage J.,1458.9353599471553,1474.985186773283,1489.9669807322775,1458.9353599471553,1474.985186773283,1489.9669807322775,1468.2759217421972,20,3,22,154,397,-0.15458835940136212
Ormaechea P.,1486.6122281152498,1471.8025736228044,1477.1887729014447,1486.6122281152498,1471.8025736228044,1477.1887729014447,1468.1381313670386,18,39,3,183,1217,-0.21917334232860408
Back D.,1466.7539030757605,1468.121534211083,1468.121534211083,1466.7539030757605,1468.121534211083,1468.121534211083,1468.121534211083,5,0,0,306,319,
Steiner V.,1468.033683769077,1468.2004515589788,1468.033683769077,1468.033683769077,1468.2004515589788,1468.033683769077,1468.033683769077,0,2,0,544,12,
Wong C.,1467.3279696559778,1467.1617328205616,1467.1617328205616,1467.3279696559778,1467.1617328205616,1467.1617328205616,1467.1617328205616,2,0,0,412,642,
Maleckova J.,1469.519299678714,1470.5720889683828,1466.9894832491595,1469.519299678714,1470.5720889683828,1466.9894832491595,1466.9894832491595,1,3,0,589,377,
Matoula M.,1466.628778563218,1466.535043312357,1466.535043312357,1466.628778563218,1466.535043312357,1466.535043312357,1466.535043312357,2,0,0,301,20,
Toth A.,1466.206022879845,1466.3633681776487,1466.206022879845,1466.206022879845,1466.3633681776487,1466.206022879845,1466.206022879845,0,2,0,371,748,
Pattinama Kerkhove L.,1465.922315337963,1466.1601920207156,1475.8397201962257,1465.922315337963,1466.1601920207156,1475.8397201962257,1466.1601920207156,8,0,7,203,1146,-0.00532619487623337
Glushko L.,1468.751919612197,1468.8508752510602,1466.0440184259287,1468.751919612197,1468.8508752510602,1466.0440184259287,1466.0440184259287,4,1,0,389,327,
Gibbs N.,1472.410084504057,1481.484830530922,1475.1733520388054,1472.410084504057,1481.484830530922,1475.1733520388054,1465.934323934118,75,11,3,124,2400,-0.0940888456114034
Nara K.,1468.0988231556282,1493.5673339787495,1481.1171962759272,1468.0988231556282,1493.5673339787495,1481.1171962759272,1465.388875484921,139,31,22,155,1880,0.14526114735451973
Monnet C.,1475.089325779333,1453.5620676196963,1465.3053087526982,1475.089325779333,1453.5620676196963,1465.3053087526982,1465.3053087526982,2,7,0,205,17,
Min G.,1479.9188068265564,1475.3070505845662,1472.2938950970147,1479.9188068265564,1475.3070505845662,1472.2938950970147,1465.015785276181,17,24,2,344,1050,-0.03944053429898642
Blinkova A.,1496.1083733180958,1414.404236101242,1482.077160541408,1496.1083733180958,1407.1998959135146,1482.077160541408,1464.404236101242,158,55,35,105,12,-0.29187574917891657
Dodin O.,1469.523883176095,1473.2649850612381,1461.9955371456529,1469.523883176095,1473.2649850612381,1461.9955371456529,1464.2158572583858,71,40,9,362,11,-0.0605545141177275
Klugman H.,1464.21027413866,1464.21027413866,1459.3919244642593,1464.21027413866,1464.21027413866,1459.3919244642593,1464.21027413866,0,0,6,416,34,
Han N.L.,1457.8752680170155,1464.1520163685072,1464.1520163685072,1457.8752680170155,1464.1520163685072,1464.1520163685072,1464.1520163685072,15,0,0,236,1028,-0.05204300033689302
Kudermetova P.,1491.176261115127,1450.243090736115,1453.3156166691274,1491.176261115127,1450.243090736115,1453.3156166691274,1464.1490096226853,39,10,7,108,2,-0.016357356314986082
Sebov K.,1467.123841624465,1470.0350619009969,1464.0494466951432,1467.123841624465,1470.0350619009969,1464.0494466951432,1464.0494466951432,8,3,0,231,5,-0.0163440891926096
Ristic M.,1463.8182130652078,1464.6214369404165,1463.8182130652078,1463.8182130652078,1464.6214369404165,1463.8182130652078,1463.8182130652078,0,2,0,301,748,
Shibahara E.,1461.4764037461164,1471.2658183188876,1466.431014906342,1461.4764037461164,1471.2658183188876,1466.431014906342,1463.8164243871472,14,2,1,193,279,0.00037402132188024684
Chong E.,1463.6520342548974,1463.7948550374458,1463.7948550374458,1463.6520342548974,1463.7948550374458,1463.7948550374458,1463.7948550374458,5,0,0,632,276,
Nugroho P.,1464.0984804937787,1463.615588383291,1463.615588383291,1464.0984804937787,1463.615588383291,1463.615588383291,1463.615588383291,2,0,0,535,643,
Andrianjafitrimo T.,1467.5912810516832,1462.9614555959258,1463.117061824834,1467.5912810516832,1462.9614555959258,1463.117061824834,1463.117061824834,1,5,0,388,1112,
Shvedova Y.,1466.5907374979204,1485.1799534640231,1497.7898372944792,1466.5907374979204,1485.1799534640231,1497.7898372944792,1462.7606898807385,161,90,42,452,1797,-0.21312349727925523
Mediorreal A.V.,1462.755351112755,1463.71159634018,1462.755351112755,1462.755351112755,1463.71159634018,1462.755351112755,1462.755351112755,0,2,0,753,125,
Torres Murcia M.C.,1462.2996295554385,1463.0352422669082,1462.2996295554385,1462.2996295554385,1463.0352422669082,1462.2996295554385,1462.2996295554385,0,2,0,880,124,
Lu J.,1462.6890222312581,1461.5521919736677,1461.5521919736677,1462.6890222312581,1461.5521919736677,1461.5521919736677,1461.5521919736677,4,0,0,259,642,
Knutson G.,1463.5686458229718,1464.6965274958216,1461.2598008214181,1463.5686458229718,1464.6965274958216,1461.2598008214181,1461.2598008214181,2,1,0,223,110,
Stojanovic N.,1482.0349713856924,1467.4391495190464,1474.4021998322296,1482.0349713856924,1467.4391495190464,1474.4021998322296,1460.8677599258601,37,13,7,163,376,-0.15102215415360576
Yamaguchi M.,1459.9425097997448,1460.8083329151157,1460.8083329151157,1459.9425097997448,1460.8083329151157,1460.8083329151157,1460.8083329151157,3,0,0,279,276,
Guo H.,1459.1197767707915,1463.3916689155867,1460.7169721613416,1459.1197767707915,1463.3916689155867,1460.7169721613416,1460.7169721613416,10,1,0,166,69,-0.09221330511362974
Saigo R.,1460.0017625044168,1460.62016700333,1460.62016700333,1460.0017625044168,1460.62016700333,1460.62016700333,1460.62016700333,3,0,0,365,278,
Urhobo A.,1462.6396840743023,1461.7957499098968,1459.8749245531753,1462.6396840743023,1461.7957499098968,1459.8749245531753,1459.8749245531753,1,2,0,185,69,
Larsson J.,1464.5312735119842,1498.8419910356117,1478.3864143802743,1464.5312735119842,1498.8419910356117,1478.3864143802743,1459.7988745374787,163,135,17,215,2386,-0.0701174218973189
Mcnally C.,1460.516363781485,1471.707563754467,1473.134004117715,1460.516363781485,1471.707563754467,1473.134004117715,1459.7820892459645,47,11,12,540,565,-0.17635228722828755
Niculescu M.,1477.1343360962494,1479.6576479632026,1480.7184905535764,1477.1343360962494,1479.6576479632026,1480.7184905535764,1459.6114680812616,268,62,37,191,1861,-0.25712959110112277
Martinez Cirez C.,1459.3971063100803,1457.280038974985,1459.3971063100803,1459.3971063100803,1457.280038974985,1459.3971063100803,1459.3971063100803,0,3,0,352,102,
Rouvroy M.,1459.1622148340612,1459.904378251379,1459.1622148340612,1459.1622148340612,1459.904378251379,1459.1622148340612,1459.1622148340612,0,2,0,321,383,
Lisicki S.,1503.1708111402395,1461.147037277456,1487.9894778263474,1503.1708111402395,1461.147037277456,1487.9894778263474,1458.9465426094798,224,76,61,371,1134,-0.21864693194281315
Hon P.,1452.100720558922,1467.97998136507,1462.7682326890276,1452.100720558922,1467.97998136507,1462.7682326890276,1458.781164971233,54,2,3,158,12,0.252081026431504
Duan Y.Y.,1466.4216634305942,1470.888032570328,1478.7979197665713,1466.4216634305942,1470.888032570328,1478.7979197665713,1458.7249109052368,77,4,9,397,2399,-0.24074854647758379
Stoiana M.,1461.016412695439,1461.5348277384278,1458.6208582316635,1461.016412695439,1461.5348277384278,1458.6208582316635,1458.6208582316635,2,1,0,124,5,
Mrdeza T.,1473.7981989254092,1464.18662037843,1458.5651036043946,1473.7981989254092,1464.18662037843,1458.5651036043946,1458.5651036043946,7,9,0,225,1783,-0.3728900369727496
Radwanska U.,1471.4819326163279,1481.2993293915556,1489.9251780767274,1471.4819326163279,1481.2993293915556,1489.9251780767274,1458.486586402904,153,33,28,210,1742,-0.22683529410116826
Kuzmova V.,1459.9797244726578,1480.4824396097124,1475.233874935028,1459.9797244726578,1480.4824396097124,1475.233874935028,1458.3619111727644,73,26,9,134,1304,-0.05683933521952539
Watson H.,1443.0328306617891,1476.353385869173,1465.1438744560533,1443.0328306617891,1476.353385869173,1465.1438744560533,1457.934802091957,193,50,87,281,159,-0.14887506453322497
Naklo T.,1456.9702973944059,1457.8532659714483,1457.8532659714483,1456.9702973944059,1457.8532659714483,1457.8532659714483,1457.8532659714483,3,0,0,543,277,
Dudeney A.,1457.7861707087286,1457.7861707087286,1456.8301269625908,1457.7861707087286,1457.7861707087286,1456.8301269625908,1457.7861707087286,0,0,3,245,34,
Serban R.,1457.2464770663576,1457.536395599559,1457.2464770663576,1457.2464770663576,1457.536395599559,1457.2464770663576,1457.2464770663576,0,5,0,224,383,
Minnen G.,1441.675670692013,1431.2749621311646,1475.9726620326387,1441.675670692013,1431.2749621311646,1475.9726620326387,1456.9463158081853,86,12,23,202,52,-0.15319288197973852
Jacquemot E.,1457.4300761336663,1445.4715069968324,1463.715632543268,1457.4300761336663,1445.4715069968324,1463.715632543268,1456.8313869406852,25,23,4,104,10,-0.06453989136935961
Strycova B.,1449.125475415625,1497.0647027665893,1500.0673436234608,1449.125475415625,1497.0647027665893,1500.0673436234608,1456.7579288509617,157,62,44,430,1069,-0.2656343966708121
Shi H.,1455.4561146241376,1456.69529742638,1456.69529742638,1455.4561146241376,1456.69529742638,1456.69529742638,1456.69529742638,5,0,0,312,312,
Khromacheva I.,1474.6241443006554,1467.4986762806175,1461.8106759016734,1474.6241443006554,1467.4986762806175,1461.8106759016734,1456.6330835494937,11,12,1,290,1167,-0.40241696490877077
Szabanin N.,1456.3966912287924,1456.7452174486539,1456.3966912287924,1456.3966912287924,1456.7452174486539,1456.3966912287924,1456.3966912287924,0,3,0,572,748,
Savinykh V.,1461.8726546758705,1468.9001415822684,1461.351434464709,1461.8726546758705,1468.9001415822684,1461.351434464709,1456.2215068044004,26,4,1,146,1017,-0.027630817065263213
Hesse A.,1471.587208245522,1464.6160886781197,1460.5143343220814,1471.587208245522,1464.6160886781197,1460.5143343220814,1455.9945877215048,6,14,1,821,1169,-0.18765909779143478
Jakupovic D.,1467.5580411387343,1475.9100239313032,1475.613327833341,1467.5580411387343,1475.9100239313032,1475.613327833341,1455.7805938028516,28,17,7,267,1102,-0.012920558925045955
Stojsavljevic M.,1458.6247523541476,1455.6389488678615,1457.558919228055,1458.6247523541476,1455.6389488678615,1457.558919228055,1455.6389488678615,1,0,3,276,34,
El Aouni A.,1455.4030196223387,1456.395409305946,1455.4030196223387,1455.4030196223387,1456.395409305946,1455.4030196223387,1455.4030196223387,0,3,0,835,439,
Arango E.,1463.0713902720252,1462.569768144247,1458.1235303628325,1463.0713902720252,1462.569768144247,1458.1235303628325,1455.232010329133,38,26,5,96,19,-0.1469353812218267
Lee G.,1455.2307008520877,1455.2464994477937,1455.2307008520877,1455.2307008520877,1455.2464994477937,1455.2307008520877,1455.2307008520877,0,6,0,312,852,
Cepelova J.,1462.706721565233,1485.939063632673,1484.21273023477,1462.706721565233,1485.939063632673,1484.21273023477,1455.2245786514907,83,42,17,155,2483,0.0035386893052127832
Jorovic I.,1467.5351415734099,1466.8752382363243,1471.017461793807,1467.5351415734099,1466.8752382363243,1471.017461793807,1454.3314160563161,14,9,4,417,1742,-0.20375805540464187
Vikhlyantseva N.,1460.168693180879,1478.2435147791207,1483.7848059339035,1460.168693180879,1478.2435147791207,1483.7848059339035,1453.8103838508869,43,29,15,170,1769,-0.18953548759732958
Jamrichova R.,1456.1412046677835,1456.6001061264715,1453.0664339642456,1456.1412046677835,1456.6001061264715,1453.0664339642456,1453.0664339642456,2,1,0,310,523,
Jimenez Kasintseva V.,1477.1758572934104,1453.3728710015641,1456.5268424123553,1477.1758572934104,1453.3728710015641,1456.5268424123553,1452.8842249963554,14,7,1,114,20,-0.06253170299599992
Wickmayer Y.,1470.2808412104773,1502.6903749090438,1455.3759774714915,1470.2808412104773,1509.2962398126126,1455.3759774714915,1452.6903749090438,266,87,71,764,398,-0.2928433689952233
Palicova B.,1458.2501829210028,1456.2741823759418,1452.467535145184,1458.2501829210028,1456.2741823759418,1452.467535145184,1452.467535145184,4,1,0,179,375,
Galfi D.,1403.543000191,1458.8224750923082,1502.4604398116464,1403.543000191,1458.8224750923082,1522.464503858947,1452.4604398116464,36,25,16,137,19,-0.08657308140057363
Fett J.,1421.8718697685138,1486.341864348267,1462.3267645744938,1421.8718697685138,1486.341864348267,1462.3267645744938,1451.7252911505982,37,17,6,151,384,-0.032398722874139085
Buyukakcay C.,1466.2967857504682,1473.1626242723883,1461.7915563946315,1466.2967857504682,1473.1626242723883,1461.7915563946315,1451.6331063407479,33,36,2,769,1166,-0.15022721204971015
Haas B.,1469.3598109197515,1460.3779535165856,1451.433704058737,1469.3598109197515,1460.3779535165856,1451.433704058737,1451.433704058737,9,11,0,158,1847,-0.15912576757054417
Alves C.,1454.6191339905213,1456.5995905453951,1450.4218674177387,1454.6191339905213,1456.5995905453951,1450.4218674177387,1450.4218674177387,1,5,0,237,328,
Schunk N.,1455.5058312923636,1453.9179769233278,1455.230136178782,1455.5058312923636,1453.9179769233278,1455.230136178782,1450.4061693269143,1,7,1,418,12,
Parrizas Diaz N.,1483.8554869992654,1433.2766001973546,1445.8214354129275,1483.8554869992654,1433.2766001973546,1445.8214354129275,1450.3338768046071,55,30,5,111,488,-0.21819991286626433
Arruabarrena L.,1448.4963985592235,1484.2233872207894,1479.3191624507135,1448.4963985592235,1484.2233872207894,1479.3191624507135,1450.2256497248673,69,91,12,178,1840,-0.26564111880137503
Burillo Escorihuela I.,1449.9583367682667,1451.1265066853884,1449.9583367682667,1449.9583367682667,1451.1265066853884,1449.9583367682667,1449.9583367682667,0,3,0,211,124,
Fossa Huergo N.,1454.1026842342221,1453.9734366713299,1449.8630432763812,1454.1026842342221,1453.9734366713299,1449.8630432763812,1449.8630432763812,1,2,0,269,328,
Todoni A.,1462.6228684096975,1455.8732469664114,1456.1980214508444,1462.6228684096975,1455.8732469664114,1456.1980214508444,1449.1569571993941,4,5,4,90,398,-0.05862098495867851
Diyas Z.,1459.3197334161991,1477.1798832484524,1478.4715238763354,1459.3197334161991,1477.1798832484524,1478.4715238763354,1448.0035247342967,146,48,23,290,195,-0.13109743407144087
Pridankina E.,1456.6735803446247,1455.9732258955796,1447.6727053477425,1456.6735803446247,1455.9732258955796,1447.6727053477425,1447.6727053477425,6,4,0,184,12,-0.1293499770745034
Pigossi L.,1436.662773783722,1486.9192412833654,1452.4594444301356,1436.662773783722,1486.9192412833654,1452.4594444301356,1447.250107352928,9,23,1,193,325,-0.08058794797080976
Bronzetti L.,1468.6449680095802,1436.3209489406192,1446.6175594516762,1468.6449680095802,1436.3209489406192,1446.6175594516762,1446.897544389187,94,48,15,172,70,-0.40095821877757504
Konjuh A.,1477.5444449807792,1459.2995005825767,1487.842663668118,1477.5444449807792,1459.2995005825767,1487.842663668118,1446.5337542141838,89,35,24,508,439,-0.5406579979214186
Ngounoue C.,1449.2241523721646,1450.635492669966,1446.1690014255005,1449.2241523721646,1450.635492669966,1446.1690014255005,1446.1690014255005,7,1,0,178,342,
Van Uytvanck A.,1495.3283974796282,1433.0679670094453,1457.3287235851017,1508.1625455114934,1433.0679670094453,1457.3287235851017,1445.3283974796282,160,58,41,245,741,-0.27648977727540425
Muhammad A.,1457.192615505292,1455.3963701185298,1455.213290742555,1457.192615505292,1455.3963701185298,1455.213290742555,1445.0382548390915,16,3,2,349,1049,-0.03841381827204282
Zhao C.,1453.222735315654,1460.3949008121788,1456.0744052012517,1453.222735315654,1460.3949008121788,1456.0744052012517,1444.8482135174727,17,4,3,272,683,0.008769553896502913
Papamichail D.,1456.6962867676903,1459.4577706960583,1444.6530270563833,1456.6962867676903,1459.4577706960583,1444.6530270563833,1444.6530270563833,11,6,0,163,123,-0.07086231957757633
Gadecki O.,1479.1820074982936,1446.8493559591982,1445.158215301879,1479.1820074982936,1446.8493559591982,1445.158215301879,1444.3697539262403,22,4,4,204,207,-0.10375229296610855
Hercog P.,1429.5940621108512,1494.0189670232128,1474.1591379559331,1429.5940621108512,1497.6770591115155,1474.1591379559331,1444.0189670232128,166,163,29,124,1741,-0.027013286368733957
Jang S.,1440.6072279374557,1443.895498819385,1443.895498819385,1440.6072279374557,1443.895498819385,1443.895498819385,1443.895498819385,9,0,0,244,642,
Prozorova T.,1437.9732450785416,1458.8764842171665,1443.8708187065222,1437.9732450785416,1458.8764842171665,1443.8708187065222,1443.8708187065222,8,3,0,181,3,-0.08992262767311815
Haddad Maia B.,1465.510240401754,1493.7743942451084,1493.7743942451084,1465.510240401754,1507.332468089609,1530.3263139038131,1443.7743942451084,167,61,36,134,33,-0.5120800958519486
Rodriguez V.,1445.5449938135057,1455.4270996844816,1443.768787507277,1445.5449938135057,1455.4270996844816,1443.768787507277,1443.768787507277,6,2,0,411,326,
Cengiz B.,1455.9945871708603,1443.789890274654,1443.6633787264816,1455.9945871708603,1443.789890274654,1443.6633787264816,1443.6633787264816,2,4,0,429,75,
Di Lorenzo F.,1463.1167146769244,1454.2181687890884,1443.5009417747253,1463.1167146769244,1454.2181687890884,1443.5009417747253,1443.5009417747253,10,11,0,252,1440,-0.17187457274685697
Zanevska M.,1472.570553739048,1493.1986088381882,1442.3913927117458,1472.570553739048,1495.5025801377114,1442.3913927117458,1443.1986088381882,28,45,6,112,1068,-0.3126005599596319
Cornet A.,1439.9211302955512,1435.713541111838,1492.275924213583,1439.9211302955512,1435.713541111838,1532.2251894122933,1442.275924213583,396,224,69,747,440,-0.24670430897125215
Melnikova M.,1456.0398358782033,1454.731142612296,1461.6196831955328,1456.0398358782033,1454.731142612296,1461.6196831955328,1442.0502903606678,4,10,4,440,887,-0.2117152486915053
Parmentier P.,1471.5541683741365,1467.499480051866,1473.810188377212,1471.5541683741365,1467.499480051866,1473.810188377212,1441.6472972780173,153,123,21,164,2133,-0.15244213771808346
Davis L.,1468.133365786755,1463.6263789430432,1433.935036325037,1468.133365786755,1463.6263789430432,1433.935036325037,1441.4033362119571,199,67,48,211,487,-0.161957672162636
Bondarenko K.,1466.610697145417,1467.5995392565371,1485.444860819176,1466.610697145417,1467.5995392565371,1485.444860819176,1441.3207349397358,165,76,32,325,712,-0.1256642169823744
Govortsova O.,1479.0025111678076,1464.3619198366648,1482.1585269197528,1479.0025111678076,1464.3619198366648,1482.1585269197528,1441.2519818643984,179,78,34,136,1770,-0.1523761588582186
Tan H.,1440.9820472144745,1460.7578770102823,1472.1199512879496,1440.9820472144745,1460.7578770102823,1472.1199512879496,1441.2318703193505,13,17,5,202,109,0.011786881862660525
Rodina E.,1469.7490414779559,1449.6630460090862,1474.804479625443,1469.7490414779559,1449.6630460090862,1474.804479625443,1441.160405025604,112,42,27,290,1111,-0.025997064385770097
Tig P.M.,1459.8422975858007,1462.177714382182,1459.2193738818978,1459.8422975858007,1462.177714382182,1459.2193738818978,1441.0812293205684,47,31,4,210,383,-0.12147686640527999
Scott K.,1447.5492440193134,1446.6681277254468,1441.0262072561363,1447.5492440193134,1446.6681277254468,1441.0262072561363,1441.0262072561363,6,1,0,565,350,
Gao X.,1439.1224387880561,1440.809390511886,1440.809390511886,1439.1224387880561,1440.809390511886,1440.809390511886,1440.809390511886,9,0,0,244,12,
Danilina A.,1445.4897152265953,1447.060881668339,1447.2113436806756,1445.4897152265953,1447.060881668339,1447.2113436806756,1440.7891408732705,5,1,1,958,712,
Eikeri U.,1447.080362354178,1448.6859075401633,1438.2421027433447,1447.080362354178,1448.6859075401633,1438.2421027433447,1438.2421027433447,5,4,0,654,1017,
Carle M.,1437.7239033632,1456.341163765474,1443.4852838939603,1437.7239033632,1456.341163765474,1443.4852838939603,1438.111015409367,10,24,1,231,11,0.10374060808622709
Stosur S.,1442.8561312242389,1487.4876177995577,1468.3582275118142,1442.8561312242389,1525.3149152457431,1468.3582275118142,1437.4876177995577,396,187,60,490,1540,-0.27952704058019595
Inglis M.,1448.160822612594,1454.4656212917705,1441.8752459588163,1448.160822612594,1454.4656212917705,1441.8752459588163,1437.4431415936936,27,3,4,151,54,-0.0265910003758566
Contreras Gomez F.,1436.5992578537835,1451.5324835118415,1443.7260401729868,1436.5992578537835,1451.5324835118415,1443.7260401729868,1437.2602081629245,8,2,1,366,887,-0.1707867190708948
Seidel E.,1456.6583001509732,1451.640015221358,1443.7334211564391,1456.6583001509732,1451.640015221358,1443.7334211564391,1437.2063451707083,31,12,1,103,13,-0.29185702227202903
Gatto-Monticone G.,1459.4726693135262,1454.8075247244224,1450.325041714243,1459.4726693135262,1454.8075247244224,1450.325041714243,1436.9031114907366,7,10,3,193,1740,-0.16054743317957026
Gorgodze E.,1451.4825002536345,1450.8871539874776,1443.3484192752633,1451.4825002536345,1450.8871539874776,1443.3484192752633,1436.8322767943407,4,11,1,164,123,-0.13754164491822057
Semenistaja D.,1442.2793418852243,1456.0298784373094,1441.2203688724119,1442.2793418852243,1456.0298784373094,1441.2203688724119,1435.4079476704462,6,5,1,109,12,-0.15902314556785913
Buzarnescu M.,1440.8183483226435,1465.2583250995656,1483.2199130119998,1440.8183483226435,1465.2583250995656,1483.2199130119998,1435.3932608872842,53,41,20,1350,383,-0.047279346584202964
Jones F.,1473.745540663131,1464.6752914546942,1425.8630616100036,1473.745540663131,1464.6752914546942,1425.8630616100036,1435.1094520761044,16,13,16,106,34,-0.2211377181308406
Oz I.,1443.240163714583,1450.6208185358546,1435.089990906687,1443.240163714583,1450.6208185358546,1435.089990906687,1435.089990906687,4,5,0,424,19,
Loeb J.,1452.2727521494994,1446.4340689788073,1441.951314441858,1452.2727521494994,1446.4340689788073,1441.951314441858,1435.0322805134253,10,3,1,542,488,-0.2685804329999986
Liang E.S.,1436.7081088247369,1442.2953331315484,1434.9301140142338,1436.7081088247369,1442.2953331315484,1434.9301140142338,1434.9301140142338,12,1,0,260,676,-0.2372817571615438
Waltert S.,1452.898331916464,1447.9001938439728,1439.4480927858956,1452.898331916464,1447.9001938439728,1439.4480927858956,1432.0331682449798,8,24,2,91,11,-0.14256380251801237
Bai Z.,1455.3929180811017,1442.077505061643,1448.072538609,1455.3929180811017,1442.077505061643,1448.072538609,1431.9096521779122,11,5,4,702,193,-0.1298279636193127
Rus A.,1420.7646984659611,1481.6357199533547,1422.5336579967543,1420.7646984659611,1486.3600078005709,1422.5336579967543,1431.6357199533547,106,107,29,187,12,-0.107751880565565
Jani R.L.,1446.4016612914866,1433.729072113551,1431.5650232606638,1446.4016612914866,1433.729072113551,1431.5650232606638,1431.5650232606638,2,19,0,169,1104,-0.17505901623498893
Wei S.,1422.813219213087,1431.1379556583547,1431.1379556583547,1422.813219213087,1431.1379556583547,1431.1379556583547,1431.1379556583547,13,0,0,207,279,-0.1331443461493425
Pliskova Kr.,1444.8990921423724,1472.1298185516555,1467.2584726600764,1444.8990921423724,1472.1298185516555,1467.2584726600764,1430.834568810335,118,70,32,129,1770,-0.047720866446558874
Tomova V.,1437.543922900488,1426.9648513554641,1431.4604295179024,1437.543922900488,1426.9648513554641,1431.4604295179024,1430.0553004305002,76,51,23,207,19,-0.0664654864309831
Grabher J.,1399.0084309865506,1478.3124799328652,1437.2178648148904,1399.0084309865506,1483.9271416539937,1437.2178648148904,1428.3124799328652,25,31,2,121,69,0.012251754796435643
Hontama M.,1417.6704768423747,1426.949160957279,1434.7510737435405,1417.6704768423747,1426.949160957279,1434.7510737435405,1426.949160957279,39,0,1,203,10,-0.15702705239021958
Sanchez A.S.,1432.6492010819468,1448.312587025668,1426.5758630323498,1432.6492010819468,1448.312587025668,1426.5758630323498,1426.5758630323498,9,4,0,231,123,-0.23686533182889544
Bulgaru M.,1443.7511338108918,1433.3927335797416,1426.2037212671787,1443.7511338108918,1433.3927335797416,1426.2037212671787,1426.2037212671787,3,7,0,248,19,-0.22508094171335358
Perez E.,1435.7773621047943,1439.8021470722517,1439.9199482128324,1435.7773621047943,1439.8021470722517,1439.9199482128324,1426.0373991113638,9,2,2,456,1028,-0.33058689380450745
Minella M.,1453.0323552615469,1467.1556677776766,1457.2597285580305,1453.0323552615469,1467.1556677776766,1457.2597285580305,1425.7418429008837,77,57,8,201,1742,-0.1502372823138588
Ponchet J.,1437.337183235555,1442.9716902493712,1434.9846453302157,1437.337183235555,1442.9716902493712,1434.9846453302157,1425.5392510765894,18,9,2,170,110,0.18059351705419374
Cabrera L.,1430.2039986980142,1438.1352877900322,1440.5508149242696,1430.2039986980142,1438.1352877900322,1440.5508149242696,1423.6496304835134,26,2,2,229,1413,-0.21500752055438307
Schmiedlova A.,1423.5748278661142,1470.4071194913777,1445.61087085782,1423.5748278661142,1470.4071194913777,1445.61087085782,1422.938852179369,139,112,15,98,690,-0.10147908184317844
Diatchenko V.,1444.240947368154,1462.2374763594569,1450.567814068955,1444.240947368154,1462.2374763594569,1450.567814068955,1421.9903691818524,33,12,9,429,328,0.011638400108942293
Friedsam A.L.,1452.064061922272,1454.55860876209,1453.7916026707057,1452.064061922272,1454.55860876209,1453.7916026707057,1421.647876600612,75,44,19,528,579,-0.3106586545329504
Bolsova A.,1445.9307078141183,1450.1783472468599,1430.0110931301226,1445.9307078141183,1450.1783472468599,1430.0110931301226,1421.1564920682276,14,16,1,131,1020,-0.17991074776121035
Von Deichmann K.,1427.7874795188002,1443.8498556042382,1419.9987349757303,1427.7874795188002,1443.8498556042382,1419.9987349757303,1419.9987349757303,4,5,0,158,487,
Fruhvirtova L.,1447.6967048357071,1390.4779245823952,1459.7748268726987,1447.6967048357071,1390.4779245823952,1459.7748268726987,1419.899280912672,61,21,6,176,6,-0.21621560812476687
Stefanini L.,1446.0879135986982,1420.6245299957613,1438.887353471555,1446.0879135986982,1420.6245299957613,1438.887353471555,1419.5326178316266,23,13,4,154,88,-0.10483748835875911
Stephens S.,1407.7896344408975,1469.4744637305655,1469.4744637305655,1407.7896344408975,1536.2035716697342,1472.7708879121838,1419.4744637305655,323,169,42,320,2,-0.05313349011013441
Bonaventure Y.,1469.2929225231926,1432.100396031301,1439.5887638783727,1481.4425809205459,1432.100396031301,1439.5887638783727,1419.2929225231926,51,21,6,91,1124,-0.2790550645873216
Bektas E.,1409.5266204174243,1441.42718111587,1463.582359721957,1409.5266204174243,1441.42718111587,1463.582359721957,1419.1002615439297,14,3,9,301,359,-0.10874237519737079
In-Albon Y.,1427.4658782171505,1427.775010408903,1427.6196797773373,1427.4658782171505,1427.775010408903,1427.6196797773373,1418.7109294327136,1,7,1,149,1160,
Raina A.,1429.6883309300176,1432.0953853549117,1433.9496963850308,1429.6883309300176,1432.0953853549117,1433.9496963850308,1418.3395205259278,14,2,2,200,1021,-0.11270701664875499
Brengle M.,1422.2713200109336,1467.1392319276943,1444.9773873286128,1422.2713200109336,1468.1010393434954,1444.9773873286128,1417.1392319276943,154,50,30,103,1069,-0.11996095773601623
Andreeva E.,1431.9862331799052,1420.5582429970696,1436.4497131514283,1431.9862331799052,1420.5582429970696,1436.4497131514283,1417.013451060944,32,13,2,102,432,-0.2780409076878949
You X.,1429.2657608729694,1428.4509992289427,1416.5279902797822,1429.2657608729694,1428.4509992289427,1416.5279902797822,1416.5279902797822,13,2,0,306,642,-0.1642602064792953
Vickery S.,1429.1808492677435,1450.4148375448804,1462.0503254500104,1429.1808492677435,1450.4148375448804,1462.0503254500104,1415.8792485235767,56,24,10,160,692,-0.10443660661931747
Trevisan M.,1434.3669411176816,1452.6150538270574,1423.2179774379856,1434.3669411176816,1452.6150538270574,1423.2179774379856,1415.8706827753163,67,53,7,516,89,-0.003185361703458678
Grammatikopoulou V.,1445.00824767935,1431.2538808611039,1425.6092330402457,1445.00824767935,1431.2538808611039,1425.6092330402457,1415.3677805821746,9,7,1,500,20,-0.20563285563655823
Bara I.,1435.569797409379,1442.0838626021982,1434.1174597661814,1435.569797409379,1442.0838626021982,1434.1174597661814,1415.3517965893927,10,32,2,242,488,-0.07430218027412744
Rodionova Ar.,1425.6063003241204,1445.5503994344365,1455.6703330017829,1425.6063003241204,1445.5503994344365,1455.6703330017829,1415.240377642773,44,6,10,250,275,-0.18119734175012045
Dart H.,1437.5089502677165,1412.0036961312305,1460.5015991981497,1437.5089502677165,1412.0036961312305,1460.5015991981497,1414.9872870362087,60,8,53,152,18,-0.13544157344872643
Martincova T.,1453.617101667817,1421.5024678784935,1456.2143978578774,1453.617101667817,1421.5024678784935,1456.2143978578774,1414.6099739940125,105,33,24,250,75,-0.014774200684982697
Erjavec V.,1428.2938797310458,1429.088414592236,1434.422650374754,1428.2938797310458,1429.088414592236,1434.422650374754,1414.3275478774106,6,3,3,100,12,-0.26369716729151826
Podoroska N.,1456.0672594380662,1417.995175143636,1435.5139208749758,1456.0672594380662,1417.995175143636,1435.5139208749758,1414.2630468166842,67,45,12,537,13,-0.0010253273968175436
Brancaccio N.,1413.9994084718505,1406.5995124188712,1413.9994084718505,1413.9994084718505,1406.5995124188712,1413.9994084718505,1413.9994084718505,0,14,0,171,88,-0.23561087872360795
Baindl K.,1417.2482655335796,1462.9025970554997,1424.6086721557233,1417.2482655335796,1486.4496287921525,1424.6086721557233,1412.9025970554997,13,14,4,329,705,-0.29789382263608855
Tikhonova A.,1424.569227402365,1424.8826205614496,1422.3480530052714,1424.569227402365,1424.8826205614496,1422.3480530052714,1412.750810473899,2,3,1,1178,125,
Osuigwe W.,1409.0806378634038,1421.4652921658426,1411.2713979401133,1409.0806378634038,1421.4652921658426,1411.2713979401133,1411.2713979401133,19,1,0,197,6,-0.11968499595000864
Fourlis J.,1429.2727183003065,1439.6579368101065,1424.8285972397184,1429.2727183003065,1439.6579368101065,1424.8285972397184,1409.3151945782247,11,6,2,218,1138,-0.2947092694297063
Zheng S.,1419.3106707990426,1454.9358899615565,1457.769057154171,1419.3106707990426,1454.9358899615565,1459.3806605853156,1407.769057154171,164,31,17,681,565,-0.33102839327690753
Zavatska K.,1443.8787572586855,1423.662088823655,1407.7564378778256,1443.8787572586855,1423.662088823655,1407.7564378778256,1407.7564378778256,16,15,0,174,741,-0.088827908793715
Lepchenko V.,1418.3393298832261,1457.326095012645,1457.326095012645,1418.3393298832261,1460.0878569453178,1466.885407832748,1407.326095012645,207,108,33,172,20,-0.004938761569873773
Ferro F.,1426.357228976222,1430.4146466139423,1435.2726163823409,1426.357228976222,1430.4146466139423,1435.2726163823409,1407.1542659088434,50,60,5,181,70,-0.022052618268289137
Krunic A.,1417.5078036574853,1432.275536321115,1456.256990701823,1417.5078036574853,1432.275536321115,1481.3401798732082,1406.256990701823,106,62,25,363,383,-0.20596478639890525
Hartono A.,1416.6945251359643,1420.4123775916196,1428.8181585875222,1416.6945251359643,1420.4123775916196,1428.8181585875222,1404.041304725409,19,2,3,260,277,-0.09610958255201268
Kucova K.,1428.2057010831388,1445.4402489940999,1452.482194695175,1428.2057010831388,1445.4402489940999,1452.482194695175,1402.78595545299,49,43,8,507,1020,-0.23425736593964963
Riske-Amritraj A.,1407.288764462719,1410.3812054900245,1410.2520080490408,1407.288764462719,1410.3812054900245,1410.2520080490408,1399.5198271907477,8,1,1,141,1124,-0.32142090771032883
Marino R.,1388.6064050412874,1436.9528150518831,1446.3965609359634,1388.6064050412874,1436.9528150518831,1446.3965609359634,1398.7720407126003,93,10,20,121,325,-0.007858272540928801
Sanders S.,1416.960127948707,1433.1336435130925,1409.9388760095153,1416.960127948707,1433.1336435130925,1409.9388760095153,1398.6032603227475,27,7,1,200,1229,-0.2530909871004514
Mchale C.,1446.1566633418734,1447.2156050785827,1446.6999924635809,1446.1566633418734,1449.9223125262165,1446.6999924635809,1397.2156050785827,218,102,42,261,1496,-0.1695340979333522
Doi M.,1431.1531377731562,1422.246109599879,1443.402852790711,1431.1531377731562,1422.246109599879,1453.8150342842323,1393.402852790711,168,52,32,331,1039,-0.1136741037675863
Mladenovic K.,1438.0324245237043,1431.2580221170406,1441.706518887031,1438.0324245237043,1431.2580221170406,1490.6351410291427,1391.706518887031,262,111,60,218,691,-0.2294837340855735
Jeanjean L.,1358.784677515327,1441.0199077078148,1422.3929970884844,1358.784677515327,1460.0887900867456,1422.3929970884844,1391.0199077078148,16,22,5,132,31,0.056922214673786
Paquet C.,1369.5403131956657,1440.7191158851967,1420.2475096338676,1369.5403131956657,1460.1899980427595,1420.2475096338676,1390.7191158851967,21,37,3,236,110,-0.24659114742522395
Kraus S.,1402.2519387826287,1425.1481685106685,1405.5584252172118,1402.2519387826287,1425.1481685106685,1405.5584252172118,1387.032651850763,9,10,2,80,11,-0.15784669816386818
Chirico L.,1414.2889700096441,1424.3127601818692,1408.2924429268064,1414.2889700096441,1424.3127601818692,1408.2924429268064,1385.654066987894,33,26,2,154,371,-0.12676677790294283
Bassols M.,1388.267939353947,1428.2556100289303,1383.7429186840427,1388.267939353947,1428.2556100289303,1383.7429186840427,1383.7429186840427,9,9,0,130,5,-0.07793883247906458
Mandlik E.,1393.8093954365909,1403.873676922335,1425.276691813934,1393.8093954365909,1403.873676922335,1425.276691813934,1381.5611483426,18,3,4,174,125,-0.44270507935648495
Barthel M.,1430.0178402505144,1428.5001334517792,1430.0178402505144,1450.676249316486,1428.5001334517792,1452.4783955148973,1380.0178402505144,202,85,33,223,12,-0.23783936398467734
Babos T.,1424.7843063262287,1423.6083414283096,1424.7843063262287,1433.114776830025,1423.6083414283096,1455.5903337752934,1374.7843063262287,191,73,28,259,747,-0.17870116399044964
Day K.,1406.5771079635047,1413.0410283866504,1395.8575630944852,1406.5771079635047,1413.0410283866504,1395.8575630944852,1372.8797447931333,22,10,2,137,33,-0.16495749209074326
Voegele S.,1398.1999793201717,1421.9539309953143,1421.9539309953143,1398.1999793201717,1451.5717921277396,1452.6091212489473,1371.9539309953143,154,84,20,141,1581,-0.1152416398710136
Uchijima M.,1369.037656801106,1420.2257847095505,1399.8934551878135,1369.037656801106,1442.8597767891508,1399.8934551878135,1370.2257847095505,56,17,4,110,13,-0.24222903228173595
Hibino N.,1408.6788189049084,1375.1437995940823,1405.486571212215,1417.2817297485851,1375.1437995940823,1405.486571212215,1358.6788189049084,133,38,13,235,19,-0.09014648635310629
Williams V.,1360.6767713015256,1392.8308075955445,1392.8308075955445,1360.6767713015256,1439.0027581087043,1464.5719566087696,1342.8308075955445,373,118,67,664,4,-0.26816348830855186
