player,hard_elo,clay_elo,grass_elo,overall_elo,hard_matches,clay_matches,grass_matches,current_rank,days_since_last_match
 Hajek J.,1499.9999390972782,1499.999941942315,1499.9999390972782,1499.9999390972782,0,2,0,79.0,7259
Abdulla M.,1499.9746281491787,1499.9746287955875,1499.9746287955875,1499.9746287955875,1,0,0,1349.0,7891
Abel M.,1499.9256965670672,1499.9330147480744,1499.9220253616425,1499.9129878075219,4,3,1,411.0,8130
Acasuso J.,1499.528382140248,1501.7922971480752,1500.406712012159,1500.9328099188272,99,222,7,256.0,5654
Adaktusson J.,1499.9636508707729,1499.963647174908,1499.963647174908,1499.963647174908,1,0,0,265.0,7513
Added D.,1483.9701412957556,1483.9020524690648,1483.9020524690648,1483.9020524690648,1,0,0,204.0,281
Agaev E.,1499.988950908501,1499.9889509872894,1499.9889509872894,1499.9889509872894,1,0,0,368.0,8767
Agamenone F.,1520.822528692007,1520.2042723007132,1520.822528692007,1520.822528692007,0,5,0,136.0,1475
Agassi A.,1502.139049658281,1500.5265094277338,1500.5903279319741,1502.520454199574,248,56,27,39.0,7284
Agenor R.,1499.955631493332,1499.953945786015,1499.943000046731,1499.9297148439011,11,12,2,178.0,9145
Ager J.,1499.968185749637,1499.9681862365794,1499.968185749637,1499.968185749637,0,2,0,295.0,8060
Agostinelli B.,1499.8750392919774,1499.875030456051,1499.875030456051,1499.875030456051,1,0,0,1171.0,6212
Aguilar J.,1499.114147125216,1499.1090676456322,1499.114147125216,1499.114147125216,0,5,0,191.0,4929
Ahouda A.,1496.0480382345013,1496.1353732354041,1496.0480382345013,1496.0480382345013,0,4,0,727.0,3047
Ajdukovic D.,1474.2397686151874,1482.5681246989268,1472.6291972145118,1472.6291972145118,1,11,0,115.0,645
Al Ghareeb M.,1499.7575676144857,1499.7691458595218,1499.7422811313602,1499.7422811313602,4,1,0,469.0,6379
Al Khulaifi N.G.,1499.9910667372505,1499.99106673725,1499.99106673725,1499.99106673725,1,0,0,,8991
Al-Alawi S.K.,1499.989199571236,1499.9891996662577,1499.9891996662577,1499.9891996662577,2,0,0,957.0,9355
Al-Ghareeb M.,1499.9250077660924,1499.9250738583169,1499.9250738583169,1499.9250738583169,1,0,0,431.0,6737
Alami K.,1499.9014769912976,1499.9313150798325,1499.9075133434826,1499.8452020954082,32,35,5,479.0,8627
Albert M.,1499.9900048690326,1499.9900043935247,1499.9900048690326,1499.9900048690326,0,1,0,340.0,8872
Albot R.,1466.498712083094,1435.2656134926328,1419.4673352721788,1416.7075589917947,141,58,24,223.0,499
Alcaide G.,1499.8337322549278,1499.8337322549278,1499.8334911132172,1499.8337322549278,0,0,1,238.0,5896
Alcaraz C.,1999.4130103040031,1972.4223925737922,1862.0622373702256,2110.693784740129,184,115,39,2.0,121
Aldi F.,1499.8272038355422,1499.840260924562,1499.8272038355422,1499.8272038355422,0,7,0,406.0,7262
Allegro Y.,1499.9452869116285,1499.9386785385477,1499.9555291807815,1499.9386785385477,2,0,8,361.0,8198
Almagro N.,1495.587596525536,1528.1650093431617,1503.586003371067,1520.4241840921757,203,393,25,661.0,2942
Almagro N. ,1499.8647253851336,1499.8647253851336,1499.8647253851336,1499.8647253851336,1,0,0,27.0,6127
Alonso J.,1499.9827175186522,1499.989011003005,1499.9812355105507,1499.9812355105507,3,9,0,142.0,9467
Altamirano C.,1497.1310280142284,1497.1310280142284,1497.1310280142284,1497.1310280142284,1,0,0,345.0,2908
Altmaier D.,1484.4719875366254,1506.0216708343476,1498.0756542880385,1561.4480202938737,86,90,25,60.0,9
Alund M.,1498.693159741838,1498.941147516568,1498.7974169860126,1498.693159741838,0,16,1,131.0,4566
Alvarez E.,1499.9665410262032,1499.9759489364296,1499.9605883956267,1499.9605883956267,4,14,0,122.0,9152
Alvarez Valdes L.C.,1496.539776091125,1496.0265562347176,1496.0265562347176,1496.0265562347176,2,0,0,784.0,392
Alvarez Varona N.,1496.4477869225611,1494.0310470912,1494.62612689921,1494.62612689921,2,1,0,231.0,1401
Alves M.,1496.7292860607145,1496.4303672896579,1496.7292860607145,1496.7292860607145,0,1,0,556.0,1268
Alves T.,1498.9070011899855,1498.5349695004516,1498.858233765491,1498.0861655706728,15,10,5,138.0,5147
Amritraj P.,1499.5074554425057,1499.7294165484655,1500.1031877291853,1499.7294165484655,21,0,13,308.0,4782
Ancic I.,1500.0208644067006,1500.0208644067006,1500.0208378387863,1500.0208644067006,0,0,3,68.0,8099
Ancic M.,1501.8642541323331,1500.528780963953,1501.2856450072413,1503.5271306154168,165,54,48,422.0,5945
Andersen J.,1499.9833028761636,1499.983302785411,1499.983302785411,1499.983302785411,1,0,0,184.0,8332
Andersen J.F.,1499.9484304193452,1499.9563510366527,1499.9444593186931,1499.9444593186931,1,7,0,190.0,7960
Anderson A.,1499.8962446620917,1499.89629146877,1499.89629146877,1499.89629146877,1,0,0,1564.0,6401
Anderson K.,1484.4890082407467,1519.24469609316,1562.4211053553618,1527.4231586691785,394,106,74,652.0,1108
Anderson O.,1498.8406835423232,1498.8401732823877,1498.8401732823877,1498.8401732823877,1,0,0,813.0,3873
Andersson H.,1499.984902819505,1499.984902880325,1499.984902819505,1499.984902819505,0,1,0,388.0,8438
Andreev A.,1484.3613429036673,1484.003914824939,1484.003914824939,1484.003914824939,7,0,0,319.0,1781
Andreev I.,1498.192627845303,1500.5357974343506,1499.187751203926,1498.2101410832918,168,192,33,416.0,4798
Andreev I. ,1499.8647253851336,1499.8647253851336,1499.8647253851336,1499.8647253851336,1,0,0,35.0,6127
Andreozzi G.,1474.9593585134605,1461.4068809048608,1466.9570603255156,1451.7521623138348,14,22,4,406.0,752
Androic T.,1498.2961974878035,1498.2749582288864,1498.1702895689323,1498.1702895689323,1,1,0,363.0,4041
Andujar P.,1440.2570408783424,1471.2486069862555,1469.255412999436,1434.0696494370377,141,223,19,323.0,1214
Aragone J.,1495.607502831932,1495.2480671324706,1495.4910223888915,1495.2480671324706,1,0,1,289.0,2949
Aragone J.C.,1493.1037981333868,1493.0802469024661,1493.0802469024661,1493.0802469024661,1,0,0,299.0,2043
Aragone JC,1496.1320478561584,1496.1320478561584,1496.125777332967,1496.1320478561584,0,0,1,265.0,2607
Aranguren J.M.,1499.8069282356698,1499.8069320221057,1499.8069282356698,1499.8069282356698,0,2,0,257.0,6036
Arazi H.,1499.9789884400868,1499.8727515750627,1500.0204527984197,1499.9286722393545,99,61,23,138.0,7800
Arevalo M.,1494.357068300682,1494.3247905654275,1493.9523862455576,1493.9523862455576,1,1,0,220.0,2739
Arguello F.,1486.696156077359,1487.0602123348801,1488.2748823615332,1486.696156077359,0,15,1,181.0,2585
Armando H.,1499.7960830981938,1499.667947235846,1499.6583832023491,1499.6583832023491,5,38,0,205.0,6692
Arnaboldi A.,1486.878458846656,1492.608296423391,1487.2521659005502,1485.962206377052,1,12,1,267.0,2044
Arnaldi M.,1503.87385687361,1610.507883448229,1481.3550949074179,1552.581916437206,79,54,8,35.0,6
Arnold L.,1499.9946430879027,1499.994643117984,1499.9946430879027,1499.9946430879027,0,1,0,596.0,9530
Arquez P.,1499.9934185651155,1499.9934185935758,1499.9934185651155,1499.9934185651155,0,1,0,266.0,9313
Arseneault N.,1501.82870903875,1501.7364916741356,1501.7364916741356,1501.7364916741356,2,0,0,638.0,380
Arthurs W.,1499.7913566943876,1499.7617942307368,1499.9436881373003,1499.582511701398,140,43,49,195.0,6982
Artunedo Martinavarro A.,1499.4073095806532,1499.4073182198758,1499.4073182198758,1499.4073182198758,1,0,0,340.0,4573
Arvidsson I.,1498.58794122956,1498.5895629034967,1498.58794122956,1498.58794122956,0,1,0,507.0,3685
Ascione A.,1499.9999633866253,1499.9999619070356,1499.9999619070356,1499.9999619070356,2,0,0,112.0,8351
Ascione T.,1498.9638749338133,1499.014192761987,1498.7279545218935,1498.0851010960569,31,27,4,238.0,5804
Atmane T.,1584.8598159917017,1500.0808451725593,1532.4558864313008,1579.128067873576,39,17,5,46.0,6
Auckland J.,1500.0460098800454,1500.0459967574172,1500.0459967574172,1500.0459967574172,3,0,0,414.0,7258
Auger-Aliassime F.,1822.062436912683,1604.7332629036964,1627.6913220659258,1803.9204355756065,278,98,53,4.0,37
Authom M.,1499.220837357921,1499.2200461903133,1499.2200461903133,1499.2200461903133,2,0,0,156.0,4959
Avidzba A.,1499.9438773424954,1499.9438873051429,1499.9438873051429,1499.9438873051429,2,0,0,498.0,2492
Awadhy O.,1499.7881549451095,1499.7881777066984,1499.7881777066984,1499.7881777066984,1,0,0,1112.0,5651
Ayala D.,1499.9846845913464,1499.9846844209135,1499.9846844209135,1499.9846844209135,1,0,0,1223.0,8423
Azzaro L.,1499.8754416361196,1499.8754647226049,1499.8754416361196,1499.8754416361196,0,3,0,295.0,7324
Baadi T.,1490.9484668941095,1488.5756834290685,1490.9484668941095,1490.9484668941095,0,3,0,587.0,134
Baccanello P.,1499.9050120067186,1499.9049978037178,1499.9261030437178,1499.9049978037178,7,0,2,310.0,7878
Bachelot J.F,1499.983718426677,1499.983716699526,1499.979061045482,1499.9790646330725,2,2,2,165.0,8816
Bachinger M.,1504.9440100768725,1494.1527477987256,1496.9930433254297,1497.8633481127954,46,30,9,125.0,2570
Baez S.,1501.9442186912195,1570.7838521855308,1484.5684324298168,1570.7622769832353,77,145,11,48.0,8
Baghdatis M.,1519.6909084744789,1485.2651711087153,1503.27573092386,1508.8252438068844,379,77,82,135.0,2597
Bagnis F.,1463.753485967559,1470.316409957695,1467.3506778457513,1460.0450478099897,30,92,5,689.0,380
Bahrouzyan O.,1499.8719411806426,1499.8719476491167,1499.8719476491167,1499.8719476491167,6,0,0,808.0,7108
Bai Y.,1494.2144970123857,1494.2048401565473,1494.2048401565473,1494.2048401565473,8,0,0,222.0,2516
Bailly G.,1469.9378226969072,1470.62895129724,1470.62895129724,1470.62895129724,2,0,0,869.0,666
Bailly G.A.,1511.002729331788,1511.5517722896052,1511.5517722896052,1511.5517722896052,2,0,0,247.0,302
Baker B.,1493.7282470373166,1495.3556509973844,1495.1881782706173,1491.087432714358,37,10,10,312.0,3636
Baker J.,1498.2436046104508,1497.8805941987505,1498.199729598194,1497.8805941987505,2,0,17,295.0,4812
Balazs A.,1476.888201789425,1494.5224794593732,1477.043284951565,1475.0675809202876,3,28,1,745.0,1214
Balcells J.,1499.9325202749635,1499.9894980936356,1499.928255500794,1499.9084056783502,35,37,3,106.0,8584
Baldi F.,1489.564689762809,1489.752249858897,1489.564689762809,1489.564689762809,0,3,0,149.0,2578
Ball C.,1499.5124222664112,1499.5339402859713,1499.4547560280387,1499.400902036722,15,2,1,158.0,5686
Balleret B.,1498.271203210142,1497.6398349756334,1497.593462054445,1497.593462054445,3,7,0,348.0,4139
Baluda V.,1499.282014684592,1499.2835555120191,1499.2835555120191,1499.2835555120191,1,0,0,466.0,4320
Bangoura S.,1497.9506676993522,1497.9426524648538,1497.9426524648538,1497.9426524648538,1,0,0,313.0,3300
Barranco Cosano J.,1486.3258904795928,1485.901956937762,1486.3258904795928,1486.3258904795928,0,1,0,254.0,815
Barrena A.,1466.398298703712,1466.4512707201905,1466.398298703712,1466.398298703712,0,2,0,183.0,171
Barrere G.,1423.85573174226,1467.084910878578,1492.0333492551792,1458.0258750411967,61,28,13,144.0,563
Barrientos N.,1486.6178580101002,1489.8041163573923,1486.3585854913658,1486.3585854913658,1,3,0,354.0,1471
Barrios M.,1423.026409746405,1400.0416915865896,1419.5214936175016,1387.295872161674,5,18,3,119.0,146
Barrios Vera M.T.,1499.4034389063359,1499.4457952847513,1499.4034389063359,1499.4034389063359,0,2,0,300.0,2360
Barton M.,1500.4527739273149,1500.4515698322182,1500.4551651241343,1500.5802569828636,4,2,2,198.0,3501
Basavareddy N.,1530.3303330111933,1496.2077895952134,1497.3077370646079,1517.2791979139995,18,6,3,148.0,78
Basic M.,1479.746157688785,1484.1126186057866,1481.3406303332922,1470.0258405610855,28,13,6,292.0,1416
Basilashvili N.,1416.4840653211231,1466.4732199639416,1488.546537642924,1450.4286389156912,180,96,36,130.0,24
Basing M.,1481.0705690509092,1481.0705690509092,1481.2065505741343,1481.0705690509092,0,0,1,329.0,45
Basso A.,1497.4153580904429,1497.3250896506443,1497.4153580904429,1497.4153580904429,0,1,0,416.0,2648
Bastl G.,1499.4851673760838,1499.5973746896366,1499.556542042781,1499.0458502062256,73,12,14,227.0,6384
Bautista Agut R.,1464.0176398925648,1470.9158340058277,1544.6360375137426,1481.0862084871126,274,131,62,183.0,45
Bautista R.,1528.129285827573,1511.7543068889556,1513.7896322988893,1538.84613590549,138,54,19,18.0,3788
Bautista R. ,1499.8648536818434,1499.8648536818434,1499.8648536818434,1499.8648536818434,1,0,0,315.0,6128
Beck A.,1496.245189683501,1494.818131671804,1497.3714981199998,1492.2601934237657,33,47,14,338.0,3741
Beck A. ,1499.8647253851336,1499.8647253851336,1499.8647253851336,1499.8647253851336,1,0,0,33.0,6127
Beck K.,1496.4038038701717,1497.521363036451,1498.2802641181388,1494.416080123448,97,21,31,143.0,5098
Becker B.,1476.2170255132257,1487.3130505459217,1498.0893123144422,1470.5644257927459,243,44,63,163.0,3430
Becker B. ,1499.8647253851336,1499.8647253851336,1499.8647253851336,1499.8647253851336,1,0,0,43.0,6127
Becroft I.,1485.473941883983,1485.6000879630599,1485.6000879630599,1485.6000879630599,1,0,0,980.0,584
Bedene A.,1474.7522469004316,1497.692455277035,1461.9995772871462,1451.09935485112,120,118,35,347.0,1444
Bega A.,1497.917432447184,1497.908019432533,1497.908019432533,1497.908019432533,1,0,0,351.0,3298
Behr N.,1499.9938383009737,1499.9938369276606,1499.9938369276606,1499.9938369276606,9,0,0,130.0,9082
Behrend T.,1499.6464775207094,1499.6654465240892,1499.527196104835,1499.323797973196,35,64,4,152.0,7332
Behrmann M.,1499.984694905022,1499.984694740644,1499.984694740644,1499.984694740644,1,0,0,1358.0,8424
Belal C.,1499.9930599791453,1499.9930600137316,1499.9930599791453,1499.9930599791453,0,1,0,553.0,9257
Belic L.,1499.8090536600857,1499.8090641420306,1499.8090536600857,1499.8090536600857,0,3,0,766.0,6603
Bellier A.,1504.7228477868462,1507.9184978949274,1514.8776036871018,1511.133113803653,3,2,4,190.0,1283
Bellotti R.,1498.078763593932,1498.08124433725,1498.078763593932,1498.078763593932,0,1,0,204.0,3391
Bellucci M.,1470.8631000143553,1486.404469839839,1511.6120375403104,1513.2791319295,37,14,13,80.0,9
Bellucci T.,1477.1023343247766,1480.4343569141988,1482.1899421948333,1456.23569628477,147,204,17,915.0,1268
Belyaev I.,1499.81122747855,1499.8112315722185,1499.8112315722185,1499.8112315722185,1,0,0,334.0,5777
Bemelmans R.,1471.7424624310954,1481.4631321592701,1485.1611830938186,1467.1950328038565,44,6,20,171.0,2600
Benchetrit E.,1449.910389220681,1439.8492852516847,1438.1645444091132,1438.1645444091132,2,8,0,608.0,499
Bennani K.,1506.6297622266598,1506.3306107003255,1506.6297622266598,1506.6297622266598,0,2,0,731.0,134
Bennani R.,1483.6677744118322,1483.5223122489006,1483.6677744118322,1483.6677744118322,0,1,0,555.0,135
Benneteau A.,1499.9774646489295,1499.977464024799,1499.977464024799,1499.977464024799,1,0,0,75.0,8016
Benneteau J.,1502.7361072944484,1488.671508513149,1498.567136034073,1496.395641296847,338,105,74,60.0,2905
Benneteau J. ,1499.8647253851336,1499.8647253851336,1499.8647253851336,1499.8647253851336,1,0,0,48.0,6127
Berankis R.,1494.915960077025,1463.5489771930384,1461.876212382168,1464.7618371905617,181,35,23,212.0,1157
Berasategui A.,1499.9609320201253,1499.9583252118564,1499.9497304915822,1499.9433042287312,6,12,1,186.0,9243
Berdych T.,1572.7602686355185,1519.5971389647625,1517.2130687318984,1579.6952745007964,564,205,95,98.0,2544
Berdych T. ,1499.9997433347858,1499.9997433347858,1499.9997433347858,1499.9997433347858,2,0,0,19.0,6126
Bergs Z.,1571.5257698858509,1485.3906851078343,1554.4704186925437,1612.9851862235394,74,28,20,34.0,6
Berlocq C.,1486.4251854061922,1477.7835568641606,1486.2573294484412,1465.2934821917809,77,195,22,177.0,2683
Bernet H.,1492.415982793795,1492.3531658941315,1492.3531658941315,1492.3531658941315,1,0,0,481.0,297
Berrer M.,1489.8710102209643,1492.3120537090774,1493.7558053485202,1482.1203845255056,141,48,23,154.0,3587
Berrettini J.,1492.6838824629401,1492.7866226517738,1492.7866226517738,1492.7866226517738,1,0,0,842.0,1260
Berrettini M.,1616.589703628012,1681.4224749711618,1641.9706860384479,1657.6279600470493,151,103,56,40.0,10
Berrettini M. ,1495.8854184260388,1495.8854184260388,1495.8854184260388,1495.8854184260388,3,0,0,8.0,2464
Bertola R.,1490.2462123379146,1490.6059896372608,1490.6059896372608,1490.6059896372608,1,0,0,268.0,297
Bester P.,1498.695341252354,1498.6963071309615,1498.6963071309615,1498.6963071309615,5,0,0,225.0,4021
Betov S.,1499.6280682173958,1499.6277054165082,1499.6277054165082,1499.6277054165082,1,0,0,514.0,5076
Bhambri Y.,1489.1045863552622,1484.3235232161442,1485.1769489502756,1482.462352392565,31,1,2,862.0,1652
Bhupathi M.,1499.980629289649,1499.9794543354433,1499.9813618051971,1499.9794543354433,2,0,1,775.0,8991
Biryukov M.,1499.3418017687998,1499.34190182192,1499.34190182192,1499.34190182192,2,0,0,310.0,4713
Bjorkman J.,1499.2946239396065,1499.5330102797968,1500.3707386787764,1499.2475903983075,205,43,75,173.0,6519
Black B.,1499.9535694217948,1499.9698486519176,1500.018516666994,1499.96299318635,48,6,19,175.0,8928
Black W.,1499.9087057933655,1499.8923671230316,1499.9287896754659,1499.8923671230316,30,0,5,395.0,8351
Blake J.,1503.9730884548403,1498.984446335441,1498.9781259394917,1501.5475355358515,405,78,53,100.0,4732
Blake J. ,1499.8645969666293,1499.8645969666293,1499.8645969666293,1499.8645969666293,1,0,0,41.0,6126
Blake T.,1499.949567315305,1499.9496491241912,1499.9568027594164,1499.9444608588933,4,1,2,715.0,7862
Blancaneaux G.,1448.0926664632186,1451.2166252718794,1445.6998185366872,1445.6998185366872,5,1,0,152.0,1269
Blanch D.,1482.1844264922881,1483.2828718152923,1481.7399216367799,1481.7399216367799,1,1,0,622.0,840
Blanch Dar.,1478.4945708652444,1480.7348788920162,1480.7348788920162,1480.7348788920162,6,0,0,226.0,16
Blanch U.,1495.0823626733245,1495.2206749384575,1495.2206749384575,1495.2206749384575,1,0,0,244.0,2172
Blanchet U.,1472.5242389201183,1473.1829629610893,1468.8667577797705,1468.8667577797705,10,3,0,174.0,189
Blanco G.,1499.8136562183447,1499.8060227975895,1499.7455011751254,1499.6254453986776,21,107,4,347.0,7415
Blockx A.,1509.469970120208,1636.8910361722365,1587.6159601258275,1620.2996105690254,10,20,2,32.0,7
Bloomfield R.,1499.6767015745459,1499.6234816110748,1499.7155889159021,1499.6234816110748,2,0,14,332.0,5518
Blumberg W.,1489.8048374888915,1489.8048374888915,1489.7762680346389,1489.8048374888915,0,0,1,773.0,1493
Boeker M.,1499.945065379695,1499.9395876734031,1499.934957787905,1499.934957787905,4,1,0,246.0,7786
Bogaerts R.,1499.4868542104018,1499.486699838997,1499.486699838997,1499.486699838997,1,0,0,1149.0,4743
Bogdanovic A.,1499.2903627027897,1498.9330220842846,1499.001700158861,1498.9330220842846,4,0,32,403.0,5518
Bogomolov A.,1495.4725903581702,1495.9664448458097,1497.7394050228042,1493.1820767282095,119,9,22,85.0,4510
Bogomolov Jr. A.,1499.9754539580435,1499.9754532824559,1499.9754532824559,1499.9754532824559,8,0,0,122.0,8413
Bogomolov Jr.A.,1499.9808886306369,1499.980890330636,1499.980890330636,1499.980890330636,4,0,0,226.0,8753
Bohaboy D.,1499.9884232179327,1499.9884231892368,1499.9884231892368,1499.9884231892368,1,0,0,283.0,8718
Bohane A.,1499.9772046830903,1499.977204167229,1499.977204167229,1499.977204167229,1,0,0,1416.0,8003
Bohli S.,1497.950318360838,1498.3214080165187,1497.6402264394694,1497.370864180645,8,6,1,401.0,4805
Bohli S. ,1499.8648536818434,1499.8648536818434,1499.8648536818434,1499.8648536818434,1,0,0,148.0,6128
Boitan G.A.,1481.8937044174054,1481.9435026036801,1481.8937044174054,1481.8937044174054,0,1,0,306.0,135
Bolelli S.,1483.9782272607688,1500.589875797984,1498.3128860637296,1489.2259277046014,108,103,30,187.0,2634
Bolelli S. ,1499.8647253851336,1499.8647253851336,1499.8647253851336,1499.8647253851336,1,0,0,94.0,6127
Bolt A.,1474.0051553258756,1484.5982700234717,1456.0093298050342,1478.8074789385892,34,2,15,165.0,134
Bonadio R.,1484.409303584464,1484.552899467303,1484.409303584464,1484.409303584464,0,3,0,181.0,1227
Bonzi B.,1542.6705194049791,1512.8091450863249,1515.080550320292,1590.3303389245134,93,21,24,103.0,10
Boogaard T.,1498.413027799532,1500.2400630321417,1501.0824387224739,1500.2400630321417,1,0,2,779.0,62
Bopanna R.,1499.1056132798203,1499.031478395339,1499.4544628157955,1499.031478395339,12,0,7,629.0,5634
Borg L.,1460.0524508248677,1469.1022611196508,1459.3077182850855,1459.3077182850855,6,3,0,622.0,302
Borges N.,1568.305449686182,1585.7453577394126,1536.0986849206802,1634.429804460216,99,57,23,55.0,5
Boruszewski J.,1499.9947489949132,1499.9947489949132,1499.9947490063591,1499.9947489949132,0,0,1,376.0,9551
Borvanov R.,1499.7901922308615,1499.790204997181,1499.790204997181,1499.790204997181,1,0,0,357.0,5666
Bossel A.,1498.5160834498706,1498.5160834498706,1498.521964888237,1498.5160834498706,0,0,2,282.0,4048
Bourchier H.,1501.5684848746039,1501.6292598679584,1501.6292598679584,1501.6292598679584,2,0,0,324.0,2017
Bourgeois L.,1499.9238220358557,1499.9238766663805,1499.9238766663805,1499.9238766663805,2,0,0,369.0,7156
Bourgue M.,1476.4624676965666,1480.6156670028017,1474.7353267239926,1474.7353267239926,2,4,0,271.0,1011
Boutter J.,1499.8464769242146,1499.969449657629,1499.8532224481935,1499.7609038190337,53,54,9,489.0,8067
Bower J.,1499.989453078839,1499.989453078839,1499.9894529892729,1499.989453078839,0,0,3,268.0,8816
Bowles C.,1499.9255902558173,1499.9255838596011,1499.9255838596011,1499.9255838596011,1,0,0,1401.0,6758
Boyer T.,1515.9109727743246,1478.671929492424,1488.420626182028,1489.0761873599467,12,3,1,162.0,16
Bozic I.,1499.9923830476498,1499.9923830476512,1499.9923830476498,1499.9923830476498,0,1,0,496.0,9159
Bozoljac I.,1498.244272664353,1498.690019357059,1498.659646697366,1497.8372335493234,8,5,9,244.0,4685
Braasch K.,1500.005251547717,1500.005251547717,1500.0052514284018,1500.005251547717,0,0,3,426.0,9551
Bracciali D.,1499.4243160335404,1499.6404584938114,1499.7106810256005,1499.1689845372273,30,22,14,139.0,6974
Braga P.,1499.9811807215865,1499.981181623694,1499.9811807215865,1499.9811807215865,0,1,0,368.0,8206
Brancaccio R.,1475.6635737208676,1475.1288732301903,1475.6635737208676,1475.6635737208676,0,2,0,241.0,87
Brands D.,1492.3233342781527,1491.3381409826168,1490.4767734190252,1482.0109989195294,79,53,16,180.0,2744
Brasington J.,1499.9429032172798,1499.9478754766985,1499.9387933008582,1499.9315562266556,6,3,1,175.0,8514
Breen M.,1499.993590759967,1499.9935907484173,1499.9935907484173,1499.9935907484173,1,0,0,260.0,9341
Britton D.,1499.6102866734118,1499.6115876977049,1499.6115876977049,1499.6115876977049,3,0,0,1461.0,6028
Brizzi A.,1499.9137452754508,1499.9137565077558,1499.9137452754508,1499.9137452754508,0,1,0,273.0,6604
Broady L.,1492.7808014988166,1473.8810976901075,1458.5126236292742,1472.3077992951207,22,2,27,156.0,773
Brooksby J.,1577.5181400483914,1515.6218691484137,1554.356936410619,1576.921105905028,93,19,28,74.0,8
Broom C.,1470.8033429076927,1470.8033429076927,1470.7351858877464,1470.8033429076927,0,0,2,248.0,773
Brouwer G.,1494.0062564352186,1501.2639823182149,1492.242744761439,1501.287716870464,9,9,8,190.0,780
Brown D.,1485.3142434955898,1489.414488857,1492.3006133355786,1478.9493918647909,64,51,41,303.0,1892
Browne F.,1499.9509388147408,1499.9658044108496,1499.9392375583463,1499.9392375583463,6,21,0,181.0,8123
Bruguera S.,1499.9608220604134,1499.9806922242503,1499.9532182279002,1499.947601772707,10,54,1,140.0,8879
Brugues-Davi A.,1499.3809480236503,1499.3364950264154,1499.2872613751242,1499.2872613751242,3,1,0,184.0,4935
Bryan B.,1499.8957263642333,1499.9095674162695,1499.971364041297,1499.877542688326,21,4,14,273.0,8213
Bryan M.,1499.9768323167818,1499.96850856222,1499.9733997214666,1499.96850856222,6,0,4,402.0,8823
Bryde T.,1492.605004018872,1492.5973111720245,1492.5973111720245,1492.5973111720245,1,0,0,1164.0,1842
Brzezicki J.P.,1499.4202144879202,1499.4415526515024,1499.271346932875,1499.271346932875,3,20,0,196.0,5656
Bu Y.,1488.332074998689,1446.5253468474593,1468.7256700000005,1469.0899755458122,45,7,2,120.0,206
Bubka S.,1498.1938528713263,1497.9914283260307,1498.491185173449,1497.9914283260307,12,0,3,146.0,5139
Bublik A.,1681.6991860624892,1631.3478160651332,1670.1074320459809,1709.9692738692704,219,84,63,11.0,19
Buchanan C.,1499.160660958572,1499.1585615843064,1499.1585615843064,1499.1585615843064,2,0,0,172.0,4385
Budkov Kjaer N.,1459.2400809287042,1476.2382632799793,1462.4891977713976,1462.4891977713976,4,5,0,118.0,30
Bueno G.,1500.98939641497,1500.932548111658,1500.98939641497,1500.98939641497,0,2,0,180.0,21
Burgsmuller L.,1499.5181183374737,1499.5357575136288,1499.6812776752502,1498.9666341800398,100,45,22,263.0,7064
Burniol G.,1499.9410054227951,1499.9410093934803,1499.9410054227951,1499.9410054227951,0,2,0,505.0,7430
Burquier G.,1499.2387424004635,1499.2390522856706,1499.2390522856706,1499.2390522856706,1,0,0,205.0,4342
Burrieza O.,1499.9821647743538,1499.9833550215685,1499.9859083639406,1499.9821647743538,0,2,3,365.0,9166
Burruchaga R.,1526.3819913225125,1548.1980333305917,1519.7186773672095,1532.4790451178633,1,31,2,56.0,9
Buse I.,1546.386484595124,1590.600706923583,1546.1546537301172,1581.6954283549626,3,30,6,33.0,8
Butvilas E.,1511.367873084059,1509.4396088953197,1511.367873084059,1511.367873084059,0,2,0,253.0,85
Cabal J.S.,1499.696148051517,1499.6962585746614,1499.696148051517,1499.696148051517,0,1,0,257.0,5280
Cabello F.,1499.99457132012,1499.994571367516,1499.99457132012,1499.99457132012,0,1,0,291.0,9516
Cachin P.,1393.4079389357375,1448.7008372714176,1420.935336239824,1405.0423229320345,20,48,2,110.0,758
Cacic N.,1499.9630561423296,1499.9643203070834,1499.9630561423296,1499.9630561423296,0,2,0,761.0,3676
Cadart R.,1499.9984952180448,1499.9929570063541,1499.9923213289037,1499.9927212137986,4,1,1,275.0,8581
Cadenasso G.,1487.8724744618,1487.8113274463592,1487.8724744618,1487.8724744618,0,1,0,196.0,98
Cakl T.,1499.7522023773404,1499.792932390682,1499.7337904089693,1499.7337904089693,7,2,0,283.0,6792
Calatrava A.,1499.793877837116,1499.63673952293,1499.676739758926,1499.4639572620072,48,76,5,188.0,7323
Caldwell D.,1499.9944625396984,1499.9944625299095,1499.9944625299095,1499.9944625299095,1,0,0,1028.0,9495
Calleri A.,1499.165511382589,1500.7958170259571,1499.6837810666498,1499.5866810325836,134,198,13,148.0,6261
Canas G.,1500.2430844517673,1500.9225613771578,1500.365500927852,1501.0306192413318,140,159,35,151.0,6237
Capalik K.,1499.985325117993,1499.9833483346388,1499.988847249972,1499.9823887388816,3,1,4,298.0,8879
Capdeville P.,1497.8837170207441,1497.3758352878385,1497.5717462120447,1495.3259520703327,53,37,9,151.0,4928
Caratti C.,1499.9393044423255,1499.9241612208432,1499.9469612448374,1499.9241612208432,7,0,5,401.0,8353
Carballes Baena R.,1446.9018672228758,1506.1549137595666,1448.5906518350794,1459.1800408293386,93,171,18,175.0,177
Carlsen K.,1499.650577929676,1499.6000714083762,1499.7922369960654,1499.3213858162903,122,18,32,304.0,6882
Carraz G.,1499.8350988881118,1499.7821872870811,1499.8290117316699,1499.6803398402922,49,4,14,167.0,7527
Carreno Busta P.,1525.781358640468,1537.2419469815081,1484.7641094190749,1528.5976429872132,222,143,17,68.0,9
Carreno-Busta P.,1487.2561950636896,1495.9058233477542,1488.3794650813766,1484.4961285017173,38,63,3,53.0,3794
Carretero R.,1499.9972515297527,1499.9972517347553,1499.9972515297527,1499.9972515297527,0,4,0,1236.0,9089
Caruana L.,1497.788327669724,1497.7994777049205,1497.7994777049205,1497.7994777049205,1,0,0,397.0,3138
Caruso S.,1447.4080360265882,1435.1217562321751,1432.270540038849,1405.2300285021076,32,26,4,146.0,1669
Casanova H.,1488.4090946258711,1488.4418297806405,1488.4090946258711,1488.4090946258711,0,1,0,321.0,1480
Cassone M.,1475.029896488308,1473.0331374945476,1474.5485365739587,1473.0331374945476,1,0,1,291.0,50
Catarina L.,1481.5972720339885,1479.911823366064,1481.5972720339885,1481.5972720339885,0,4,0,430.0,1584
Cazaux A.,1519.6893364825214,1553.257477165456,1537.759842062896,1569.1847752566164,41,16,5,73.0,145
Cecchinato M.,1380.4966488462026,1473.7576905527603,1438.8309533544568,1420.1580020413749,54,136,11,175.0,30
Celikbilek A.,1499.438444577162,1496.713991521572,1495.7333760079662,1496.713991521572,6,0,3,230.0,1400
Cermak F.,1499.7586157257854,1499.9081419711204,1499.7782399132607,1499.748678069765,2,18,1,830.0,5770
Cerundolo F.,1646.708629350496,1686.0559609842296,1574.2770680852761,1696.7737707637632,98,143,23,23.0,8
Cerundolo J.M.,1529.263021022942,1541.3276415430723,1537.2649614610762,1569.9514897003105,19,59,5,52.0,8
Cervantes I.,1491.4045033608531,1490.1134349260792,1489.1858307511595,1484.5246575418048,13,32,4,125.0,3454
Cervenak P.,1500.507376336698,1500.5482776355684,1500.507376336698,1500.507376336698,0,8,0,204.0,5132
Chadaj A.,1499.9998929737626,1499.9998999239535,1499.9998929737626,1499.9998929737626,0,2,0,230.0,7679
Chaen T.,1499.953479744173,1499.9534711484937,1499.9534711484937,1499.9534711484937,1,0,0,625.0,7254
Chaki R.,1499.833242333723,1499.8332227800338,1499.833242333723,1499.833242333723,0,2,0,482.0,6337
Chan D.,1489.0201455887536,1489.7386858639588,1489.7386858639588,1489.7386858639588,1,0,0,606.0,9
Chang M.,1499.86909926197,1499.9366727288311,1499.9455528891688,1499.8310837795023,92,25,17,222.0,8388
Chappell N.,1474.530867726211,1474.3484966253122,1474.3484966253122,1474.3484966253122,2,0,0,432.0,1261
Chardy J.,1530.6958500960898,1461.2720966098066,1477.2330872213229,1485.6031829093106,307,199,62,542.0,1136
Chardy J. ,1499.9998714094913,1499.999871409491,1499.999871409491,1499.999871409491,2,0,0,31.0,6125
Charpentier M.,1499.9491086238445,1499.9555831892908,1499.9491086238445,1499.9491086238445,0,7,0,194.0,8577
Chekov P.,1499.9328957162024,1499.9328957162024,1499.9328957162024,1499.9328957162024,0,0,0,17.0,6869
Chela J.,1500.0031301702086,1500.010069980667,1500.0031301702086,1500.0031301702086,0,5,0,38.0,7385
Chela J.I.,1497.7360129416347,1501.7143942097068,1499.1361858757887,1498.6326833272576,225,296,15,83.0,5162
Chen T.,1499.8564675651978,1499.8565563843586,1499.8565563843586,1499.8565563843586,3,0,0,321.0,6895
Cherkasov A.,1499.9898606795837,1499.9880853971167,1499.9880853971167,1499.9880853971167,3,0,0,212.0,9411
Chidekh C.,1471.463243495631,1471.597872953403,1471.597872953403,1471.597872953403,2,0,0,189.0,548
Childs L.,1499.9035458386466,1499.8759876393174,1499.8759785268255,1499.8759876393174,2,0,8,408.0,6988
Chiudinelli M.,1487.084479267016,1491.5600670772787,1493.249646776062,1481.4638105177976,81,22,15,366.0,3216
Chiudinelli M. ,1500.2706773538516,1500.2706773538516,1500.2706773538516,1500.2706773538516,4,0,0,73.0,6123
Choinski J.,1447.743651078397,1450.6095732043098,1465.6972698530808,1447.0288447491912,4,5,10,75.0,30
Chrysochos P.,1497.927015750858,1497.927324343193,1497.927324343193,1497.927324343193,1,0,0,1360.0,3280
Chung H.,1517.9211591311414,1511.2766425837603,1518.7424830414316,1527.1886103968104,101,29,3,139.0,2485
Chung Y.,1473.8804208209308,1471.8318361870538,1473.4120257034804,1471.8318361870538,1,0,1,322.0,1122
Chvojka E.,1499.472555392219,1499.4638332578081,1499.4326955880979,1499.4326955880979,1,1,0,233.0,5224
Cilic M.,1602.8489363956219,1487.5731287683868,1579.2234372902265,1600.51113480983,544,210,113,85.0,8
Cilic M. ,1500.1352741704281,1500.1352741704281,1500.1352741704281,1500.1352741704281,3,0,0,13.0,6124
Cina F.,1444.3568051324464,1427.48340287675,1425.7294858042353,1425.7294858042353,3,10,0,184.0,24
Ciorcila P.,1499.3528714982504,1499.353453555865,1499.3528714982504,1499.3528714982504,0,1,0,589.0,4497
Cipolla F.,1495.339592850193,1496.3680144349873,1494.7712881765774,1491.4714551361535,51,36,7,147.0,4783
Clarke J.,1441.3958157934294,1434.4536847759873,1437.989275882448,1434.4536847759873,1,0,13,196.0,408
Clavet F.,1499.9218178107762,1499.8677529746687,1499.8824439682776,1499.7776488935015,76,58,7,214.0,8430
Clayton A.,1499.969025866794,1499.9690255311568,1499.9690255311568,1499.9690255311568,1,0,0,1281.0,7681
Clemens T.,1500.0131400440068,1499.9989190225979,1499.9989190225979,1499.9989190225979,3,0,0,207.0,7232
Clement A.,1497.5090918171754,1498.6515371498351,1499.3123921610368,1495.945852886013,282,79,79,139.0,5187
Clezar G.,1492.8002725810343,1492.9973048610937,1491.981519189371,1491.981519189371,1,10,0,225.0,3087
Cobolli F.,1589.3158086980313,1681.5281690009788,1614.6810416975754,1700.3596342933758,76,67,22,8.0,8
Cobolli S.,1499.9945719692125,1499.9945720247738,1499.9945719692125,1499.9945719692125,0,1,0,400.0,9516
Coetzee J.,1499.9895212264,1499.9895212264,1499.9895214275332,1499.9895212264,0,0,1,608.0,8823
Collarini A.,1473.6950856521792,1474.041594148086,1473.6950856521792,1473.6950856521792,0,2,0,264.0,752
Collignon R.,1566.5769639337395,1556.417342295125,1541.009369621411,1595.7609600862065,19,15,6,38.0,8
Comesana F.,1484.608159673996,1501.5994033232446,1493.5732969221983,1495.2850838206375,27,38,5,102.0,75
Condor F.,1499.9717492480659,1499.9717518587067,1499.9717492480659,1499.9717492480659,0,1,0,374.0,7779
Cook L.,1499.978524464313,1499.978524284765,1499.978524284765,1499.978524284765,1,0,0,1445.0,8067
Copil M.,1472.8122950338866,1465.5155408944652,1479.973798251565,1452.0275138461352,81,31,15,350.0,1416
Coppejans K.,1477.1835056386867,1478.7151084792222,1474.145629606032,1470.243273518536,7,4,2,186.0,1056
Coria F.,1377.1077988581303,1472.066564111709,1429.372487661657,1416.0492652938478,29,93,4,322.0,184
Coria G.,1500.4593336313553,1501.204877614969,1500.5645400579974,1501.6739778562358,108,168,16,557.0,6610
Coric B.,1417.4931724364114,1504.8134566698013,1458.4437614083945,1403.9742703458066,238,110,24,105.0,354
Corretja A.,1500.0247915877765,1500.047355353783,1499.982795247439,1499.9859959636808,106,114,2,153.0,7779
Corrie E.,1499.5225717013877,1499.5225717013877,1499.5234335914436,1499.5225717013877,0,0,1,330.0,4812
Cortes J.,1499.995247357797,1499.9952473732096,1499.995247357797,1499.995247357797,0,1,0,,9656
Costa A.,1499.7817774046578,1500.219614600723,1499.9378061572693,1499.93193626282,101,147,1,249.0,7413
Costa F.,1499.9756135906,1499.9750153870468,1499.9722288103778,1499.9722288103778,2,2,0,264.0,8893
Couacaud E.,1461.3214977317143,1457.6061928186832,1452.8676209851494,1446.5002826657048,5,4,2,205.0,752
Courier J.,1499.9952764326094,1499.995276396523,1499.995276396523,1499.995276396523,9,0,0,60.0,9639
Coutelot N.,1499.9463111239702,1499.9664861696892,1499.945544229251,1499.9359721957248,2,27,2,208.0,8475
Couto E.,1499.9930585132406,1499.9930586141122,1499.9930585132406,1499.9930585132406,0,1,0,428.0,9257
Cowan B.,1499.9714018365776,1499.9624483369466,1499.973493713323,1499.9624483369466,7,0,9,251.0,8816
Cox D.,1497.9381162004154,1497.9381162004154,1497.945180790625,1497.9381162004154,0,0,5,214.0,4434
Crabb J.,1499.9281318169892,1499.9281399732088,1499.9281399732088,1499.9281399732088,7,0,0,409.0,7989
Craca M.,1499.9885007733099,1499.9885008130022,1499.9885007733099,1499.9885007733099,0,1,0,325.0,8725
Crawford O.,1483.605337758608,1483.605337758608,1483.4902466018414,1483.605337758608,0,0,1,248.0,409
Cressy M.,1445.36801036014,1400.9549811163095,1466.4518808798996,1393.9097412127912,65,11,24,173.0,745
Crivoi V.,1498.4911084895161,1497.7565792844223,1498.065502793555,1497.2873548461766,8,29,3,206.0,4769
Cruciat A.,1499.8226239642988,1499.8226888814452,1499.8226239642988,1499.8226239642988,0,2,0,183.0,6545
Crugnola M.,1499.6354508164843,1499.6450400694378,1499.6106346061927,1499.6106346061927,2,1,0,237.0,5687
Cuadrado C.,1500.026658239636,1500.0266837471595,1500.026658239636,1500.026658239636,0,8,0,225.0,7414
Cuevas P.,1451.401368764966,1492.526391640985,1479.1914186927083,1461.2909414535427,131,259,18,149.0,1541
Cuevas P. ,1499.9996902716439,1499.9996902716439,1499.9996902716439,1499.9996902716439,2,0,0,50.0,6125
Cui J.,1483.860342651909,1483.949741574382,1483.949741574382,1483.949741574382,1,0,0,583.0,1057
Dabrowski B.,1499.9737851956838,1499.9737823413764,1499.9737851956838,1499.9737851956838,0,2,0,623.0,8415
Dabul B.,1498.652916612019,1498.6599512310459,1498.6798104432717,1497.782826332901,15,19,6,164.0,5519
Dahlin M.,1485.4528416344397,1485.4768639571018,1485.4528416344397,1485.4528416344397,0,1,0,1360.0,30
Dailey Z.,1499.9735985667414,1499.9735988381478,1499.9735988381478,1499.9735988381478,1,0,0,868.0,7849
Damas M.,1483.2644535112793,1483.3596330034943,1483.2644535112793,1483.2644535112793,0,1,0,300.0,30
Damm M.,1493.452416512996,1494.6277634746111,1492.8737091276703,1501.1046431854445,34,11,17,100.0,9
Dancevic F.,1491.3960841500727,1494.2665283195136,1499.5633993126694,1491.978923533854,88,3,41,422.0,3312
Daniel M.,1497.877814850698,1498.3440256163606,1498.004937750446,1496.5084708758686,19,51,7,147.0,5588
Daniel T.,1418.6041057874886,1416.61785742349,1408.0848537540076,1387.5465652246296,128,85,10,194.0,30
Darcis S.,1480.4372848881621,1484.57248649835,1492.1741781351884,1469.3833470765276,99,59,27,179.0,2494
Darderi L.,1502.2347073500391,1710.852309643874,1530.3535960489494,1672.1910151794555,44,92,14,22.0,2
Dasnieres de Veigy J.,1499.1076721013796,1499.183249999588,1498.9985049139636,1498.9985049139636,2,4,0,158.0,5191
Davidovich Fokina A.,1655.3452245060635,1587.6032991956904,1637.2542340071716,1706.7090929841918,182,101,33,20.0,28
Davletshin V.,1499.9539841542266,1499.9497954974274,1499.9497954974274,1499.9497954974274,1,0,0,620.0,7598
Davydenko N.,1510.3951362685434,1500.7967268851514,1501.6925579522272,1510.6310842702921,391,282,27,92.0,4462
Davydenko N. ,1500.2704963289245,1500.2704963289245,1500.2704963289245,1500.2704963289245,4,0,0,7.0,6123
Davydenko P.,1499.6203730974526,1499.7044818665106,1499.6189439339219,1499.6189439339219,1,2,0,658.0,4417
De Bakker T.,1488.2400338974867,1494.2909238637492,1491.3034893183062,1481.4038733991397,66,44,17,224.0,2620
De Chaunac S.,1499.978567626277,1499.9789685987641,1499.9789685987641,1499.9789685987641,10,0,0,144.0,6169
De Greef A.,1497.3422755905458,1496.4919743520622,1496.5845920996094,1496.5845920996094,2,6,0,115.0,3313
De Heart R.,1500.0020188968101,1500.0023983436715,1500.0023983436715,1500.0023983436715,2,0,0,261.0,6558
De Jong J.,1491.1609287482288,1542.5083108494323,1496.855662544707,1528.1430783442154,17,30,7,98.0,23
De Loore J.,1496.3463480969776,1496.2159503014138,1496.042481881325,1496.042481881325,1,1,0,351.0,3004
De Minaur A.,1754.0984354747613,1654.7126314866887,1674.6411675485629,1735.2783207540422,309,84,65,7.0,7
De Paula F.,1499.3042572958027,1499.3044098568068,1499.3042572958027,1499.3042572958027,0,1,0,458.0,4405
De Schepper K.,1485.3851700910877,1485.5686334663524,1491.3753477909495,1475.0721173655613,41,25,19,186.0,2886
De Voest R.,1497.7467729055616,1497.418263165491,1498.4000909111096,1497.418263165491,21,0,6,338.0,4929
Decoud S.,1499.8612354972934,1499.9832585286267,1499.848447100315,1499.8612354972934,0,7,1,215.0,5518
Dedura D.,1452.9241420782894,1457.558950919597,1456.632836382274,1452.9241420782894,0,3,1,262.0,65
Dedura-Palomero D.,1489.1596023242562,1488.551879635564,1489.1596023242562,1489.1596023242562,0,1,0,549.0,483
Deen Heshaam A.,1499.6303096017991,1499.6302231086697,1499.6302231086697,1499.6302231086697,1,0,0,1557.0,5071
Deheart R.,1499.6715895224518,1499.6718709364459,1499.6718709364459,1499.6718709364459,2,0,0,270.0,5798
Del Bonis F.,1500.073084148341,1500.23007818525,1500.1098925031288,1500.1098925031288,1,12,0,10.0,5284
Del Potro J.,1500.080012136823,1500.079995725485,1500.080012136823,1500.080012136823,0,3,0,75.0,6677
Del Potro J. M.,1500.753379612403,1500.6328137792052,1500.753379612403,1500.753379612403,0,2,0,30.0,3358
Del Potro J.M.,1623.8658872843234,1532.6280904695648,1532.7946897772551,1638.77438550133,390,99,51,753.0,1647
Delbonis F.,1370.6061979302697,1495.991370050272,1447.0244940452515,1427.6507105338321,95,227,12,131.0,1281
Delfino M.,1499.9854918947542,1499.9854919721583,1499.9854918947542,1499.9854918947542,0,1,0,185.0,8480
Delgado J.,1499.8755694494096,1499.8109427271493,1499.850338046594,1499.7850972542687,14,1,21,447.0,7350
Delgado R.,1499.396802060546,1499.7047170235735,1499.4556846645837,1499.1696346672834,59,15,6,143.0,5897
Delic A.,1498.75662044352,1498.9064220203059,1499.0250785109874,1498.1751581654894,59,7,8,178.0,5270
Delic M.,1496.5367616917124,1496.706483312355,1495.9481923281116,1495.9481923281116,2,8,0,326.0,4042
Dell'Acqua M.,1499.9372958099289,1499.9355591001251,1499.9444425676286,1499.9285908394338,2,2,2,472.0,6631
Dellien H.,1397.5511866704633,1415.740515265186,1404.952301253927,1373.671564935781,12,69,4,144.0,81
Demoliner M.,1499.9416890740988,1499.9509438837351,1499.9416890740988,1499.9416890740988,0,2,0,1184.0,4039
Den Ouden G.,1512.3415835081441,1512.9908313800274,1512.9908313800274,1512.9908313800274,2,0,0,169.0,182
Denolly C.,1495.3315202826996,1495.6636334369457,1495.3315202826996,1495.3315202826996,0,2,0,328.0,497
Dent T.,1499.478332777906,1499.673870117068,1499.683352076478,1499.1955404257608,191,14,48,92.0,5768
Derepasko A.,1499.9925392159469,1499.9925392159469,1499.992538570188,1499.9925392159469,0,0,1,272.0,9180
Desein N.,1497.9874251713068,1498.0211231726726,1497.9553518118885,1497.8034347953371,1,1,1,170.0,4048
Dev Varman S.,1499.829183112036,1499.8291563992195,1499.8291563992195,1499.8291563992195,3,0,0,1035.0,6896
Devilder N.,1498.7930774458619,1498.910694826244,1498.7828742403751,1497.89204793247,18,42,6,286.0,5186
Devvarman S.,1493.353434726122,1495.066136160653,1494.20277976224,1489.2882385032158,82,19,9,177.0,3873
Dewulf F.,1499.9917701512547,1499.990856611708,1499.9902664644483,1499.9902664644483,3,1,0,184.0,9600
Di Mauro A.,1499.840798819451,1499.8407142426827,1499.840798819451,1499.840798819451,0,1,0,257.0,5944
Di Pasquale A.,1499.9612324570176,1499.9612368858918,1499.9612368858918,1499.9612368858918,5,0,0,95.0,8561
Diallo G.,1531.8770508999482,1528.7995382447477,1536.7767419573179,1551.593034258812,54,14,20,108.0,9
Diaz Acosta F.,1479.3801364094932,1498.1734310945276,1484.7899092174655,1484.7255797503842,15,37,1,108.0,22
Diaz J.,1499.8934163960953,1499.9306175252914,1499.8730797921755,1499.856014943632,18,21,1,430.0,8584
Dietrich D.,1485.7120559364298,1485.5710652529524,1485.7120559364298,1485.7120559364298,0,1,0,618.0,30
Diez S.,1484.2754630920813,1477.5304516434912,1477.8093913137716,1477.8093913137716,3,5,0,292.0,1591
Dimitrov G.,1706.9340282211258,1597.6136615772832,1644.6162004174457,1673.806541314537,495,172,82,146.0,29
Djere L.,1466.6851683510188,1566.6715872431457,1435.0696906337785,1464.1885313794041,111,163,25,221.0,23
Djokovic M.,1499.3503052683166,1499.3281590133884,1499.2780122424642,1499.2780122424642,2,1,0,878.0,5218
Djokovic N.,1936.7914542783299,1772.1790906248953,1783.7325677147546,1942.5404394203865,785,339,143,8.0,34
Djokovic N. ,1496.2777894140722,1496.2777894140722,1496.2777894140722,1496.2777894140722,8,0,0,2.0,2464
Djuric B.,1480.399304420989,1480.3530941099002,1480.3530941099002,1480.3530941099002,1,0,0,781.0,647
Dlouhy L.,1499.2450920374122,1499.3992424815617,1499.2809948230174,1498.7055769389196,18,32,7,180.0,6425
Do M.Q.,1499.9673553234297,1499.9673525219234,1499.9673525219234,1499.9673525219234,1,0,0,1422.0,7626
Dodig I.,1488.1990839214905,1500.8954907270393,1496.8436787870407,1490.68522808274,146,56,27,412.0,3309
Dodig M.,1471.3869180455204,1472.3960910292587,1471.3869180455204,1471.3869180455204,0,4,0,254.0,30
Dolgopolov A.,1498.2036035147044,1498.166141645547,1498.2036035147044,1498.2036035147044,0,3,0,89.0,3376
Dolgopolov O.,1509.329688677689,1509.0308642737223,1508.5377431233778,1523.008923729717,235,115,39,54.0,3013
Domingues J.,1493.8859978023102,1493.315145520572,1493.8859978023102,1493.8859978023102,0,10,0,169.0,2366
Donaldson J.,1492.988544645226,1484.8026001176104,1490.555219384088,1482.5440222936288,78,15,13,192.0,2712
Donati M.,1500.147878506885,1500.1239063164999,1500.147878506885,1500.147878506885,0,2,0,282.0,4111
Donski A.,1497.6172974153342,1497.6249883392902,1497.6249883392902,1497.6249883392902,1,0,0,1529.0,3110
Donskoy E.,1429.7129351825115,1472.1259380206784,1461.1678584884226,1416.0335488440926,113,29,16,149.0,1759
Dorsch B.,1499.8213683832232,1499.8120824479201,1499.830284562666,1499.8120824479201,2,0,1,236.0,6751
Dosedel S.,1499.9401398732616,1499.9409094332743,1499.9350144898533,1499.8978790392755,29,23,4,121.0,9117
Dostanic S.,1484.5984546392172,1484.7660731954786,1484.7660731954786,1484.7660731954786,3,0,0,389.0,354
Dougaz A.,1457.3493020004853,1457.980372298232,1453.9888894002827,1453.9888894002827,3,1,0,212.0,535
Draper J.,1801.868632393902,1661.335443556723,1655.103931415013,1800.4092167231431,96,32,31,143.0,9
Draper S.,1499.9205709854286,1499.8398497357116,1499.8601933173754,1499.7792700669477,33,5,13,787.0,7724
Draxl L.,1431.216353546226,1435.6376581220063,1428.8339388242246,1428.8339388242246,4,1,0,209.0,9
Dreekmann H.,1499.9749177265835,1499.9749177265835,1499.9749121519496,1499.9749177265835,0,0,2,856.0,8466
Droguet T.,1550.9777004117063,1539.9695193070688,1552.7066337972872,1562.1828030859842,10,13,1,119.0,6
Dubrivnyy A.,1495.8219890536075,1495.8351512829984,1495.8351512829984,1495.8351512829984,1,0,0,424.0,2494
Duckworth J.,1450.4630802575032,1441.6372649815578,1481.396751975735,1474.1411013954996,148,20,37,86.0,8
Duclos P.L.,1499.6045612697133,1499.5113861129155,1499.5306347929734,1499.5113861129155,3,0,1,244.0,5168
Dupre T.,1499.9910664432966,1499.9910663950645,1499.9910663950645,1499.9910663950645,1,0,0,274.0,8991
Dupuis A.,1499.6109933692637,1499.7197412719347,1499.9815905432752,1499.4746603335618,81,56,38,221.0,6972
Durasovic V.,1487.0664909281975,1487.346648407815,1487.346648407815,1487.346648407815,2,0,0,345.0,1675
Durek R.,1499.9872827357642,1499.987282446955,1499.987282446955,1499.987282446955,1,0,0,763.0,8619
Dustov F.,1497.6054871875983,1498.0956474087943,1497.8387828693378,1497.6054871875983,0,4,2,140.0,4413
Dutra Da Silva D.,1488.8778843171476,1488.8778843171476,1488.8778843171476,1488.8778843171476,0,1,0,215.0,1480
Dutra Da Silva R.,1499.7454785242799,1499.7455168772735,1499.7455168772735,1499.7455168772735,1,0,0,114.0,5459
Dutra Silva R.,1477.227981779877,1475.2125247352287,1473.655914437355,1459.2074268259228,21,52,5,138.0,2740
Dzumhur D.,1388.0775343837065,1558.7218226752696,1462.03114584681,1506.5276784424036,174,98,21,108.0,26
Eagle J.,1499.9933304896647,1499.9933304705205,1499.9933304705205,1499.9933304705205,1,0,0,,9299
Eaton C.,1499.9997776459477,1499.9997776459477,1499.999811392349,1499.9997776459477,0,0,2,661.0,6622
Ebden M.,1481.706202066871,1477.4917524073917,1483.2264864120932,1465.265382783021,130,17,45,432.0,1528
Ebelthite C.,1499.8969093161247,1499.896900099554,1499.896900099554,1499.896900099554,1,0,0,254.0,6414
Echagaray B.,1499.7307850120637,1499.7205341427532,1499.7013810042636,1499.7013810042636,1,3,0,358.0,6379
Echargui M.,1467.0080136324268,1467.6551573771176,1467.6551573771176,1467.6551573771176,3,0,0,141.0,171
Economidis K.,1499.591323473794,1499.648130011375,1499.6406854943348,1499.5235488928706,6,3,3,142.0,6785
Edmund K.,1479.1300244163222,1458.68763901646,1486.2650231196621,1449.6894297602303,147,47,30,473.0,1191
Ehrat S.,1486.8952291399198,1487.14696263512,1486.8952291399198,1486.8952291399198,0,3,0,408.0,1851
Eitzinger R.,1499.840888359012,1499.8140325815284,1499.7927417274282,1499.7927417274282,3,6,0,263.0,6660
El Aarej M.,1499.9141092751531,1499.9141097176262,1499.9141092751531,1499.9141092751531,0,7,0,589.0,7416
El Amrani R.,1498.2860600121742,1498.162823303653,1498.070297146077,1498.070297146077,1,5,0,667.0,3410
El Aynaoui Y.,1499.9882946914554,1500.4448315740765,1500.1398650265533,1500.4107370130182,115,113,16,189.0,6659
Eleskovic E.,1499.844093892835,1499.9224760567258,1499.8518550291608,1499.8518550291608,4,5,0,483.0,5873
Elgin M.,1498.9770130566035,1498.9308253352026,1498.9308253352026,1498.9308253352026,7,0,0,949.0,4712
Elias G.,1482.5951863305784,1490.9616630703485,1481.6385530076104,1475.731724398793,16,45,3,127.0,2935
Ellwood B.,1499.9893096982105,1499.9893096982105,1499.9893100009883,1499.9893096982105,0,0,1,827.0,8802
Elseneer G.,1499.8158032872989,1499.8443712798255,1499.8813093844296,1499.747758472406,10,5,20,181.0,7654
Elsner D.,1499.9009228125612,1499.90686633523,1499.8776119238705,1499.861194545482,6,22,1,339.0,7624
Emmrich M.,1499.8329442707857,1499.8329442707857,1499.8329796742066,1499.8329442707857,0,0,1,994.0,5904
Engel J.,1471.9525747570012,1457.9661512775576,1477.5790723657683,1464.8484073865354,2,6,4,190.0,86
Enqvist T.,1500.0025559690541,1499.8877266257311,1499.9431624654944,1499.8534982121862,156,46,22,157.0,7596
Eriksson M.,1497.5560105435193,1497.453383996194,1497.2833673492007,1497.2833673492007,1,3,0,536.0,4042
Erler A.,1500.7807502710264,1500.741467279473,1500.7807502710264,1500.7807502710264,0,2,0,337.0,1842
Erlich J.,1499.9960024621282,1499.9925981917088,1499.992608183609,1499.9925981917088,6,0,3,557.0,8358
Eschauer W.,1499.2515057077608,1499.2484464384331,1499.1611918909489,1498.8039954947944,11,35,3,218.0,6603
Escobar G.,1497.91418443081,1497.9252826585855,1497.91418443081,1497.91418443081,0,2,0,364.0,3845
Escobedo E.,1419.0819971952646,1459.9621558148353,1453.2720428027733,1415.9948186686054,42,10,6,493.0,898
Escoffier A.,1482.5795521777993,1482.6170562048144,1482.6170562048144,1482.6170562048144,1,0,0,172.0,926
Escude N.,1500.3565815598477,1500.0651139281904,1500.1674552385944,1500.4190540622044,100,27,24,67.0,8051
Estrella Burgos V.,1475.8935271771995,1500.9426748847736,1483.8080412560762,1472.7395234518326,35,55,14,198.0,2949
Estrella V.,1499.9131634423018,1499.9132203785223,1499.9132203785223,1499.9132203785223,1,0,0,243.0,6589
Etcheverry T.,1552.909852478551,1595.035766633491,1451.2830053950734,1564.3316524103936,88,111,17,30.0,8
Etcheverry T. M.,1482.6586936761405,1482.760835663647,1482.760835663647,1482.760835663647,1,0,0,58.0,289
Etlis G.,1499.9869457713257,1499.9718373477851,1499.9727321946887,1499.9727321946887,7,22,0,260.0,8371
Eubanks C.,1445.8611088073383,1446.0075250241616,1520.364527093027,1460.6944197025452,72,10,26,130.0,408
Evans B.,1499.2649670192695,1499.3458832505771,1499.7329404439286,1499.3458832505771,14,0,7,318.0,5895
Evans D.,1503.5031230458426,1419.0828982217954,1505.2919959201572,1534.7461817046558,193,51,48,144.0,385
Eysseric J.,1497.7281146645514,1498.3287636461198,1497.698973734458,1497.698973734458,1,3,0,290.0,3279
Fabbiano T.,1434.5244471443393,1461.0857904492314,1482.8160239822319,1430.8952611019947,50,24,14,192.0,1641
Fahlke A.,1499.9949876382548,1499.9949876385608,1499.9949876382548,1499.9949876382548,0,1,0,185.0,9600
Falla A.,1488.00897168533,1494.7793145684807,1496.3558782448763,1484.2523355860822,140,57,40,310.0,3472
Falla A. ,1499.8648536818434,1499.8648536818434,1499.8648536818434,1499.8648536818434,1,0,0,98.0,6128
Fancutt T.,1492.8331568844706,1492.8368561427906,1492.8368561427906,1492.8368561427906,1,0,0,562.0,2018
Fanselow S.,1485.762370345316,1485.5019716978397,1485.762370345316,1485.762370345316,0,1,0,316.0,814
Farah R.,1499.4233932840189,1499.766065288245,1499.466403491288,1499.466403491288,3,6,0,210.0,5215
Faria J.,1507.2855192014777,1535.8525174548813,1514.2736984876722,1526.286346275438,6,23,3,79.0,7
Fasching A.,1499.994571618521,1499.9945716394222,1499.994571618521,1499.994571618521,0,1,0,700.0,9516
Faurel J.C.,1499.857722582853,1499.8388293181247,1499.8286193112397,1499.810186386601,6,2,1,148.0,7317
Faurel T.,1492.0788067027354,1491.21892705124,1492.0788067027354,1492.0788067027354,0,1,0,378.0,79
Fearnley J.,1455.4309140158064,1492.3904291424747,1481.5376899778037,1474.5701486184942,23,13,12,110.0,8
Federer R.,1708.7823641814296,1567.4110451468787,1610.1948228195313,1753.996838425082,853,273,208,8.0,1863
Federer R. ,1500.3923759059662,1500.3923759059662,1500.3923759059662,1500.3923759059662,9,0,0,3.0,2462
Feldbausch K.,1491.3265344069766,1491.0351634272308,1491.3265344069766,1491.3265344069766,0,3,0,284.0,22
Ferreira Silva F.,1475.6776033050305,1473.6056463400691,1472.1248858334707,1472.1248858334707,2,1,0,235.0,24
Ferreira W.,1500.148431721223,1500.0241447706003,1500.0989993032745,1500.1700857999326,130,36,27,107.0,8016
Ferreiro F.,1499.955621119756,1499.955563333427,1499.955621119756,1499.955621119756,0,6,0,185.0,6289
Ferrer D.,1543.5556674444992,1540.9133957139475,1502.1391876955797,1555.6589311034538,515,434,65,144.0,2654
Ferrer D. ,1500.1352746148664,1500.1352746148664,1500.1352746148664,1500.1352746148664,1,0,0,18.0,6127
Ferrero J.,1499.9645608105052,1499.9643423544794,1499.962080808016,1499.962080808016,1,1,0,3.0,8150
Ferrero J.C.,1500.1865659667803,1505.957300439871,1501.1540266395145,1506.2813983796764,289,295,44,161.0,5042
Ferrero J.C. ,1499.8647253851336,1499.8647253851336,1499.8647253851336,1499.8647253851336,1,0,0,22.0,6127
Fery A.,1554.9193468773087,1597.7699967313297,1578.0110465402918,1597.7699967313297,4,0,15,114.0,34
Ficovich J.P.,1515.854182200599,1503.6537183063865,1513.1858869472933,1513.1858869472933,5,4,0,140.0,380
Fidirko N.,1499.626650929402,1499.6263775787977,1499.6263775787977,1499.6263775787977,1,0,0,934.0,5076
Filippini M.,1499.989179915236,1499.989179949419,1499.989179915236,1499.989179915236,0,2,0,420.0,9516
Fils A.,1745.0023491295494,1771.9845539315884,1640.6671334607233,1849.2592732050198,88,52,12,24.0,2
Fischer M.,1496.8323370257997,1496.4992761620201,1496.724579302223,1495.2565910472679,6,11,4,335.0,4125
Fish A.,1499.9533814207948,1499.9533749514687,1499.9533749514687,1499.9533749514687,1,0,0,56.0,7248
Fish M.,1510.1127011345736,1501.1963433078981,1503.906599679553,1512.6862391492145,342,51,67,581.0,3998
Fitz S.,1499.9790789831263,1499.9790789831263,1499.9790787505099,1499.9790789831263,0,0,1,326.0,8094
Flanagan I.,1500.0208291424206,1500.0208291424206,1500.0208142550425,1500.0208291424206,0,0,3,866.0,8099
Fleischfresser T.,1499.9946430149396,1499.994643044481,1499.9946430149396,1499.9946430149396,0,1,0,566.0,9530
Fleishman Z.,1499.6433760173618,1499.5999101125915,1499.7020279725623,1499.5999101125915,21,0,3,437.0,6583
Fleming C.,1499.648710735213,1499.648710735213,1499.648097789629,1499.648710735213,0,0,2,110.0,5540
Flygt K.,1500.0005430450215,1499.9975433296545,1499.998273155612,1499.998273155612,3,1,0,333.0,9166
Fognini F.,1425.3778215705174,1498.3426800501898,1473.7781981908722,1433.915433382874,310,394,49,138.0,409
Fogues F.,1499.971213877072,1499.9712218476282,1499.971213877072,1499.971213877072,0,3,0,333.0,7759
Fonseca J.,1668.430360512125,1645.287436855145,1582.892688569521,1713.0219003937768,28,40,11,27.0,4
Forbes M.,1484.179495612293,1484.0993956989826,1484.0993956989826,1484.0993956989826,1,0,0,1848.0,716
Forejtek J.,1502.2110336012458,1502.3655476940012,1502.3655476940012,1502.3655476940012,2,0,0,399.0,2101
Fornell M.,1499.9443331270509,1499.9443359282598,1499.9443331270509,1499.9443331270509,0,1,0,284.0,7065
Fraile G.,1499.466085989583,1499.423052369731,1499.3965102316427,1499.3965102316427,1,8,0,930.0,5147
Fratangelo B.,1470.1205698453598,1471.0277048635617,1476.6455026110705,1456.8854334727625,39,16,6,695.0,1108
Freelove O.,1499.9939234222757,1499.993923483801,1499.993923483801,1499.993923483801,1,0,0,620.0,9397
Friberg K.,1485.657796632713,1485.5550047654897,1485.5550047654897,1485.5550047654897,1,0,0,433.0,1032
Friedl L.,1499.9807811364212,1499.9777419161048,1499.9777419161048,1499.9777419161048,4,0,0,613.0,9061
Fritz T.,1759.889762816723,1594.5497472332947,1758.9129301435246,1828.049961074532,363,89,83,9.0,8
Froberg J.,1500.000002495187,1500.000002715086,1500.000002715086,1500.000002715086,2,0,0,621.0,9397
Fromberg R.,1499.9662540765921,1499.9399157030361,1499.951385063026,1499.9236250953488,26,19,4,296.0,8977
Fruttero J.P.,1499.9673632858264,1499.9673621653737,1499.9673621653737,1499.9673621653737,1,0,0,205.0,7626
Fucsovics M.,1546.195301455433,1518.0977726807469,1553.6944920513643,1552.502036425143,195,92,41,83.0,9
Fukarek O.,1499.923559016643,1499.9236710771395,1499.93314671496,1499.9077379419984,9,2,3,136.0,8718
Furlan R.,1499.941288667506,1499.9433452860821,1499.9210705371736,1499.9210705371736,10,7,0,164.0,8431
Furness E.,1490.2583333478133,1490.3477309163777,1490.3477309163777,1490.3477309163777,1,0,0,208.0,1422
Fyrstenberg M.,1499.921542235875,1499.9215259213502,1499.921542235875,1499.921542235875,0,3,0,836.0,7638
Gabashvili T.,1477.6529983240205,1490.1688856521964,1488.840297086786,1468.333863902311,150,102,22,229.0,3223
Gaio F.,1454.1608625797699,1473.5702786558065,1451.7444736415005,1451.7444736415005,9,9,0,174.0,1655
Gakhov I.,1476.6735072673428,1473.0742871941432,1476.6735072673428,1476.6735072673428,0,5,0,265.0,451
Galan D.,1509.763901395939,1509.0304617531992,1509.763901395939,1509.763901395939,0,3,0,153.0,2140
Galan D.E.,1408.5382276508064,1403.9867792280004,1459.2767836490846,1393.024862476089,42,60,10,131.0,353
Galarneau A.,1456.968485716306,1458.7235582189535,1462.3010670796725,1458.7235582189535,6,0,1,175.0,10
Galdon P.,1499.7929632725215,1499.7929454585947,1499.7929632725215,1499.7929632725215,0,1,0,305.0,5658
Galimberti G.,1499.894086741272,1499.9139356948194,1499.8498068729484,1499.8498068729484,5,12,0,189.0,7471
Gallardo M.,1499.954459973392,1499.954463812805,1499.954459973392,1499.954459973392,0,2,0,225.0,7841
Gallardo Valles M.,1499.949133097432,1499.9491157086886,1499.949133097432,1499.949133097432,0,2,0,346.0,7471
Galovic V.,1491.2166513436716,1494.1215988506044,1491.733413829417,1491.2166513436716,0,5,2,197.0,2585
Galvani S.,1499.4590564680882,1499.3807130474092,1499.5336345357728,1499.0780962242495,16,26,7,321.0,5673
Gambill J. M.,1499.9999647268214,1499.9999640233198,1499.9999640233198,1499.9999640233198,4,0,0,34.0,8575
Gambill J.M.,1500.0721655410941,1499.7632930651616,1499.9609731066323,1499.8086362866582,187,30,33,671.0,7065
Gamonal H.,1499.9696652001185,1499.973964868866,1499.9675343587132,1499.9675343587132,1,5,0,187.0,8220
Gao X.,1499.2492022857373,1499.2480136095508,1499.2480136095508,1499.2480136095508,1,0,0,944.0,4343
Garanganga T.,1496.9871704384493,1496.9829124751232,1496.9829124751232,1496.9829124751232,1,0,0,451.0,2935
Garcia A.,1499.6230073501981,1499.7086638835867,1499.5533476144772,1499.451511608615,10,20,2,213.0,6771
Garcia M.,1499.9845124234669,1499.9858218344816,1499.9851388798713,1499.9845124234669,0,1,1,,8823
Garcia-Lopez G.,1459.0780800672687,1491.905901135063,1491.2228703450753,1457.7806209570304,296,267,59,165.0,2543
Garcia-Lopez G. ,1500.1348892154929,1500.1348892154929,1500.1348892154929,1500.1348892154929,3,0,0,47.0,6124
Garcia-Sintes J.,1499.9918592410074,1499.991859371528,1499.9918592410074,1499.9918592410074,0,1,0,479.0,9089
Gard C.,1499.9357093886742,1499.9357086549987,1499.9357093886742,1499.9357093886742,0,1,0,250.0,6911
Garin C.,1481.7186728941133,1505.5081668192095,1507.9566036506353,1503.9795947278685,69,139,21,114.0,79
Garza D.,1498.3517817436573,1498.4824463737718,1498.2350750617786,1498.2350750617786,1,3,0,480.0,4188
Gasquet R.,1445.0768462857425,1458.8244293464559,1475.7668996948955,1445.1289262377477,552,270,112,166.0,441
Gasquet R. ,1500.1352743207885,1500.1352743207885,1500.1352743207885,1500.1352743207885,3,0,0,57.0,6124
Gaston H.,1426.4584108978163,1452.4438240145805,1443.5546407301904,1420.3966741116062,57,57,8,109.0,19
Gaubas V.,1483.2852748634798,1485.743011278313,1483.3746155055449,1483.2852748634798,0,14,1,128.0,23
Gaudenzi A.,1499.8414324693263,1499.9339974450886,1499.8127427382362,1499.7637641700308,36,57,2,136.0,8501
Gaudi I.,1499.9947144596783,1499.9947144596783,1499.9947144238224,1499.9947144596783,0,0,1,218.0,9544
Gaudio G.,1499.721036813819,1500.8300083229406,1500.2032266192332,1500.4341399630034,111,267,7,174.0,6022
Gea A.,1563.8053505910925,1533.4753762982546,1552.0440863531164,1552.0440863531164,9,2,0,127.0,11
Geerts M.,1492.1432590804288,1492.1223803608984,1492.1223803608984,1492.1223803608984,1,0,0,268.0,1394
Gensse A.,1499.550895047632,1499.597130287423,1499.5227188527547,1499.5227188527547,1,3,0,155.0,5463
Gentzsch T.,1483.9525758476534,1483.9525758476534,1483.665696523018,1483.9525758476534,0,0,1,229.0,65
Gerasimov E.,1447.9997578720113,1471.7172671571298,1473.8305984240906,1458.7894919869195,81,10,4,304.0,680
Ghedin R.,1499.1182551674094,1499.0449264697884,1499.1261201740945,1499.0449264697884,1,0,2,319.0,4811
Ghem A.,1497.581242516613,1497.5886760393755,1497.581242516613,1497.581242516613,0,7,0,221.0,3677
Ghibaudo A.,1484.255183039328,1484.255183039328,1484.1090981941325,1484.255183039328,0,0,1,303.0,52
Giannessi A.,1475.175967113636,1467.4019777535316,1459.877045237205,1459.877045237205,7,28,0,224.0,1228
Gicquel M.,1498.2484956937467,1498.102340386068,1498.1281240908368,1495.7281532924524,94,58,24,127.0,4570
Gigante M.,1527.6083443262376,1539.9445142981103,1547.8139721683542,1547.8139721683542,5,7,0,125.0,379
Gigounon G.,1499.1769735771536,1499.1677233355545,1499.1769735771536,1499.1769735771536,0,1,0,209.0,4097
Gil F.,1497.874947860137,1499.060772742894,1497.7061019818848,1496.4300330002256,37,67,8,114.0,5145
Gill F.,1475.281220522953,1475.281220522953,1473.5438517035764,1475.281220522953,0,0,2,220.0,45
Gimelstob J.,1499.2931566226177,1499.4506133678267,1499.7081592277525,1498.8392740991044,92,13,40,549.0,6869
Gimeno D.,1499.9783752510332,1499.9783755284543,1499.9783752510332,1499.9783752510332,0,1,0,269.0,8059
Gimeno Valero C.,1494.0286914868432,1493.4529985322483,1494.0286914868432,1494.0286914868432,0,1,0,369.0,1564
Gimeno-Traver D.,1484.6583102195093,1489.483344385247,1487.2836276509615,1472.4081270373142,65,167,19,230.0,3026
Gimeno-Traver D. ,1499.8647253851336,1499.8647253851336,1499.8647253851336,1499.8647253851336,1,0,0,77.0,6127
Ginepri R.,1497.3235612298674,1498.577242687887,1498.39063100939,1495.4292963574283,263,42,49,204.0,4378
Giner J.,1499.98997341506,1499.9899777109872,1499.98997341506,1499.98997341506,0,5,0,558.0,8360
Giraldo S.,1476.4653845003772,1490.687796775746,1491.5111162878006,1469.1366113909571,141,144,28,232.0,2543
Giron M.,1494.1359999746917,1433.107741682907,1540.892722274188,1510.2383670546708,196,53,44,81.0,9
Giustino L.,1476.4493794774658,1477.1621461872567,1472.76446911026,1472.76446911026,2,6,0,223.0,1213
Godwin N.,1499.9301440707277,1499.9360478254675,1499.984720742852,1499.9360478254675,13,0,14,209.0,8767
Goellner M.K.,1499.9755755543374,1499.962045988811,1499.9623910102873,1499.9546361299547,6,17,2,453.0,8414
Goffin D.,1490.3363915990656,1524.3656673377127,1491.7973595872547,1506.8749390482342,363,150,54,104.0,296
Gojo B.,1479.9054185819587,1434.7676296046377,1449.0194852016007,1443.4361688943043,20,7,2,255.0,451
Gojowczyk P.,1445.6502125857628,1465.977442378102,1484.5913796029483,1437.8941948304575,118,22,25,108.0,1444
Golding O.,1499.0921339435047,1499.0921339435047,1499.092588568688,1499.0921339435047,0,0,3,491.0,5162
Goldstein P.,1499.5948953890768,1499.8279108056975,1499.7636498914421,1499.410591199026,112,26,17,101.0,6952
Golmard J.,1500.1435153953453,1499.9983947844269,1500.009030063839,1500.0847689502068,77,36,11,252.0,8000
Golovanov D.,1499.9457682454658,1499.9402221666253,1499.9463759427902,1499.9402221666253,1,0,1,729.0,8353
Golubev A.,1488.0106185920952,1492.0130954281428,1490.9583420419408,1481.3206562877467,86,47,10,154.0,3977
Gombos N.,1441.6364967548402,1485.2233708099302,1460.3106808629566,1447.339265780813,41,22,5,307.0,386
Gomez A.,1499.9939702209174,1499.9906942199236,1499.9939702209174,1499.9939702209174,0,2,0,698.0,4038
Gomez E.,1452.0794842852827,1463.3290731618813,1445.9339391046665,1445.9339391046665,19,7,0,155.0,1109
Gomez F.,1477.1522064413575,1474.5218415421434,1473.3031904543534,1473.3031904543534,3,1,0,137.0,590
Gomez F.A.,1493.901037425897,1494.9022410326384,1493.5378671599037,1493.5378671599037,1,5,0,209.0,29
Gomez L.,1486.7081093109034,1486.8203712746051,1486.8203712746051,1486.8203712746051,6,0,0,492.0,2571
Gomez-Herrera C.,1499.676316503469,1499.6766633123132,1499.676316503469,1499.676316503469,0,1,0,671.0,5217
Gong M.X.,1498.9127863278086,1498.9190772340528,1498.9190772340528,1498.9190772340528,4,0,0,718.0,4692
Gonzalez A.,1488.8333564946138,1488.888477915339,1485.4452223029784,1481.6712169308541,20,22,2,163.0,3671
Gonzalez F.,1502.3329141205033,1503.7653171981397,1501.6941983099625,1506.6299879962535,237,200,35,221.0,5258
Gonzalez F. ,1499.8645969666293,1499.8645969666293,1499.8645969666293,1499.8645969666293,1,0,0,11.0,6126
Gonzalez M.,1493.640794278207,1491.0200453278262,1491.5819020852214,1487.2060227722775,16,65,4,163.0,3409
Gonzalez P.,1499.9952469669547,1499.9952469749219,1499.9952469669547,1499.9952469669547,0,1,0,,9656
Gonzalez S.,1499.554417043573,1499.5703723182428,1499.5449096897178,1499.4969266862206,1,6,1,261.0,5649
Goodall J.,1499.1883890271288,1499.0788687338566,1499.1056528226993,1499.0788687338566,1,0,11,215.0,5162
Gooding J.,1499.986597071724,1499.9865971978215,1499.9865971978215,1499.9865971978215,1,0,0,708.0,8563
Goransson T.,1499.8538093179789,1499.853817569651,1499.8538093179789,1499.8538093179789,0,2,0,800.0,6610
Granollers G.,1499.5494437127797,1499.5495125104853,1499.5494437127797,1499.5494437127797,0,1,0,280.0,4861
Granollers M.,1460.894548950616,1486.384201402079,1500.7372683486594,1465.9119765741877,184,198,36,100.0,2522
Granollers M. ,1499.8647253851336,1499.8647253851336,1499.8647253851336,1499.8647253851336,1,0,0,82.0,6127
Granollers Pujol G.,1499.7760885221467,1499.7763571675885,1499.7760885221467,1499.7760885221467,0,1,0,331.0,5609
Granollers-Pujol G.,1499.457250007746,1499.458128689418,1499.457250007746,1499.457250007746,0,2,0,265.0,5225
Granollers-Pujol M.,1499.9602088885263,1499.9602050635658,1499.9602088885263,1499.9602088885263,0,1,0,291.0,7416
Gray A.,1496.9820914792272,1496.9820914792272,1495.9937787155516,1496.9820914792272,0,0,3,288.0,1505
Gregorc L.,1500.0249174245282,1499.9515523205016,1499.9427178683795,1499.9515523205016,12,0,1,195.0,6261
Gremelmayr D.,1498.3464330080687,1499.1537417453192,1498.5935885387548,1497.4545211530913,45,25,9,189.0,5335
Grenier H.,1429.1345587181022,1444.0315787163356,1442.9184177897346,1426.8014592668148,16,8,2,188.0,184
Greul S.,1498.720861383364,1498.675892304037,1498.7727990378119,1497.5181970538283,51,52,9,125.0,5594
Greul S. ,1499.8648536818434,1499.8648536818434,1499.8648536818434,1499.8648536818434,1,0,0,56.0,6128
Griekspoor T.,1644.8287587953832,1520.850975292294,1556.1863327045498,1568.9940056338314,139,57,36,69.0,4
Grigelis L.,1499.7515001222775,1499.751385540726,1499.751385540726,1499.751385540726,1,0,0,243.0,5496
Grosjean S.,1499.1203355459222,1500.2832147776774,1500.5545900277964,1500.1251672755945,251,97,58,559.0,6015
Gross O.,1499.9574071017023,1499.9604813892518,1499.9566760055754,1499.9519835692195,1,9,1,357.0,8424
Groth S.,1483.1226138543564,1489.82218113444,1495.9050297285592,1482.1719710485754,57,8,24,201.0,3312
Gruber K.,1499.976570369246,1499.9765713553863,1499.9765713553863,1499.9765713553863,1,0,0,633.0,7974
Guardiola T.,1499.9819152868777,1499.9746797732366,1499.9721426885874,1499.9721426885874,4,4,0,184.0,9411
Guccione A.,1499.938847729917,1499.938822766097,1499.952397483611,1499.938847729917,0,1,2,92.0,6961
Guccione C.,1498.567675272525,1497.9307162703726,1498.0551865158495,1496.636646398082,63,7,16,613.0,4441
Guez D.,1495.9740363731655,1496.7249253526302,1495.559348077054,1495.559348077054,14,3,0,193.0,3830
Guillen Meza A.,1480.9111397516267,1480.932563517596,1480.9111397516267,1480.9111397516267,0,1,0,244.0,388
Guinard M.,1475.6487815906185,1485.2796753454365,1479.5631717421,1479.5631717421,7,5,0,280.0,548
Gulbis E.,1488.3838809140673,1480.1097367734735,1487.7647719586762,1468.5310475617093,258,129,38,191.0,1844
Gumy H.,1499.9742501873109,1499.9736018694957,1499.963688048501,1499.9592557336127,9,20,1,132.0,9306
Gunneswaran P.,1452.4114219402802,1452.7323556815534,1467.8150212805174,1446.5137683231253,21,1,6,228.0,1655
Gustafsson M.,1499.998666793224,1500.029939267979,1500.0064847519718,1500.0212766853654,17,31,12,71.0,9061
Gutierrez-Ferrol S.,1500.086860024572,1500.0888470605503,1500.086860024572,1500.086860024572,0,4,0,544.0,5235
Guzman J.,1499.9401990567173,1499.9401990567173,1499.9402025256095,1499.9401990567173,0,0,1,100.0,6988
Guzman J.P.,1499.7355575053552,1499.7018650023142,1499.6919433316532,1499.649441949519,3,17,1,132.0,6926
Haas T.,1503.9524257215462,1501.2904197253279,1500.3256058468364,1504.8381135097452,404,147,64,248.0,3299
Haase R.,1474.8326829597192,1479.817723723185,1482.6986804872076,1461.346766853091,237,154,54,257.0,1310
Habib H.,1455.1417740290597,1456.3633023262407,1456.3633023262407,1456.3633023262407,6,0,0,334.0,177
Hadad A.,1499.9999290857559,1499.999947645808,1499.9999328007139,1499.9999328007139,4,2,0,344.0,7638
Hadad M.,1500.0017408971537,1500.0017410669066,1500.0017408971537,1500.0017408971537,0,4,0,290.0,9327
Haehnel J.,1499.7504726960478,1499.6470959766775,1499.6295994564089,1499.5088390375852,10,10,3,675.0,6134
Haider-Mauer A.,1499.934652521637,1499.9491605369508,1499.9346685697024,1499.9346685697024,1,2,0,254.0,6884
Haider-Maurer A.,1483.3668033521571,1481.0816058502783,1485.587214554895,1467.1790369707478,36,54,13,412.0,2999
Hajek J.,1493.0081393232235,1497.4996782683547,1494.0285535418016,1491.1504297690853,40,43,4,106.0,4572
Halebian A.,1497.9199345456382,1497.9128317422544,1497.9128317422544,1497.9128317422544,1,0,0,644.0,3300
Halys Q.,1521.3199080858908,1634.930854310465,1522.8481563346431,1644.2724413769022,99,41,22,83.0,19
Hamou M.,1496.42827222473,1496.4410851792366,1496.42827222473,1496.42827222473,0,3,0,287.0,3363
Hanescu V.,1489.442889420067,1500.5026478251436,1495.8150338324472,1488.7760608225917,131,214,31,146.0,4169
Hanescu V. ,1499.8645969666293,1499.8645969666293,1499.8645969666293,1499.8645969666293,1,0,0,36.0,6126
Hanfmann Y.,1578.3046771165023,1600.6933719112983,1510.5585674752492,1634.857652335725,59,119,27,57.0,7
Hank T.,1496.7378435485803,1496.729209881485,1496.729209881485,1496.729209881485,3,0,0,567.0,3655
Hanley P.,1499.9888761401041,1499.988876103673,1499.988876103673,1499.988876103673,1,0,0,,8760
Hantschek M.,1499.9999728306984,1499.9999719736657,1499.9999719736657,1499.9999719736657,2,0,0,312.0,8625
Hantschk M.,1499.9269566329892,1499.9591475529799,1499.9314323006793,1499.8982518445112,24,30,4,177.0,8255
Harboe P.,1499.9739539770117,1499.9739544541635,1499.9739539770117,1499.9739539770117,0,1,0,610.0,7863
Hardt N.,1489.3409187021348,1489.362463268792,1489.3409187021348,1489.3409187021348,0,3,0,191.0,758
Harper-Griffith L.,1499.9877748613133,1499.988151525969,1499.9871608012559,1499.9871608012559,1,1,0,297.0,9117
Harris A.,1496.957990975373,1497.2490926119622,1497.2490926119622,1497.2490926119622,3,0,0,232.0,2017
Harris B.,1432.7580815073459,1455.821797171913,1484.5230160618303,1451.7501153339797,8,1,17,155.0,44
Harris L.,1483.3640054449152,1452.0930138693968,1494.464624981572,1486.497645733668,97,21,20,353.0,351
Harrison C.,1507.7943927016922,1505.7424650759854,1507.6004245980944,1507.8279962312045,9,1,4,251.0,1507
Harrison R.,1487.2822501971332,1484.5640129761073,1484.713974390574,1474.453304608507,192,36,34,481.0,2044
Harsanyi P.,1499.9866405808552,1499.9866405980038,1499.9866405980038,1499.9866405980038,2,0,0,962.0,9131
Hartfield D.,1499.4353530555086,1499.6090896041883,1499.3715619561096,1499.2260339041034,7,31,2,137.0,6693
Hassan B.,1430.2246902804409,1432.461568383717,1421.229513073126,1421.229513073126,4,2,0,289.0,171
Healey N.,1499.79257177706,1499.7907251955457,1499.8185331047316,1499.7667049792935,12,1,2,174.0,6973
Heide G.,1456.1861997112917,1451.913772581271,1456.1861997112917,1456.1861997112917,0,10,0,258.0,178
Hellstrom M.,1499.978659627794,1499.9786609458376,1499.978659627794,1499.978659627794,0,1,0,534.0,8074
Hemery C.,1460.9873848908064,1466.6275763627418,1452.9839425527578,1452.9839425527578,4,8,0,171.0,394
Hemmes F.,1499.9766384368459,1499.971820360667,1499.9718706439978,1499.9699678886072,2,1,1,215.0,8247
Henman T.,1500.7697675631532,1500.1733533696338,1500.4454747168327,1501.374866475936,244,77,60,91.0,6922
Henry R.,1499.9871969438043,1499.9871966226663,1499.9871966226663,1499.9871966226663,1,0,0,578.0,8612
Herbert P-H.,1499.2360229722592,1499.2344267546716,1499.2344267546716,1499.2344267546716,1,0,0,131.0,4336
Herbert P.,1439.2257683653534,1432.9300752568802,1429.5028648933953,1418.2572656041575,4,7,2,232.0,66
Herbert P.H,1501.0572935478408,1501.0734688185835,1501.3612586838447,1501.3612586838447,13,2,0,95.0,3775
Herbert P.H.,1509.8321313670099,1470.4017268862015,1477.9451056812015,1488.7394574885575,138,40,28,127.0,645
Herm-Zahlava J.,1499.9866962139297,1499.9866961765958,1499.9866962139297,1499.9866962139297,0,2,0,335.0,9159
Hernandez A.,1479.9590191128327,1488.5906140659085,1480.4783219502037,1480.4783219502037,6,5,0,498.0,16
Hernandez O.,1497.65500691723,1498.3577700508965,1497.7954026936632,1495.9262016402301,32,139,8,125.0,5896
Hernandez-Fernandez J,1497.2843517395427,1497.2970298982925,1497.2843517395427,1497.2843517395427,0,1,0,266.0,3006
Hernandez-Fernandez J.,1498.0099277828986,1498.0099090964231,1498.0099277828986,1498.0099277828986,0,1,0,250.0,3305
Hernych J.,1497.490453520146,1498.637977998558,1500.5496178223962,1497.5119441454513,93,39,39,324.0,3706
Hernych J. ,1499.9997430410817,1499.9997430410817,1499.9997430410817,1499.9997430410817,2,0,0,59.0,6125
Heuberger I.,1499.7794266024514,1499.7995571488584,1499.7898083920074,1499.6328229375927,44,12,6,191.0,7640
Hewitt C.,1511.5058149452252,1511.494780564035,1511.494780564035,1511.494780564035,2,0,0,612.0,14
Hewitt L.,1502.6411774151902,1497.6763725666126,1506.4213689724736,1505.7142833929872,440,117,130,308.0,3857
Hijikata R.,1503.853550885989,1429.5749899842704,1475.600268825096,1500.2173224393218,74,13,23,93.0,11
Hill M.,1499.995943114182,1499.9947840040586,1499.9947840041075,1499.9947840040586,2,0,1,226.0,9558
Hilton M.,1499.948130933586,1499.948130933586,1499.9480990452234,1499.948130933586,0,0,5,212.0,7730
Hipfl M.,1499.9232521429672,1499.9397275211968,1499.914864940598,1499.8752912977325,16,63,4,246.0,8424
Hippensteel K.,1499.955071263891,1499.955072476035,1499.955072476035,1499.955072476035,4,0,0,207.0,8017
Hirigoyen I.,1499.9832764720577,1499.9844438254108,1499.9820348701746,1499.9820348701746,1,3,0,322.0,8879
Hoang A.,1467.6079915655341,1479.8312603907857,1476.1646954591959,1469.2943314169363,13,4,2,155.0,1786
Hocevar R.,1499.3527937558815,1499.3332385167128,1499.280907610654,1499.280907610654,1,4,0,248.0,5672
Holmgren A.,1512.0879641481276,1520.4290343854773,1520.7659825272588,1520.4290343854773,2,0,3,178.0,316
Holt B.,1387.3156625169427,1398.9597480233128,1416.3090225033864,1386.811140598072,14,1,3,110.0,352
Hong S.,1502.1491676025248,1502.0570501789541,1502.0570501789541,1502.0570501789541,5,0,0,175.0,742
Hood M.,1499.9913934663452,1499.991393279546,1499.9913934663452,1499.9913934663452,0,5,0,485.0,9166
Horansky F.,1474.7312628729273,1474.8425514124604,1474.7796351916627,1471.5679202977528,1,6,1,185.0,1850
Hormazabal G.,1499.9353714305403,1499.935374057527,1499.9353714305403,1499.9353714305403,0,3,0,621.0,7500
Horna L.,1499.2500038756873,1500.333236772854,1499.523896329351,1499.3319038176644,78,148,6,95.0,6562
Hossam K.,1499.469663742159,1499.471497307272,1499.471497307272,1499.471497307272,1,0,0,338.0,4608
Hrbaty D.,1499.8493433828019,1499.44960984226,1499.5535333138928,1499.0932067935562,257,120,20,154.0,6036
Hsu Y.,1527.6283521677829,1530.0430102929022,1530.0430102929022,1530.0430102929022,6,0,0,184.0,1040
Huesler M.,1488.8753055569505,1488.5666993572431,1488.8753055569505,1488.8753055569505,0,1,0,340.0,122
Huesler M.A.,1412.8055549308306,1409.5309333888,1416.4721269232177,1369.7020690330594,37,24,8,159.0,590
Huet S.,1499.9432280931094,1499.9546805558646,1499.950481383161,1499.9188361508695,8,10,5,269.0,9061
Hui J.,1499.9918682088849,1499.991868608081,1499.991868608081,1499.991868608081,1,0,0,,9089
Humbert U.,1651.3431348223585,1483.7006267688114,1581.58218435674,1651.1944144106335,205,57,63,28.0,8
Humphries S.,1499.9807914058918,1499.981211319531,1499.9792576431976,1499.9792576431976,3,1,0,615.0,9488
Hurkacz H.,1591.629614144684,1641.5804073054553,1656.9700436442647,1675.7121425761848,231,80,45,72.0,6
Hussey G.,1511.436091030668,1511.436091030668,1505.2346903733628,1511.436091030668,0,0,4,293.0,50
Huta Galung J.,1494.1756632575043,1494.9825514916333,1495.5433116942415,1492.5924920479715,17,4,7,248.0,4201
Ianni S.,1499.9565149856533,1499.9565133540787,1499.9565149856533,1499.9565149856533,0,1,0,559.0,7322
Idmbarek Y.,1498.8289994070617,1498.823602687541,1498.8289994070617,1498.8289994070617,0,2,0,738.0,4146
Ignatik U.,1499.9114812990613,1499.9114638288836,1499.9114638288836,1499.9114638288836,1,0,0,421.0,6576
Ilhan M.,1481.9521623439969,1485.0042437548418,1485.585334235951,1470.8951731155398,40,20,10,571.0,2043
Ilie A.,1499.842212373429,1499.9840127045957,1499.8789922441797,1499.8181221606749,55,38,5,394.0,8415
Ilkel C.,1481.0612949397657,1482.097893598393,1480.4419942492614,1475.649718153507,13,4,3,259.0,1008
Im K.T.,1499.8509222084756,1499.8508947739447,1499.8508947739447,1499.8508947739447,1,0,0,202.0,6028
Inglot D.,1499.484068370442,1499.4857412966542,1499.4857412966542,1499.4857412966542,1,0,0,941.0,4713
Ionita V.,1499.9008894341698,1499.9009074334358,1499.9008894341698,1499.9008894341698,0,3,0,271.0,7276
Ishii Y.,1499.973401882206,1499.9734019374623,1499.9734019374623,1499.9734019374623,4,0,0,260.0,9082
Isner J.,1530.0896392373538,1530.5545823745808,1551.5220316070836,1534.3832353045634,537,134,78,157.0,1078
Isner J. ,1499.9998714595863,1499.999871459586,1499.999871459586,1499.999871459586,2,0,0,40.0,6125
Istomin D.,1473.5651018121332,1471.2925713991083,1489.0266784122116,1456.0639282966024,247,101,62,267.0,1639
Ito T.,1478.7213847996024,1489.196419921027,1492.5249951966462,1477.0631979022887,54,9,18,146.0,2395
Ito Y.,1499.9072675510356,1499.9072633151484,1499.9072633151484,1499.9072633151484,1,0,0,622.0,6526
Ittogi T.,1499.967148033312,1499.9671474490783,1499.9671474490783,1499.9671474490783,1,0,0,1511.0,7619
Ivanisevic G.,1499.9517054793962,1499.8767170278315,1499.9853861774534,1499.8632495649035,68,10,19,415.0,8084
Ivanov I.,1487.105168247774,1487.3604305137803,1487.3604305137803,1487.3604305137803,1,0,0,935.0,282
Ivanov-Smolensky K.,1499.979482666081,1499.9781726496053,1499.979591450083,1499.9781726496053,1,0,1,544.0,8739
Ivashka I.,1500.7543219110742,1463.6380580553432,1486.9749252019008,1477.176052089565,100,33,23,103.0,1081
Iwabuchi S.,1499.7349504545755,1499.7347211925469,1499.7347211925469,1499.7347211925469,13,0,0,339.0,6527
Iwami T.,1499.9438328357835,1499.9438297253002,1499.9438297253002,1499.9438297253002,4,0,0,557.0,7619
Jacquet K.,1470.1154827418736,1464.669438269483,1471.9166444096036,1462.1878714098418,6,5,2,121.0,9
Janowicz J.,1499.4971377235952,1495.0902500019586,1504.0035557062681,1500.1964051633033,98,35,25,141.0,3220
Janvier M.,1474.693261054118,1476.6569733489198,1473.1574393535136,1471.6548925055868,1,4,1,225.0,773
Jarry N.,1493.1571971371407,1461.4473383328843,1521.9118474475708,1479.1665499939734,80,116,24,155.0,171
Jasika O.,1475.9931536529898,1477.2826453250586,1477.2826453250586,1477.2826453250586,6,0,0,179.0,578
Jaziri M.,1431.871373916641,1467.0528210277362,1466.542205885192,1410.3931074548366,133,51,24,444.0,1263
Jeanpierre J.,1500.0159125437797,1500.020452174435,1500.0204566512616,1500.0204566512616,2,3,0,154.0,8058
Jelenic P.,1499.9989813653576,1499.9988954491791,1499.9988954491791,1499.9988954491791,2,0,0,544.0,6034
Jenkins S.,1499.5472029138955,1499.6704091075935,1499.6063700818152,1499.493935914836,13,5,2,202.0,6335
Jensen L.,1499.9953408040274,1499.9953408040274,1499.9953408040274,1499.9953408040274,1,0,0,,9677
Jeong S.Y.,1499.475987138855,1499.475206476905,1499.475206476905,1499.475206476905,1,0,0,332.0,4705
Jiang S.,1499.9919131329616,1499.991912988822,1499.991912988822,1499.991912988822,1,0,0,,9096
Jianu F.C.,1479.9187031453566,1481.9985038148425,1479.9187031453566,1479.9187031453566,0,3,0,246.0,135
Jodar R.,1692.3356687181508,1721.519893934229,1719.145032944623,1807.848703623676,21,22,3,15.0,1
Johansson J.,1500.9110370981618,1500.16418625068,1500.292722231919,1500.7834566976567,85,12,12,131.0,4683
Johansson T.,1500.1952301893298,1499.5596989388634,1499.8949295335283,1499.837136866784,222,54,53,87.0,6518
Johnson S.,1442.4237597350382,1497.2257296427097,1496.2701160646911,1455.8280144857135,256,66,64,246.0,919
Jones A.,1499.7116741995974,1499.7123486803264,1499.7123486803264,1499.7123486803264,11,0,0,137.0,6783
Jones G.,1499.022682644526,1498.915008445602,1499.020561034377,1498.915008445602,6,0,1,373.0,4964
Jones G.D.,1499.9280906265058,1499.9281109912847,1499.9281109912847,1499.9281109912847,1,0,0,1214.0,6793
Jonsson F.,1499.9567449145954,1499.9508731427877,1499.942765728772,1499.9300565943647,13,7,2,188.0,9166
Jorda Sanchis D.,1500.644731954623,1500.5087568010194,1500.644731954623,1500.644731954623,0,2,0,329.0,861
Jouan R.,1499.4918721883826,1499.5065282025569,1499.4525661379816,1499.4525661379816,4,1,0,230.0,5463
Joyce M.,1499.9828845125917,1499.982891454337,1499.982891454337,1499.982891454337,6,0,0,302.0,8414
Jubb P.,1498.8680805846616,1498.8680805846616,1493.3360746755843,1498.8680805846616,0,0,9,201.0,772
Jun W.,1499.9490792094457,1499.9490798646607,1499.9490798646607,1499.9490798646607,1,0,0,360.0,7155
Jun W.S.,1499.6862237006103,1499.6543636290583,1499.6538800384494,1499.616648899185,5,1,1,252.0,6588
Junaid R.,1499.8175391392242,1499.7965849517961,1499.801117777135,1499.7965849517961,1,0,1,334.0,5904
Jung J.,1464.5659144033725,1467.2117879331352,1485.496219241692,1463.3794678303896,20,1,9,276.0,1106
Junqueira D.,1498.0231495727894,1497.627646619553,1497.241941056079,1496.8649388355382,7,33,1,144.0,5217
Kachmazov A.,1480.1124803759128,1484.2836364425625,1484.2836364425625,1484.2836364425625,11,0,0,183.0,394
Kadhe A.,1477.9105014961692,1477.5208783043724,1477.5208783043724,1477.5208783043724,4,0,0,778.0,1654
Kafelnikov Y.,1500.387605030858,1500.1167577834403,1500.200514474899,1500.643896692854,170,54,23,41.0,8330
Kamke T.,1486.8346190612338,1494.116628210043,1496.5049066383522,1484.198832602789,95,42,23,231.0,2543
Karanusic R.,1499.0696563402712,1499.1416536699671,1499.305433115866,1498.5264127737269,21,9,10,110.0,6260
Karatsev A.,1515.428919477494,1491.226952009863,1497.166213026709,1524.1297774078419,102,45,11,139.0,666
Karbacher B.,1499.9907449236819,1499.990638078789,1499.9900709099065,1499.9900709099065,1,1,0,442.0,9523
Karlovic I.,1471.6101284256067,1491.3542141395694,1504.581919508532,1469.5368263262496,399,130,116,221.0,1809
Karlovic I. ,1499.8648536818434,1499.8648536818434,1499.8648536818434,1499.8648536818434,1,0,0,38.0,6128
Karlovskiy E.,1496.9626431827205,1496.9721506128697,1496.9721506128697,1496.9721506128697,1,0,0,218.0,2859
Kasnikowski M.,1484.0510164254508,1484.4735077519933,1484.4735077519933,1484.4735077519933,1,0,0,194.0,717
Kauffmann C.,1499.988029223209,1499.9878218213198,1499.9871208067023,1499.9871208067023,1,1,0,250.0,9208
Kavcic B.,1481.0086669285497,1490.1107835134496,1488.335187976037,1473.2837576708546,53,46,13,176.0,2969
Kecmanovic M.,1520.8614981471803,1479.5602752227599,1494.5401605138281,1513.5110424605766,216,92,40,62.0,8
Kempes E.,1499.9656609962105,1499.9757820808522,1499.9583783056914,1499.9500765149066,13,8,3,249.0,8753
Kendrick R.,1497.974167050045,1497.7579677360482,1498.2426537973088,1496.0380612701897,81,12,18,546.0,5287
Kennedy A.,1499.9636497906963,1499.9612754997065,1499.9647799978954,1499.9612754997065,2,0,1,431.0,8415
Kern R.,1498.9277685956993,1498.9292739075308,1498.9277685956993,1498.9277685956993,0,3,0,392.0,4783
Ketola T.,1499.9471784587092,1499.9199750721498,1499.9355762452874,1499.9199750721498,12,0,4,225.0,7723
Khachanov K.,1563.4935908102407,1612.1225697120844,1569.8905546578403,1581.805764146306,338,141,52,39.0,8
Khaddari H.,1499.353851737545,1499.3562453736733,1499.353851737545,1499.353851737545,0,1,0,513.0,4510
Khalfan S.,1499.9188290722172,1499.9188278929737,1499.9188278929737,1499.9188278929737,3,0,0,1116.0,7164
Kicker N.,1486.139422977881,1482.6667369595032,1478.3097290298992,1475.4818647330926,12,32,1,203.0,1634
Kiefer N.,1501.3444505533482,1500.4206160439885,1500.3093475064647,1501.792750133488,228,70,48,178.0,5896
Kilderry P.,1499.9859841194686,1499.984809594178,1499.986047666576,1499.984809594178,2,0,1,263.0,9516
Kim A.,1499.8678761910448,1499.8692349840894,1499.8723039874646,1499.822169446547,24,4,3,167.0,8360
Kim K,1499.9161404060062,1499.9161404060062,1499.9160867649018,1499.9161404060062,0,0,1,181.0,6625
Kim K.,1497.9547678249169,1498.6279762193478,1498.5177001057332,1496.8098278252367,99,14,16,151.0,5855
Kimmich M.,1499.9127287024846,1499.9127403562359,1499.9127403562359,1499.9127403562359,3,0,0,313.0,7514
Kindlmann D.,1499.2516127930899,1499.3583209646986,1499.0968593681152,1499.0968593681152,5,7,0,162.0,5925
King D.,1474.9476489866977,1474.7891270473185,1474.7891270473185,1474.7891270473185,12,0,0,497.0,1088
King E.,1495.8142881801,1495.8982517119098,1495.8982517119098,1495.8982517119098,4,0,0,200.0,3079
King K.,1489.876778647315,1489.9568181980635,1489.71419322356,1488.620370802315,5,1,1,304.0,2043
King P.,1499.799505335783,1499.799501481054,1499.799501481054,1499.799501481054,9,0,0,404.0,6896
King-Turner D.,1499.182617675447,1499.182352484714,1499.182352484714,1499.182352484714,6,0,0,376.0,4965
Kirchheimer S.,1471.0187357996151,1470.4961010874772,1470.4961010874772,1470.4961010874772,2,0,0,512.0,724
Kirillov E.,1499.730562684301,1499.730562684301,1499.7346596501425,1499.730562684301,0,0,1,378.0,5539
Kirkin E.,1491.499310957428,1491.1522252684767,1491.7724284683734,1491.1522252684767,1,0,1,446.0,2043
Klaasen R.,1499.8883196243244,1499.958431731922,1500.0220179496564,1499.958431731922,5,0,3,307.0,5673
Klahn B.,1444.1292495234193,1454.2307542587303,1465.3150284547746,1432.9648886602731,43,4,9,797.0,1109
Klec I.,1499.226453244632,1499.1831786581188,1499.0310053494334,1499.0310053494334,5,3,0,416.0,4964
Klein B.,1494.970737059134,1492.194639279198,1493.2669258664662,1492.194639279198,7,0,6,235.0,3298
Klein L.,1502.6132996443478,1489.9830869275208,1499.9688246028768,1505.0810185542446,14,8,3,144.0,577
Klein T.,1499.9704371443006,1499.9704371443006,1499.9704380503733,1499.9704371443006,0,0,1,839.0,7730
Klizan M.,1476.5143278809119,1494.916681133148,1484.8340125959187,1470.1915606449816,125,114,14,316.0,499
Kloer S.,1499.887043255847,1499.8869475719468,1499.887043255847,1499.887043255847,0,1,0,495.0,6309
Knippschild J.,1499.9394526634005,1499.9381751998826,1499.9695961240996,1499.9138746973595,9,22,10,247.0,8795
Knittel B.,1499.132944792061,1499.2991282302378,1499.1815520207629,1499.132944792061,0,4,1,210.0,4798
Knowle J.,1499.8480556695831,1499.8568944198448,1499.878507640888,1499.7620870367791,12,11,12,257.0,7891
Knowles M.,1499.9898031373173,1499.9898031011062,1499.9898031011062,1499.9898031011062,2,0,0,239.0,9495
Koderisch C.,1499.985313941675,1499.985313941675,1499.9853120453072,1499.985313941675,0,0,1,1355.0,8466
Koellerer D.,1499.4306590292542,1499.1598368842092,1498.908630066369,1498.5828320651665,16,30,4,109.0,5911
Koellerer D. ,1499.8647253851336,1499.8647253851336,1499.8647253851336,1499.8647253851336,1,0,0,74.0,6127
Koenig R.,1499.9919125711272,1499.991912361513,1499.991912361513,1499.991912361513,1,0,0,,9096
Koepfer D.,1528.8390847256696,1482.4841965504727,1460.0674114942587,1501.4667796029978,71,38,14,118.0,561
Kohlmann M.,1499.8672238720524,1499.9624906923843,1499.88422383143,1499.831593666261,16,15,9,1494.0,7002
Kohlschreiber P.,1484.0124098483227,1506.43098141143,1493.5207588180538,1479.3946349959917,389,273,93,132.0,1571
Kohlschreiber P. ,1499.8647253851336,1499.8647253851336,1499.8647253851336,1499.8647253851336,1,0,0,26.0,6127
Kohlschreiber P..,1500.709963217601,1500.7082692465142,1500.7082692465142,1500.7082692465142,1,0,0,24.0,4347
Kokkinakis T.,1628.6208336580637,1537.2217544121966,1561.8088474484134,1654.7086354564278,120,22,12,491.0,44
Kolar Z.,1480.2093728771783,1482.7676070249215,1481.402166934451,1480.2093728771783,0,4,1,153.0,30
Koll H.,1499.9934180122564,1499.99341796466,1499.99341796466,1499.99341796466,1,0,0,376.0,9313
Kondo H.,1499.8956114796783,1499.8955629796553,1499.8955629796553,1499.8955629796553,4,0,0,589.0,6526
Koning M.,1499.9411066690623,1499.9411066690623,1499.9410490817918,1499.9411066690623,0,0,1,793.0,6995
Kontinen H.,1499.8648780479489,1499.8647026349845,1499.8947662777946,1499.8647026349845,1,0,2,253.0,5902
Kopriva V.,1501.6770187547106,1529.3712530739608,1506.5667229252956,1540.8697501960773,18,44,7,71.0,9
Korda S.,1701.292480435939,1574.5004699463032,1611.8171232865766,1724.958739775224,171,52,25,36.0,142
Kornienko I.,1499.994006181076,1499.9940063799527,1499.9940063799527,1499.9940063799527,1,0,0,693.0,9411
Korolev E.,1499.7837143950942,1498.1740241294353,1498.2755638482727,1497.131759775816,81,50,11,176.0,4832
Korolev E. ,1500.1351459022167,1500.135145902217,1500.135145902217,1500.135145902217,3,0,0,58.0,6124
Korteling S.,1499.969438822739,1499.9694409464203,1499.969438822739,1499.969438822739,0,1,0,463.0,7695
Kosakowski D.,1499.3888549059604,1499.3886332036955,1499.3886332036955,1499.3886332036955,3,0,0,366.0,4541
Kotov P.,1436.8426734428813,1525.4320904474716,1481.2867916448695,1471.200330776507,44,32,4,107.0,499
Kouame M.,1478.6636156832515,1484.7262777107612,1482.09113820872,1482.09113820872,4,5,0,213.0,15
Koubek S.,1499.443125296452,1499.0877339970505,1499.2406366782816,1498.2973625668649,188,117,25,173.0,5672
Kovacevic A.,1452.2605986831081,1430.6068705383452,1418.9234992754086,1436.8072977635563,80,22,11,95.0,10
Kovalik J.,1472.4323365439025,1508.2930841258178,1496.7504104085594,1498.0194646847467,25,45,2,102.0,759
Kozlov S.,1472.1023646519639,1467.6283261889384,1472.3804637753205,1463.3632418405791,20,1,13,108.0,1423
Krajan Z.,1499.8660465060912,1499.853318642688,1499.8184539216875,1499.794649049792,7,22,1,681.0,7689
Krajicek A.,1492.7005719201438,1490.1943738612727,1490.791452568205,1487.2767341863541,27,3,5,274.0,3313
Krajicek R.,1500.025758554798,1500.0466037514075,1500.0504409575474,1500.087791935393,36,13,19,72.0,8458
Krajinovic F.,1475.330968620034,1451.546659723298,1498.3317249412034,1454.5854874259114,149,70,11,93.0,1172
Kralert P.,1499.9904076897235,1499.9876671330712,1499.9876670296403,1499.9876670296403,2,2,0,154.0,9257
Kratochvil M.,1499.8728916521952,1499.864085848,1499.9150056940962,1499.6963932901408,81,44,20,1511.0,6974
Kravchuk K.,1478.1777644630365,1485.9281287457197,1486.5304800244967,1477.8136859829924,21,4,5,260.0,3222
Krawietz K.,1499.596784542754,1499.550208932452,1499.6520494730921,1499.596784542754,0,2,2,277.0,2605
Kroslak J.,1499.978716424673,1499.9742033649886,1499.966670775306,1499.966670775306,13,4,0,268.0,9103
Krstin P.,1495.8558324950143,1495.4756856286306,1495.0502802966787,1495.0502802966787,2,3,0,285.0,1906
Krueger M.,1429.0423590427738,1437.8577398198172,1453.999783987182,1426.3229168430842,27,2,5,159.0,393
Krumich M.,1480.1184066902833,1480.364396275406,1480.1184066902833,1480.1184066902833,0,1,0,278.0,30
Krutykh O.,1465.1130315433895,1465.273798710265,1462.2462343914872,1462.2462343914872,2,1,0,180.0,1214
Kubler J.,1430.8157546597286,1484.0498147536707,1483.682492756444,1438.5450274330428,26,14,13,194.0,207
Kubot L.,1489.7339274076253,1496.1423740409466,1497.7589924300032,1487.9382229382402,93,80,23,614.0,3957
Kucera K.,1500.127801431793,1499.8642070802823,1499.9993148010408,1499.9791418746338,93,35,25,141.0,7650
Kucera V.,1500.0000471957312,1500.0000524851844,1500.0000524851844,1500.0000524851844,2,0,0,19.0,8247
Kudla D.,1407.780081329445,1443.3154478099073,1482.5634051309416,1399.6737227105689,125,24,52,160.0,863
Kudryavtsev A.,1496.7779520200156,1496.1194514308552,1496.2213916408812,1495.5763782729425,14,1,2,179.0,3698
Kuerten G.,1500.1842837066758,1500.1614279346597,1500.2229160212617,1500.3558036703948,133,139,4,1141.0,6654
Kuhn N.,1475.653464524859,1473.4674668178654,1469.631304409394,1465.945768357248,4,4,2,259.0,1486
Kukushkin M.,1438.318500393601,1436.6449952763742,1467.4835065914117,1415.6092630516873,219,81,36,113.0,590
Kulti N.,1499.978708864608,1499.97845561955,1499.9776944159562,1499.9752530573585,2,2,1,430.0,9530
Kumantsov A.,1499.787766428013,1499.7877059103357,1499.7877059103357,1499.7877059103357,1,0,0,365.0,5658
Kumar O.,1490.8766434242434,1488.4501476460787,1488.4501476460787,1488.4501476460787,5,0,0,434.0,724
Kumar S.,1499.9955228914116,1499.9955228914116,1499.9955228914116,1499.9955228914116,1,0,0,1198.0,9719
Kunitcin I.,1499.98880156254,1499.9888014486035,1499.9888014486035,1499.9888014486035,1,0,0,193.0,8753
Kunitsyn I.,1492.8358193512759,1496.2768219045952,1496.4255560614508,1489.5073778932974,135,29,34,167.0,4917
Kunitsyn I. ,1499.8647253851336,1499.8647253851336,1499.8647253851336,1499.8647253851336,1,0,0,81.0,6127
Kutac R.,1499.9570789023185,1499.9570835111383,1499.9570789023185,1499.9570789023185,0,1,0,638.0,7338
Kutrovsky D.,1500.2958912544996,1500.2956712475416,1500.2956712475416,1500.2956712475416,3,0,0,438.0,5291
Kutsenko V.,1499.9547564778672,1499.9648128567892,1499.9547590033264,1499.9547590033264,8,2,0,237.0,8241
Kuzmanov D.,1456.805607476736,1471.2009118353797,1465.1286665028993,1465.1286665028993,10,1,0,189.0,1010
Kuznetsov A.,1498.4905779861792,1498.6455769076342,1498.7698615565378,1498.2586449438065,19,2,4,167.0,5323
Kuznetsov Al.,1494.728055068571,1494.536623365561,1494.4277739201216,1492.3993960121413,12,3,6,311.0,3677
Kuznetsov An.,1487.886936432203,1482.6602922232648,1489.1356027734714,1475.0518687351484,71,66,17,228.0,1544
Kwiatkowski T.S.,1463.0095323291657,1463.003998211273,1467.3843317036365,1463.003998211273,6,0,1,477.0,1087
Kwon S.,1491.8798662475,1493.161731002457,1495.804042353778,1493.161731002457,1,0,2,158.0,15
Kwon S.W.,1519.1960321616905,1477.7277783111795,1486.6894234294855,1505.061870493829,89,18,9,340.0,717
Kym J.,1532.5232826609847,1530.1900888042328,1538.4834599395053,1538.4834599395053,4,5,0,186.0,28
Kypson P.,1453.1287096030042,1427.949393287292,1443.8060087712179,1425.2442479613953,13,5,2,113.0,42
Kyrgios N.,1670.770006507184,1541.6342270725563,1575.6124157693293,1683.089490670584,193,42,48,900.0,52
Laaksonen H.,1415.623263940727,1477.143034362337,1426.6506824790513,1409.1597701659603,52,43,2,125.0,1422
Labadze I.,1499.6834991124556,1499.792535345747,1499.7957963815265,1499.4835527431712,47,48,12,166.0,7346
Lacko L.,1468.0684340206913,1487.8082684567703,1494.2860394284214,1469.4520651137366,149,16,44,214.0,1883
Lajal M.,1493.4402782428622,1497.2704339548866,1494.926899191055,1497.2704339548866,3,0,3,149.0,303
Lajola D.,1499.7018153511349,1499.7018153511349,1499.7018153511349,1499.7018153511349,1,0,0,719.0,5294
Lajovic D.,1479.5080863756891,1452.7909198638704,1422.0726122388796,1439.5579753921838,179,226,25,152.0,31
Lalami Laaroussi Y.,1471.5804160498346,1471.9399827051072,1471.5804160498346,1471.5804160498346,0,2,0,1193.0,499
Lama G.,1468.6212733831178,1471.1745136120726,1466.400042773219,1466.400042773219,1,3,0,410.0,1108
Lamasine T.,1497.0142699873415,1497.3180956158753,1496.6409959288055,1496.3529324078459,3,5,1,271.0,2041
Lammer M.,1499.476930652354,1499.2973787054493,1499.132124887853,1499.132124887853,10,8,0,327.0,5398
Lammer M. ,1499.9997430410817,1499.9997430410817,1499.9997430410817,1499.9997430410817,2,0,0,167.0,6125
Landaluce M.,1503.0183674262405,1479.9005203584811,1471.8463692453952,1477.826296348833,12,15,5,64.0,10
Landsberg J.,1499.9947492537115,1499.9947492537115,1499.9947492426613,1499.9947492537115,0,0,1,611.0,9551
Langer N.,1499.4773694297596,1499.5961920984978,1499.4793935581456,1499.4793935581456,1,2,0,340.0,4685
Lapentti G.,1498.7866230624877,1497.4046118534677,1497.3486392528202,1496.9937882319318,17,9,1,641.0,3472
Lapentti N.,1499.1613234922822,1499.2554495143106,1499.2897486602858,1498.1419488665472,139,175,17,129.0,5925
Lareau S.,1499.9658671089055,1499.9609686011138,1499.9705608176969,1499.9532584071278,19,2,5,164.0,9131
Larkham T.,1499.943913830509,1499.9367422153553,1499.934610545482,1499.9273992648045,4,2,1,168.0,8242
Larose S.,1499.9751924527363,1499.9752361032763,1499.9752361032763,1499.9752361032763,12,0,0,193.0,8053
Larsson M.,1500.0282163303805,1499.9957577248306,1500.0026844331792,1500.0124475604364,35,10,12,184.0,8568
Lazarov A.,1476.1095634041772,1477.9020807304164,1477.9020807304164,1477.9020807304164,5,0,0,709.0,1010
Lazov A.,1498.8079578058937,1498.809490351888,1498.809490351888,1498.809490351888,1,0,0,438.0,3846
Ledovskikh M.,1498.7465587766903,1498.1839535994059,1498.6387787814783,1498.0554646801984,6,1,5,417.0,4125
Lee D.H.,1499.9859482459271,1499.9844663633544,1499.9844663633544,1499.9844663633544,2,0,0,212.0,2550
Lee H.T.,1499.3776589182296,1499.583712605909,1499.867091327958,1499.0419255740721,177,46,34,115.0,6429
Lee M.,1499.8886790346821,1499.8844551479112,1499.911874374903,1499.829707576465,16,4,25,252.0,7350
Lehecka J.,1698.1673338494268,1625.6958141865305,1637.918701520615,1737.2220853017836,134,46,28,12.0,4
Lejnieks K.,1500.0004331031216,1500.0004331031216,1500.0004331031216,1500.0004331031216,0,0,0,664.0,6504
Lemke J.,1499.855278211425,1499.8553311812934,1499.8553311812934,1499.8553311812934,1,0,0,456.0,6058
Lenz J.,1493.8900150017323,1493.9507512055625,1493.5399965425368,1493.5399965425368,1,1,0,270.0,2522
Leshem E.,1497.6718155457338,1497.5457208084033,1497.5457208084033,1497.5457208084033,3,0,0,446.0,1414
Lestienne C.,1413.0545221095697,1408.9340413449258,1402.9399615662512,1379.2153353280087,44,4,7,169.0,554
Levine I.,1499.931678633061,1499.9241040184866,1499.926021151471,1499.9241040184866,1,0,1,426.0,6974
Levine J.,1494.5747504762262,1495.1436961143527,1496.8556684046716,1491.9143702425713,62,7,22,132.0,4754
Levinsky J.,1499.9847743801035,1499.984775171125,1499.9847743801035,1499.9847743801035,0,1,0,403.0,8430
Levy H.,1499.4096748171705,1499.623445672718,1499.569781236196,1498.9896042233597,68,28,14,118.0,6036
Li Z.,1478.9192693226478,1479.109321662266,1479.109321662266,1479.109321662266,10,0,0,231.0,2501
Li Zh.,1484.0928105715109,1484.095781904354,1484.095781904354,1484.095781904354,1,0,0,602.0,1058
Lindahl N.,1499.1005021498754,1499.1209841805824,1499.0177908133608,1499.0177908133608,8,1,0,244.0,5868
Lindell C.,1496.623589422452,1496.6533513373734,1496.2493194388064,1496.2493194388064,1,9,0,326.0,3684
Linzer M.,1497.2973754738637,1497.3043270012881,1497.2973754738637,1497.2973754738637,0,2,0,354.0,3677
Lipsky S.,1499.916596720182,1499.916596720182,1499.916608304532,1499.916596720182,0,0,1,1004.0,6638
Lisnard J.,1499.8699573365484,1499.9217530659532,1499.8431611066142,1499.8431611066142,11,16,0,134.0,7478
Lisnard J.R.,1499.5123972578167,1498.9189272200447,1499.045061909671,1498.5585450379033,44,36,4,393.0,5233
Liukko V.,1499.999999810462,1499.999999810462,1499.999999810462,1499.999999810462,4,0,0,197.0,9663
Ljubicic I.,1504.5398218185403,1501.8954421629865,1501.1095978727863,1506.9583943641364,362,155,49,53.0,5233
Ljubicic I. ,1499.8645969666293,1499.8645969666293,1499.8645969666293,1499.8645969666293,1,0,0,25.0,6126
Llamas Ruiz P.,1513.7691008676659,1523.5144464580083,1517.996175681278,1523.0323314474788,3,13,1,119.0,44
Llodra M.,1499.7006244675213,1497.8991259881334,1502.071447826678,1499.6096613025245,223,57,63,192.0,4371
Lock B.,1484.554746820983,1484.4369097828817,1484.4369097828817,1484.4369097828817,1,0,0,346.0,1057
Loffhagen G.,1452.5160476269816,1452.5160476269816,1447.6248429837456,1452.5160476269816,0,0,4,293.0,408
Logtens P.,1499.9556696058878,1499.9556696058878,1499.955665822973,1499.9556696058878,0,0,2,286.0,7730
Lojda D.,1499.8197757611574,1499.8197466726965,1499.8197466726965,1499.8197466726965,1,0,0,169.0,5826
Lokoli L.,1467.8603862179166,1472.1594308500294,1467.2949995666443,1464.9095350977773,5,2,1,199.0,1137
Londero J.I.,1451.506318903087,1472.6696639196614,1455.620366285973,1436.9609115839355,18,61,4,142.0,1544
Lopes H.,1499.9861404766784,1499.986140592844,1499.9861404766784,1499.9861404766784,0,1,0,561.0,8528
Lopez F.,1407.112949440444,1437.5864133785535,1483.7372456511841,1386.5478389428583,519,252,133,634.0,1141
Lopez F. ,1499.9998714094913,1499.999871409491,1499.999871409491,1499.999871409491,2,0,0,46.0,6125
Lopez M.,1499.0323346907392,1498.8855318246785,1499.08138066741,1498.6967262262194,3,43,3,1014.0,4497
Lopez San Martin A.,1485.845281540999,1485.9870632938678,1485.845281540999,1485.845281540999,0,1,0,550.0,1179
Lopez Villasenor G.,1476.8435420876535,1477.1155442417255,1477.1155442417255,1477.1155442417255,4,0,0,654.0,1850
Lopez-Jaen M.A.,1499.9221091147906,1499.9219499825058,1499.9221091147906,1499.9221091147906,0,3,0,264.0,6651
Lopez-Moron A.,1499.9674575044307,1499.9655423641902,1499.9607351024054,1499.9607351024054,2,8,0,159.0,9516
Lopez-Perez E.,1498.6484325152226,1498.649850280319,1498.6484325152226,1498.6484325152226,0,1,0,196.0,3677
Lorenzi P.,1464.7005007293476,1466.0952503672158,1465.2852588649425,1429.6214254449753,117,135,26,171.0,1857
Lu H.,1500.0000437257652,1500.0000504206928,1500.0000504206928,1500.0000504206928,2,0,0,1095.0,8001
Lu Y.,1482.931595659431,1475.4644218709816,1475.5236241792597,1472.7849374116283,8,1,2,625.0,1871
Lu Y.H.,1488.9713083164581,1490.9040932438834,1496.6588646717184,1483.9474456907512,252,20,57,962.0,2361
Luczak P.,1497.9558431382998,1497.5735547092165,1498.1551221021525,1496.0448990902516,52,52,8,248.0,5495
Luczak P. ,1499.8647253851336,1499.8647253851336,1499.8647253851336,1499.8647253851336,1,0,0,80.0,6127
Lukaev R.,1499.988799085075,1499.9887988306275,1499.9887988306275,1499.9887988306275,1,0,0,272.0,8753
Luncanu P.A.,1499.7517840332562,1499.7523416914696,1499.7355401110108,1499.7355401110108,1,1,0,322.0,6134
Luque D.,1499.9598826641957,1499.9598826641957,1499.9598826641957,1499.9598826641957,0,1,0,596.0,7408
Luxa P.,1499.9376308085282,1499.925311140969,1499.9353322261072,1499.925311140969,5,0,2,402.0,8359
Luz O.,1487.5605192398577,1487.266690820842,1487.5605192398577,1487.5605192398577,0,2,0,1072.0,23
Luzzi F.,1499.8095749034271,1499.726101908401,1499.6479915775003,1499.6479915775003,11,31,0,111.0,6959
Maamoun K.,1499.8561949437903,1499.8561935177147,1499.8561935177147,1499.8561935177147,1,0,0,291.0,6064
MacLagan M.,1499.9799538150141,1499.9792927882875,1499.981220461289,1499.9792927882875,1,0,1,561.0,8416
MacPhie B.,1500.0000003687173,1500.0000003687173,1500.0000003687173,1500.0000003687173,2,0,0,419.0,9677
Machac T.,1719.9318226208868,1624.1131226117823,1592.5016820390695,1716.485767643497,86,32,9,43.0,78
Machado R.,1496.1330204786375,1495.834983802845,1494.418075380801,1493.6689851441517,11,37,1,227.0,4123
Mackin A.,1499.7058741156916,1499.7305498092142,1499.7507838102488,1499.6711877925554,1,2,6,270.0,7149
Madaras D.,1475.0164537410967,1474.6213841116464,1473.217930029298,1473.217930029298,1,1,0,191.0,1123
Maden Y.,1483.4290315971002,1489.3975571330216,1482.6756350858996,1479.219403294482,15,9,2,131.0,2382
Maestrelli F.,1468.7010406830752,1461.493321954518,1459.331816403395,1459.331816403395,4,2,0,112.0,98
Magadan A.,1482.1829950516496,1481.7015391736918,1481.7015391736918,1481.7015391736918,1,0,0,921.0,393
Mager G.,1455.7535886838093,1484.5718448156763,1465.0467830348573,1455.0078106446815,28,28,2,67.0,1653
Mahut N.,1485.5073853033334,1493.822533871328,1511.4001386463467,1495.279620923103,213,55,107,191.0,2610
Majchrzak K.,1575.629680679025,1484.5082319039789,1597.3169037887342,1627.059434702054,57,25,18,67.0,9
Malcor O.,1499.987630750859,1499.9876307990717,1499.987630750859,1499.987630750859,0,2,0,442.0,9257
Malisse X.,1497.772007680079,1496.946600712075,1503.7117245049833,1498.8977180289537,294,84,77,113.0,4733
Mamiit C.,1499.757080366878,1499.810899637517,1499.8306348389851,1499.6459986611096,71,9,12,420.0,6525
Mankad H.,1499.9336966427195,1499.927128955772,1499.9325466777068,1499.927128955772,2,0,1,255.0,7731
Mannarino A.,1521.5883073488014,1311.929656157372,1551.958365077823,1511.085133147521,453,92,130,47.0,9
Mansouri S.,1490.6815703015416,1490.7244469525647,1490.7244469525647,1490.7244469525647,1,0,0,296.0,1107
Manta L.,1499.9769536121921,1499.9649036986993,1499.9654039869467,1499.9573586256286,10,3,3,233.0,9166
Mantilla F.,1499.8981087817492,1500.1114736286686,1499.943520268368,1499.9229521188122,70,147,5,421.0,6960
Marach O.,1499.5452074499178,1499.5783742637861,1499.3692857599058,1499.2852284330936,10,30,1,464.0,6337
Marcaccio G.,1499.980999948308,1499.9878990045174,1499.9809915944777,1499.9809915944777,1,4,0,406.0,7406
Marcan D.,1499.2865096107635,1499.2865970604564,1499.2865970604564,1499.2865970604564,2,0,0,377.0,4935
Marchenko I.,1462.9773578861957,1478.9084966780174,1469.9397785397791,1446.1924990018078,90,15,20,267.0,1088
Marcondes I.,1484.176104910469,1484.1904413551547,1484.176104910469,1484.176104910469,0,1,0,348.0,178
Marcora R.,1494.8090376126688,1494.8425108037804,1494.381943114347,1494.381943114347,6,1,0,208.0,1769
Marin J.A,1499.9999841613908,1499.9999825772884,1499.9999841613908,1499.9999841613908,0,2,0,154.0,8568
Marin J.A.,1499.7016292995713,1499.518844464429,1499.5147635444512,1499.4461991917171,8,68,1,156.0,7262
Marin L.,1499.9900675764636,1499.9900675722354,1499.9900675764636,1499.9900675764636,0,1,0,409.0,8879
Marozsan F.,1581.5268182369975,1543.198687292882,1520.1938742398563,1597.9626349100529,87,41,20,61.0,8
Marques N.,1499.9950868578212,1499.9950868254637,1499.9950868578212,1499.9950868578212,0,1,0,432.0,9621
Marrai M.,1499.9196869220782,1499.9197198312304,1499.9196869220782,1499.9196869220782,0,1,0,414.0,6680
Marray J.,1499.861880761123,1499.8488237530078,1499.8772602616514,1499.8488237530078,1,0,11,263.0,6988
Marrero D.,1499.6719586829001,1499.6726380725145,1499.6719586829001,1499.6719586829001,0,9,0,262.0,5943
Martelli M.,1499.994075661522,1499.9923831865308,1499.9923829324962,1499.9923829324962,2,3,0,345.0,9159
Marterer M.,1406.5991606193456,1429.9554295735272,1449.9585592278713,1390.9056955376439,52,47,14,239.0,443
Marti J.,1497.8628827329594,1497.6266048096845,1497.9625359330043,1497.3807452379997,2,9,2,211.0,4847
Marti Y.,1498.1584619379328,1498.178070224411,1498.1584619379328,1498.1584619379328,0,7,0,391.0,3678
Martin A.,1439.89401921108,1476.4528182726413,1481.214753462018,1433.6415229745585,147,271,18,404.0,16
Martin A. ,1499.8645969666293,1499.8645969666293,1499.8645969666293,1499.8645969666293,1,0,0,119.0,6126
Martin D.,1487.1614361661407,1487.9636154640311,1487.9636154640311,1487.9636154640311,2,0,0,560.0,381
Martin F.,1499.1124479630341,1499.1106468866105,1499.1106468866105,1499.1106468866105,1,0,0,350.0,4189
Martin T.,1500.0785502710544,1499.960887487647,1500.0678980997232,1500.0761603930407,87,28,22,96.0,8017
Martineau M.,1476.66648187776,1475.0578398746409,1476.2553544889713,1475.0578398746409,1,0,1,179.0,793
Martinez P.,1382.3367704662883,1458.1607304534223,1428.0571681782117,1402.6736263478726,78,111,14,159.0,21
Massa E.,1499.9369588122172,1499.9117545016798,1499.9132387152215,1499.9023710854433,4,17,1,240.0,7253
Massu N.,1498.8933999294618,1499.0995144963626,1499.1222317444717,1497.718507272314,146,233,17,578.0,4937
Masur D.,1487.8513185093645,1489.8109248469657,1487.1667323983443,1486.416450908997,1,4,1,222.0,1871
Mathieu P.,1499.8906056431856,1499.8967646977726,1499.890846573296,1499.8794918928418,1,2,1,44.0,7659
Mathieu P.H.,1481.8896635785231,1496.1139820235276,1494.8944616490494,1478.2823325866802,233,198,49,252.0,3249
Mathieu P.H. ,1499.8648536818434,1499.8648536818434,1499.8648536818434,1499.8648536818434,1,0,0,32.0,6128
Matias N.,1499.9901973678789,1499.9901974315778,1499.9901973678789,1499.9901973678789,0,1,0,,8893
Matkowski M.,1499.9845640391086,1499.9845647906552,1499.9845640391086,1499.9845640391086,0,1,0,726.0,8415
Matos-Gil I.,1499.952713329114,1499.952709253871,1499.952713329114,1499.952713329114,0,2,0,512.0,7801
Matosevic M.,1492.3898068183596,1491.4059462819769,1494.442314159981,1485.447368820982,105,24,18,169.0,4028
Matsui T.,1500.0001248796061,1500.0002257223007,1500.0002257223007,1500.0002257223007,4,0,0,536.0,6895
Matsukevitch D.,1499.8477472293462,1499.8560050162876,1499.8477472293462,1499.8477472293462,0,1,0,364.0,6603
Mayer F.,1475.0373256388464,1481.063343476299,1496.147804185697,1462.9945972210933,214,168,62,193.0,2908
Mayer L.,1476.787002139844,1482.1306033335209,1491.6967619433362,1462.000949536499,144,167,35,146.0,1984
Mayer L. ,1499.9997430410817,1499.9997430410817,1499.9997430410817,1499.9997430410817,2,0,0,64.0,6125
Mayo A.,1481.7437585823066,1481.9152228584808,1481.9152228584808,1481.9152228584808,1,0,0,689.0,15
Mayot H.,1442.869601831393,1444.702964270065,1441.7585023586696,1424.3064074722145,15,5,3,160.0,475
Mazarakis V.,1499.9002301505154,1499.8995475905394,1499.8853055651548,1499.8853055651548,2,3,0,126.0,7461
McCabe J.,1481.5330414918378,1481.1806188478147,1481.5887895881754,1481.1806188478147,1,0,3,233.0,63
McClune M.,1499.9367360160575,1499.9367486886454,1499.9367486886454,1499.9367486886454,1,0,0,614.0,6925
McDonald M.,1435.6536090035274,1470.4183524008588,1461.9915001603981,1452.6659876124563,23,5,6,145.0,16
McDonald N.,1483.580779670764,1483.5817938098576,1483.580779670764,1483.580779670764,0,1,0,505.0,30
Mccabe J.,1455.2689712936485,1451.3085359022843,1455.3949689144988,1451.3085359022843,5,0,1,258.0,574
Mcclune M.,1499.9967943998915,1499.9968713986798,1499.9968713986798,1499.9968713986798,2,0,0,416.0,5105
Mcdonald M.,1516.4867851074487,1412.1313557391315,1506.8428208643495,1491.357256649466,158,29,33,140.0,716
Mcgee J.,1496.9558719405256,1496.9397740086004,1496.9397740086004,1496.9397740086004,3,0,0,272.0,3643
Mecir M.,1498.768827400622,1498.665769920788,1498.5699393822442,1498.5699393822442,3,1,0,187.0,4320
Medjedovic H.,1527.0188423427878,1565.8840461547059,1527.7165633717918,1575.1399722557467,37,36,9,73.0,9
Medvedev A.,1499.9750941466827,1500.0233866715448,1499.9876476828135,1499.9878761271614,18,35,4,172.0,9061
Medvedev D.,1817.1033836253644,1666.4685279223006,1653.637390955495,1757.9910249382096,420,82,83,6.0,7
Medvedev D. ,1487.0058360960534,1487.0058360960534,1487.0058360960534,1487.0058360960534,3,0,0,4.0,2463
Meffert D.,1499.6688083834297,1499.6174233358201,1499.583468515161,1499.505462912292,6,3,3,204.0,5546
Meister N.,1499.653854950901,1499.6542246518766,1499.6542246518766,1499.6542246518766,1,0,0,625.0,5133
Mejia N.,1474.740409055801,1476.0564863283023,1481.2345927649474,1476.0564863283023,5,0,2,129.0,8
Mektic N.,1495.7581915152523,1495.7956023805746,1494.9076538376034,1494.9076538376034,3,4,0,331.0,3510
Meligeni Alves F.,1465.5145159855688,1445.67253992955,1445.9116632612659,1440.6755640245563,4,6,1,194.0,533
Meligeni F.,1499.9560216762272,1499.9649823152313,1499.9251632720714,1499.891446739001,41,69,4,118.0,8510
Meligeni Rodrigues F,1487.8633719440936,1487.7631106666413,1487.8633719440936,1487.8633719440936,0,2,0,224.0,1640
Mello R.,1497.259291426028,1498.1828672847441,1497.6164670752923,1495.3749364004832,76,48,9,346.0,4931
Melo D.,1499.9829819808056,1499.9829814529994,1499.9829819808056,1499.9829819808056,0,4,0,335.0,8569
Melzer G.,1488.4409776241812,1491.9856193856895,1484.9193876189743,1484.9193876189743,9,35,0,115.0,2947
Melzer J.,1497.7426027053993,1500.003390688836,1501.4835239617587,1499.7812418640287,310,214,69,426.0,2852
Mena F.,1485.1225525953512,1484.841190520575,1484.841190520575,1484.841190520575,1,0,0,151.0,1424
Menendez-Maceiras A.,1486.3835962370713,1487.3365659970686,1487.6228050685859,1481.311640778015,12,8,4,139.0,2682
Menezes J.,1493.1491466192504,1493.1409206778458,1493.1491466192504,1493.1491466192504,0,1,0,199.0,1996
Mensik J.,1746.3612701022435,1675.6113254471356,1571.722094812192,1737.9585797378113,78,29,16,17.0,2
Mergea F.,1499.9999396443914,1499.999949449324,1499.9999462266883,1499.9999396443914,0,2,2,277.0,7708
Merida Aguilar D.,1595.5632703299207,1592.1755545386268,1608.3339437468064,1625.1399680215961,6,15,1,63.0,1
Mertens Y.,1499.6194494177605,1499.6189827418498,1499.6189827418498,1499.6189827418498,3,0,0,208.0,5049
Mertinak M.,1499.7447190646267,1499.7890626103117,1499.8461325011199,1499.7447190646267,0,8,6,555.0,6638
Mertl J.,1500.0642178384414,1500.0497403971187,1500.0642178384414,1500.0642178384414,0,2,0,306.0,3676
Mesaros K.,1499.705010374346,1499.7050741765422,1499.7050741765422,1499.7050741765422,1,0,0,295.0,5309
Michelsen A.,1670.2899789246137,1513.3228291493333,1554.1818862868706,1651.9891718062577,103,28,26,42.0,6
Michon A.,1500.0124164122442,1500.0099062382615,1500.0124164122442,1500.0124164122442,0,2,0,206.0,4459
Middelkoop M.,1499.9161650195488,1499.9161650195488,1499.9161700335897,1499.9161650195488,0,0,1,210.0,6632
Midon L.,1484.8799064365337,1486.162101288795,1484.8799064365337,1484.8799064365337,0,3,0,213.0,28
Miedler L.,1493.1085292235907,1492.7034806357194,1492.22630200016,1492.22630200016,2,1,0,258.0,2571
Miguel L.,1485.6355738431719,1485.598722326342,1485.6355738431719,1485.6355738431719,0,1,0,1593.0,176
Miketa D.,1499.994608086165,1499.9946080586724,1499.994608086165,1499.994608086165,0,1,0,208.0,9523
Mikrut L.,1482.3476040270764,1482.3430616452042,1482.3476040270764,1482.3476040270764,0,1,0,350.0,753
Milligan L.,1499.9873949435555,1499.9864623785209,1499.9872212637677,1499.9864623785209,1,0,1,522.0,9180
Millman J.,1502.105663417738,1464.3760756616743,1478.8339191732703,1492.1343797135833,173,45,31,140.0,1303
Millot V.,1492.613669941103,1493.9364794890464,1492.554347903014,1491.6283194763303,25,3,1,291.0,2934
Milojevic N.,1484.7581888606546,1493.6928987246215,1485.5247842642727,1485.5247842642727,6,8,0,136.0,1651
Mina G.,1498.0645603879411,1498.063895844984,1498.0645603879411,1498.0645603879411,0,4,0,269.0,4103
Minar I.,1499.2592615250019,1498.8429298160656,1498.9322753523961,1497.9325445290565,39,37,13,216.0,5145
Minar J.,1499.8085636663955,1499.808674342414,1499.808674342414,1499.808674342414,3,0,0,303.0,6561
Miranda I.,1499.9229546215877,1499.955553154217,1499.9514005467631,1499.9241103124461,9,7,3,126.0,8219
Mirnegg M.,1499.9712448612247,1499.9712449099359,1499.9712448612247,1499.9712448612247,0,1,0,306.0,7759
Mirnyi M.,1499.6179083386623,1499.369834334866,1500.0466640607756,1499.1516339998004,214,82,49,260.0,6681
Misolic F.,1471.0211126011716,1541.064976001446,1496.9896854422882,1498.5109846104065,10,24,1,84.0,206
Mitchell B.,1497.4413597843659,1497.4360727588892,1497.4360727588892,1497.4360727588892,5,0,0,231.0,3874
Miyao J.,1499.9825893988118,1499.9825892183846,1499.9825892183846,1499.9825892183846,2,0,0,1071.0,8718
Mlynarik Z.,1499.9941613669082,1499.9941614613042,1499.9941614613042,1499.9941614613042,1,0,0,418.0,9439
Mmoh M.,1612.8044311392696,1547.8105665391251,1573.9175298525706,1617.6403822917878,59,8,4,285.0,217
Mo Y.,1488.653780514289,1488.568744010689,1488.568744010689,1488.568744010689,1,0,0,668.0,1057
Mochizuki S.,1434.1917008542614,1490.4120384840062,1500.905994520092,1490.3834524946014,25,1,9,117.0,9
Molcan A.,1516.317595605175,1612.1641154645347,1529.889640135038,1609.2791494569612,33,58,10,81.0,21
Moldovan I.,1499.967291273259,1499.9672970189374,1499.967291273259,1499.967291273259,0,6,0,393.0,8373
Molleker R.,1464.5889568866594,1462.9490436178216,1471.195944340977,1459.9725039480372,1,12,5,197.0,759
Moller E.,1474.5589459916744,1477.7179563027003,1473.8246673478568,1471.9936671096125,1,10,1,169.0,109
Molteni A.,1498.8657954157793,1498.863843277124,1498.8657954157793,1498.8657954157793,0,2,0,280.0,4188
Monaco J.,1495.5404236835436,1520.2842953084153,1503.5537520376715,1513.9779923977876,188,332,16,124.0,3411
Monaco J. ,1499.9997429910343,1499.9997429910343,1499.9997429910343,1499.9997429910343,2,0,0,30.0,6125
Monday J.,1495.4875871001602,1495.4875871001602,1494.793214176471,1495.4875871001602,0,0,1,224.0,408
Monfils G.,1631.3609548335528,1472.0995740393946,1518.6808275175126,1564.6574965234893,560,226,80,347.0,7
Monfils G. ,1499.9998715314957,1499.9998715314957,1499.9998715314957,1499.9998715314957,2,0,0,16.0,6126
Montanes A.,1491.702933228623,1505.8563173355708,1497.390862863112,1496.4810077013158,111,382,19,312.0,3396
Montanes A. ,1499.9995390518923,1499.9995390518923,1499.9995390518923,1499.9995390518923,2,0,0,34.0,6124
Montcourt M.,1499.6059410651383,1499.7073381449432,1499.542514945779,1499.542514945779,4,10,0,123.0,6287
Monteiro J.,1495.7183193702683,1495.711879351465,1495.711879351465,1495.711879351465,1,0,0,502.0,2550
Monteiro T.,1404.0777501391785,1482.2645783037274,1444.1308062203157,1437.5086996628572,58,128,9,208.0,177
Moodie W.,1499.856828517022,1499.7450701342582,1499.86217137556,1499.6359104630226,74,5,21,157.0,6889
Mor L.,1499.9944625397222,1499.9944625299347,1499.9944625299347,1499.9944625299347,1,0,0,176.0,9495
Moraing M.,1502.4172109347028,1502.533936834661,1501.6470866718382,1502.4172109347028,0,2,1,253.0,1906
Moraru G.,1499.6628659326227,1499.6633921531788,1499.6628659326227,1499.6628659326227,0,2,0,418.0,5225
Moreno De Alboran N.,1452.0107902278132,1470.888833489841,1455.4222283192632,1455.4222283192632,6,12,0,149.0,462
Moretti H.,1499.9945720095523,1499.994572009552,1499.9945720095523,1499.9945720095523,0,1,0,228.0,9516
Moriya H.,1489.8481323885926,1488.8430279461961,1490.1199305101168,1488.8430279461961,13,0,1,253.0,1407
Moro Canas A.,1479.6617075414858,1484.7345349243028,1479.529381719639,1478.9912389332342,1,2,1,169.0,590
Moroni G.,1499.9584877561908,1499.9611918931341,1499.9584877561908,1499.9584877561908,0,2,0,265.0,2576
Moroni G.M.,1479.3278473373036,1479.2184812744347,1477.8770799424167,1477.8770799424167,1,1,0,181.0,1578
Morrison J.,1499.7169924149562,1499.723281080168,1499.8065784502933,1499.5897488923438,65,4,16,157.0,7289
Moser F.,1499.9409836835734,1499.939135401972,1499.9448937149273,1499.939135401972,1,0,1,424.0,7262
Mota B.,1499.9950669584616,1499.9950681737805,1499.9950669584616,1499.9950669584616,0,3,0,312.0,8526
Motomura G.,1499.8169920512898,1499.8132035225499,1499.8676354746588,1499.8132035225499,16,0,3,273.0,7255
Mott B.,1491.6399142897155,1491.7871107493486,1491.7871107493486,1491.7871107493486,2,0,0,481.0,2019
Moundir A.,1483.9744559428984,1484.0816544797588,1483.9744559428984,1483.9744559428984,0,1,0,720.0,1227
Moutet C.,1558.934042187695,1489.7136729531994,1502.4453039141338,1521.0218386870288,112,81,29,59.0,8
Moya C.,1501.0142932315086,1502.247480849363,1501.099184639017,1503.0531561193459,246,281,12,514.0,5939
Moyano D.,1499.9748143660536,1499.9748145836868,1499.9748143660536,1499.9748143660536,0,2,0,247.0,8213
Mpetshi G.,1489.3751867371357,1479.5308727541315,1484.361632724993,1493.6199693592878,61,18,17,91.0,9
Mpetshi Perricard G.,1495.5320396850088,1495.5307120053742,1495.5307120053742,1495.5307120053742,1,0,0,56.0,290
Mu T.,1482.088727127664,1481.7976616129806,1481.7976616129806,1481.7976616129806,1,0,0,573.0,1058
Mukund S.,1469.6635785421552,1466.3153081273465,1468.573242912471,1466.3153081273465,2,0,1,356.0,1122
Muller A.,1499.883709913448,1502.1616873785897,1476.8768398405368,1489.3835947293258,69,53,8,133.0,24
Muller G.,1500.723720504362,1493.6031987312872,1520.328802484451,1511.5685834165567,256,51,76,127.0,2908
Munar J.,1629.8058310217098,1491.1499676300477,1501.0675900371377,1596.1759980394986,113,148,24,45.0,11
Munoz De La Nava D.,1492.0588066941737,1492.1390376896811,1492.0588066941737,1492.0588066941737,0,8,0,138.0,3676
Munoz de La Nava D.,1499.8944610973786,1499.8944903357713,1499.8944610973786,1499.8944610973786,0,1,0,182.0,6386
Munoz de la Nava D.,1499.9255889300966,1499.9256284138708,1499.9255889300966,1499.9255889300966,0,1,0,200.0,6757
Munoz-De La Nava D.,1495.0911872572747,1495.159723780782,1492.8482699720919,1492.8482699720919,10,17,0,69.0,3807
Murray A.,1533.6600872026522,1481.1664505408553,1541.722644632189,1513.8201229641172,621,145,134,129.0,786
Murray A. ,1500.6780147791123,1500.6780147791126,1500.6780147791126,1500.6780147791126,5,0,0,4.0,6122
Musetti L.,1692.698092009896,1772.79402661392,1646.084679434613,1762.7418730685904,158,112,27,13.0,6
Muster T.,1499.3521246303671,1499.3548117737573,1499.2979207383257,1499.2979207383257,2,1,0,974.0,5406
Mutis O.,1499.804232983162,1499.9369262480022,1499.860602825042,1499.7715738477973,15,39,5,125.0,7800
Myneni S.,1496.9622238846682,1496.9663361803068,1496.9663361803068,1496.9663361803068,2,0,0,192.0,3509
Nadal R.,1714.240519894007,1731.9947032297928,1599.980936094388,1773.5561460248564,603,504,94,261.0,753
Nadal R. ,1504.494369511245,1504.494369511245,1504.494369511245,1504.494369511245,3,0,0,1.0,2463
Nadal-Parera R.,1499.9999968564869,1499.9999975777139,1499.9999968564869,1499.9999968564869,0,2,0,762.0,8872
Nagal S.,1370.734736240044,1439.8534382672917,1382.8560007516376,1368.5653542925618,21,19,1,292.0,122
Nakashima B.,1707.1940959390588,1535.0781279340124,1602.3068648458566,1747.615400957438,180,44,39,31.0,1
Nalbandian D.,1505.4415483101714,1504.2075063662032,1503.545874389158,1512.1797014908184,256,185,41,124.0,4893
Nam H.W.,1499.8420824163427,1499.842034953715,1499.842034953715,1499.842034953715,2,0,0,467.0,6534
Nam J.S.,1475.8384842258906,1475.9732863566871,1475.9732863566871,1475.9732863566871,3,0,0,590.0,1416
Nanda G.,1506.9229381421787,1506.6332775246829,1506.6332775246829,1506.6332775246829,2,0,0,405.0,392
Napolitano S.,1466.8212040505887,1476.8533094505742,1467.637318226749,1464.5259049602714,1,8,1,125.0,758
Nardi L.,1474.5707107410153,1428.5361591575875,1457.6604237903512,1454.3815793932695,33,16,5,151.0,98
Nargiso D.,1500.0306993704226,1500.030799690397,1500.0342168507111,1500.0342168507111,1,9,0,149.0,9397
Naso G.,1498.8238422870995,1498.827699851241,1498.8238422870995,1498.8238422870995,0,13,0,200.0,4936
Nava E.,1454.9370134573355,1483.1080418288852,1472.4778546794948,1473.391139689578,31,15,2,86.0,45
Navarra M.,1499.9928726173925,1499.992872703464,1499.9928726173925,1499.9928726173925,0,1,0,212.0,9229
Navarro S.,1499.9800552978963,1499.980048588654,1499.9800552978963,1499.9800552978963,0,5,0,209.0,8144
Navarro-Pastor I.,1498.30251952365,1498.1554626912607,1498.7906326534337,1496.7014702056983,24,56,17,310.0,5216
Navone M.,1463.7252273743754,1627.3295348897975,1529.733637509851,1625.4195827995286,36,73,7,44.0,7
Nedelko I.,1499.3610261458423,1499.3608942296926,1499.3608942296926,1499.3608942296926,2,0,0,508.0,5076
Nedovyesov A.,1494.986887627594,1494.679500208444,1493.6864755790061,1492.345314060441,8,9,2,114.0,3978
Nedovyesov O.,1499.4590563778393,1499.458417670692,1499.458417670692,1499.458417670692,1,0,0,124.0,4685
Nedunchezhiyan J.,1499.42489047897,1499.4246965652067,1499.4246965652067,1499.4246965652067,1,0,0,314.0,4609
Neff A.,1487.9977774462243,1488.2059155236461,1488.2059155236461,1488.2059155236461,1,0,0,829.0,918
Nestor D.,1499.939277182591,1499.935372148018,1499.9698746087086,1499.935372148018,14,0,8,542.0,8053
Neumayer L.,1451.1705366168605,1450.5470315315736,1451.1705366168605,1451.1705366168605,0,6,0,172.0,24
Neumuller I.,1499.9846998752205,1499.984699706224,1499.9846998752205,1499.9846998752205,0,1,0,886.0,8424
Nielsen F.,1498.2166440695783,1498.0715497170468,1498.2953413349946,1497.8281313542943,6,1,3,558.0,4742
Nielsen M.,1499.8835093606294,1499.8835262764458,1499.8835262764458,1499.8835262764458,9,0,0,309.0,7521
Niemeyer F.,1499.638091086697,1499.6306391006908,1499.737024971354,1499.6306391006908,17,0,3,487.0,6211
Nieminen J.,1498.0766619092208,1495.336058550011,1496.6101934187427,1492.5246075199964,402,179,52,145.0,3950
Nieminen J. ,1499.9997430911765,1499.9997430911765,1499.9997430911765,1499.9997430911765,2,0,0,122.0,6125
Niki T.,1498.9513944228233,1498.951404391512,1498.951404391512,1498.951404391512,1,0,0,340.0,3971
Nikles J.,1489.859068956603,1490.0530638080704,1489.859068956603,1489.859068956603,0,4,0,317.0,1548
Niland C.,1499.6045985047463,1499.6344301656711,1499.624274929643,1499.6045985047463,0,1,1,181.0,5532
Nishikori K.,1583.5091889954042,1594.9901063232335,1523.7371132962548,1628.3451389419713,405,146,57,721.0,14
Nishioka Y.,1542.0470640549954,1492.261574955002,1491.8681207978286,1559.5408979668512,212,45,16,173.0,312
Noguchi R.,1501.0820572574853,1501.09185094051,1501.09185094051,1501.09185094051,2,0,0,291.0,1407
Norby R.,1499.9866887685985,1499.9866886014397,1499.9866886014397,1499.9866886014397,1,0,0,1129.0,8571
Norman D.,1499.6266710073735,1499.6027886581185,1499.6714538184667,1499.299402478882,16,16,18,263.0,6266
Norman M.,1500.111696131602,1499.975343894949,1500.0596254826203,1500.0688985153877,104,69,1,75.0,8359
Norrie C.,1658.2994942950902,1620.227543277679,1551.4157850186925,1662.3436404284544,255,115,50,37.0,4
Novak D.,1421.1395408996334,1439.7748870596627,1438.6477815211824,1392.7342762333792,32,18,8,166.0,1108
Novak J.,1500.5352650195482,1500.2912661127991,1500.1611640648923,1500.7554979180497,171,123,27,122.0,7231
Novikov D.,1493.808999735819,1492.6497388167434,1495.2602576154131,1492.6497388167434,8,0,8,219.0,3299
Nunez E.,1499.9739606774795,1499.9739598563783,1499.9739598563783,1499.9739598563783,1,0,0,531.0,7864
O Connell C.,1476.641761528118,1432.4502995589332,1458.028799502425,1461.6241914437605,105,32,13,133.0,10
O'Brien A.,1499.971702466422,1499.9684839782683,1499.9754875739209,1499.9684839782683,8,0,2,316.0,9131
O'Connell C.,1493.4810548938779,1493.557754625712,1493.557754625712,1493.557754625712,3,0,0,115.0,2396
O'Neal J.,1499.913711593287,1499.9136989193028,1499.9136989193028,1499.9136989193028,1,0,0,748.0,6604
Odesnik W.,1496.0436359413627,1499.7970293978492,1496.5207223753678,1495.4535148374205,61,30,4,176.0,4370
Ofner S.,1435.9185868376921,1485.1703409797537,1487.3338876367482,1462.4788476801655,36,59,20,124.0,23
Ogorodov O.,1499.9737883433118,1499.9741939486873,1499.967741184176,1499.967741184176,9,3,0,134.0,8739
Ojeda Lara R.,1500.668205980574,1499.3064091898702,1499.963015099103,1499.963015099103,3,3,0,206.0,3024
Okun N.,1499.5841264873886,1499.5398098102883,1499.52612293401,1499.2768606687166,46,4,7,273.0,5909
Olaso G.,1499.3786777083026,1499.5218467128084,1499.3504903549303,1499.3504903549303,1,5,0,309.0,4860
Olejniczak D.,1499.7706307574103,1499.789401720497,1499.7887497796587,1499.7706307574103,0,2,1,202.0,6624
Olguin L.,1499.9906461600185,1499.990645986311,1499.9906461600185,1499.9906461600185,0,1,0,235.0,8942
Oliel Y.,1480.2085070166377,1480.1856132295823,1480.1856132295823,1480.1856132295823,2,0,0,383.0,1416
Olivetti A.,1498.4214372385177,1497.1086984454157,1497.0534130072442,1496.7894464691778,11,1,2,793.0,3696
Olivieri G.,1525.3297727473089,1524.0992175731797,1525.3297727473089,1525.3297727473089,0,3,0,231.0,1167
Olivo R.,1477.92958382892,1481.5435032558062,1471.9725891858116,1468.2445215585838,8,45,1,179.0,1632
Omarkhanov A.,1489.5988744060396,1490.1820958425983,1490.1820958425983,1490.1820958425983,1,0,0,1137.0,304
Oncins J.,1499.9919670044894,1499.991966940994,1499.991966940994,1499.991966940994,1,0,0,,9103
Onclin G.,1492.8606889590174,1493.4769937803744,1494.2868786501,1493.4769937803744,1,0,2,186.0,64
Ondruska M.,1499.9699681433567,1499.974908531371,1499.9711016014323,1499.9677384749616,5,2,1,220.0,9208
Onoda M.,1499.9663058371893,1499.9663056043053,1499.9663056043053,1499.9663056043053,4,0,0,452.0,8718
Opelka R.,1598.079658761009,1477.6261311097646,1534.8927977162462,1568.5711169491622,172,39,25,76.0,81
Ortega-Olmedo R.,1498.6539297359325,1498.6589351210878,1498.6539297359325,1498.6539297359325,0,1,0,310.0,3741
Ortegren J.,1500.0000004647864,1500.000000438712,1500.000000438712,1500.000000438712,2,0,0,395.0,9397
Oswald P.,1499.179088297011,1499.38995632676,1499.1667405387357,1499.1667405387357,1,3,0,1059.0,4342
Otte O.,1437.9937268527847,1474.8482504237772,1470.9135990253135,1437.7890244842688,39,21,16,474.0,786
Ouahab L.,1499.0292359923392,1499.0071589114973,1498.8197381449634,1498.8197381449634,2,13,0,617.0,3045
Ouahabi T.,1499.9861509269226,1499.9861515108319,1499.9861509269226,1499.9861509269226,0,1,0,,8529
Ouanna J.,1498.7937768378251,1499.0387452359491,1498.442878526379,1498.442878526379,11,11,0,156.0,4874
Oudsema S.,1499.885016082098,1499.8741697294029,1499.8861337789103,1499.8741697294029,4,0,1,261.0,7120
Ouyang B.,1499.2518411529538,1499.252710094406,1499.252710094406,1499.252710094406,1,0,0,1098.0,4342
Pacheco Mendez R.,1438.6310041528593,1445.8359756612185,1445.8359756612185,1445.8359756612185,10,0,0,320.0,14
Paes L.,1499.965435118711,1499.966550769374,1499.9708244500928,1499.9624883591841,10,1,2,998.0,8627
Paire B.,1428.3189615969632,1379.8082374568053,1456.6890552653942,1357.3252379232022,282,179,50,227.0,756
Palmer J.,1500.0023228096245,1500.0007478249397,1499.9999979924862,1500.0007478249397,3,0,1,761.0,9411
Panfil G.,1499.9561729651298,1499.9561799080207,1499.9561729651298,1499.9561729651298,0,1,0,911.0,7317
Pannu K.,1457.284575273913,1458.528199325234,1458.528199325234,1458.528199325234,3,0,0,716.0,947
Papamalamis T.,1484.7324256041456,1485.3197826800374,1485.3197826800374,1485.3197826800374,1,0,0,721.0,647
Parada F.,1499.937364643661,1499.9373708033495,1499.937364643661,1499.937364643661,0,2,0,385.0,7500
Parmar A.,1499.9110759694186,1499.8432334950219,1499.891435404682,1499.8432334950219,11,0,24,230.0,7475
Pasha N.,1499.2877307954175,1499.2867264720173,1499.2867264720173,1499.2867264720173,1,0,0,1187.0,4404
Pashanski B.,1499.492729928793,1498.8455862504784,1498.98042014678,1498.615624980275,15,49,3,166.0,6400
Passaro F.,1427.5658627791981,1466.9043694954828,1435.9530071060244,1435.9530071060244,8,22,0,163.0,175
Patience O.,1499.214816981094,1498.8328504518129,1499.1298578076326,1498.3844049283246,18,54,6,199.0,5861
Patino L.,1498.752481052728,1498.753198867659,1498.753198867659,1498.753198867659,1,0,0,809.0,3824
Patriarca D.,1499.9565954403042,1499.9565954403042,1499.9565954403042,1499.9565954403042,0,1,0,284.0,7325
Paul T.,1686.8163473205998,1710.8741047517804,1658.3755126005688,1742.8743377315889,244,76,47,21.0,5
Pavel A.,1499.4192851363205,1499.8599590541094,1499.5684218465321,1499.0013886508425,157,125,34,646.0,6168
Pavic A.,1496.1634253533236,1495.8629719371088,1496.6821286213958,1495.0639496654637,5,2,6,449.0,3872
Pavic M.,1497.3948909822457,1497.7920127437958,1497.769032569056,1497.0828427211572,1,5,5,404.0,4083
Pavlasek A.,1493.957390832542,1497.116303946667,1495.5682808378963,1494.2651920406347,4,8,2,185.0,2996
Pavlovic L.,1480.1208608552192,1480.2789690200048,1479.281362770535,1479.281362770535,1,1,0,241.0,81
Pecotic M.,1502.8146844884047,1502.9967715657003,1502.9967715657003,1502.9967715657003,2,0,0,784.0,1275
Pedroso A.,1499.9771858224494,1499.9771859202842,1499.9771859202842,1499.9771859202842,1,0,0,286.0,8002
Peliwo F.,1497.7614406097453,1498.25011778215,1497.7498610804607,1497.7498610804607,3,2,0,526.0,4021
Pella G.,1463.309710876958,1461.5245327554182,1488.1893946764992,1459.686037095884,100,126,26,203.0,1080
Pellegrino A.,1533.232674336286,1526.959700701658,1533.232674336286,1533.232674336286,0,14,0,138.0,28
Peniston R.,1489.471764333852,1489.8248022243972,1487.4880851045446,1489.8248022243972,1,0,12,268.0,1136
Peppas S.,1499.9919681955323,1499.9919683997762,1499.9919681955323,1499.9919681955323,0,1,0,298.0,9103
Peralta J.,1499.986854199391,1499.9868545482216,1499.986854199391,1499.986854199391,0,1,0,540.0,8584
Pereira T.,1484.0,1484.0,1484.0,1484.0,0,1,0,371.0,23
Perez D.,1499.9042549893163,1499.9042544289848,1499.9042549893163,1499.9042549893163,0,7,0,578.0,7408
Peric T.,1499.9601246201298,1499.9601291444383,1499.9601246201298,1499.9601246201298,0,1,0,1255.0,7415
Perry T.,1499.993591194355,1499.9935911939692,1499.9935911939692,1499.9935911939692,1,0,0,484.0,9341
Pervolarakis M.,1489.3620131129517,1489.352265942176,1489.352265942176,1489.352265942176,1,0,0,377.0,1451
Pescariu D.,1499.9919692739497,1499.9919693525567,1499.9919692739497,1499.9919692739497,0,3,0,669.0,9103
Peschek D.,1499.9946078802525,1499.994607858986,1499.9946078802525,1499.9946078802525,0,1,0,,9523
Pescosolido S.,1499.9160871602812,1499.9159046386442,1499.9299722367782,1499.9064479877984,1,3,3,157.0,8060
Petrovic D.,1493.3620954413695,1494.7088803114643,1495.055923321335,1492.2379951851935,5,4,4,157.0,1942
Petzschner P.,1498.3935713815044,1497.547372072854,1500.1273673599012,1496.9160591518798,105,38,35,524.0,4340
Petzschner P. ,1499.8645969666293,1499.8645969666293,1499.8645969666293,1499.8645969666293,1,0,0,76.0,6126
Peya A.,1499.1869177787157,1498.9861112498234,1498.933023772146,1498.1703774360499,21,20,15,311.0,5588
Pfeiffer K.,1499.9923337291889,1499.9923337079779,1499.9923337291889,1499.9923337291889,0,1,0,629.0,9152
Phau B.,1495.567166755723,1497.937147678914,1496.9750008526187,1493.2273143364964,133,53,14,223.0,4566
Philippoussis M.,1499.993800572307,1500.0015240632254,1500.4259523499895,1500.3085708274698,134,26,45,113.0,7288
Phillips T.,1499.9810651431073,1499.981065453334,1499.981065453334,1499.981065453334,1,0,0,413.0,8199
Piccari F.,1499.913760126225,1499.9137745951716,1499.913760126225,1499.913760126225,0,1,0,234.0,6604
Pinnington Jones J.,1505.044208838994,1495.5881950481673,1478.4937495629815,1496.7029301894095,3,1,7,138.0,44
Pioline C.,1499.9800087196013,1500.0023367458052,1499.9524712255197,1499.9226345327834,53,40,13,120.0,8697
Piros Z.,1467.817482601615,1476.414186205037,1467.6463100113037,1467.6463100113037,2,3,0,156.0,354
Pless K.,1499.2477868412238,1499.5460525520955,1499.3372980546094,1498.7336516631003,70,24,13,128.0,6604
Podlipnik H.,1499.7795864076504,1499.7796528624576,1499.7795864076504,1499.7795864076504,0,2,0,517.0,6036
Poerschke L.,1499.7479902538375,1499.7480873797094,1499.7480873797094,1499.7480873797094,2,0,0,332.0,6030
Polansky P.,1475.608733361044,1482.7419360298327,1475.1922887858352,1469.0755563334847,38,9,2,172.0,2564
Poljicak M.,1462.1414767568244,1461.8185826245233,1462.1414767568244,1462.1414767568244,0,3,0,277.0,387
Polmans M.,1443.9032640866335,1462.4068050315564,1449.0033555984182,1434.7202113842363,15,5,4,366.0,51
Popko D.,1469.888883869908,1470.06832107083,1470.06832107083,1470.06832107083,3,0,0,208.0,548
Popp A.,1499.7578901570896,1499.7366720541738,1500.0356517672897,1499.6043821772673,41,27,38,241.0,7597
Popp T.,1499.9159299121761,1499.9159355919624,1499.9159299121761,1499.9159299121761,0,2,0,222.0,7331
Popyrin A.,1515.1035770976366,1574.653325901446,1434.326486219995,1554.248393903222,162,66,27,139.0,5
Portas A.,1499.6982054752784,1499.4626655388656,1499.6292046531319,1499.1693679415096,31,169,12,131.0,7058
Pospisil J.,1498.9829779869115,1498.8218013302048,1498.827989487374,1498.627756241468,3,3,2,213.0,4683
Pospisil V.,1479.390537232705,1480.5091178757618,1474.2251118702998,1472.6695693979414,203,20,44,1250.0,381
Pouille L.,1472.7280483918455,1451.172596248469,1504.784490843202,1456.3269615679105,155,71,34,104.0,562
Pozzi G.,1499.9312739821426,1499.931874195734,1499.9726277678815,1499.8924711661648,41,10,18,122.0,9075
Prado Angelo J.C.,1483.8009578455824,1483.5599903029563,1483.8009578455824,1483.8009578455824,0,3,0,173.0,29
Prashanth V.,1499.1770141137226,1499.1767573004313,1499.1767573004313,1499.1767573004313,1,0,0,557.0,4237
Pretzsch A.,1499.9548414201847,1499.9387609157588,1499.9437918991596,1499.9310374923425,17,1,3,134.0,8802
Prieto S.,1499.960972525528,1499.9609771381124,1499.960972525528,1499.960972525528,0,6,0,279.0,8584
Prinosil D.,1499.8827467782858,1499.9051345952562,1499.965174863127,1499.8570650350366,37,6,21,368.0,8102
Prizmic D.,1533.2157333093066,1588.299730865924,1579.6945936228128,1602.0054705158002,9,22,2,84.0,31
Prodon E.,1497.492359386961,1497.3514795699205,1496.77387910737,1496.77387910737,3,17,0,115.0,5190
Prpic A.,1499.942039604266,1499.9420446352303,1499.942039604266,1499.942039604266,0,2,0,205.0,7339
Prpic F.,1499.5692459017368,1499.4751010071273,1499.396507495141,1499.396507495141,5,5,0,310.0,5777
Przysiezny M.,1490.8829114899204,1493.2280165793106,1492.557755806939,1485.0463876402093,40,22,12,315.0,3684
Pucinelli de Almeida M.,1498.5885967121733,1498.7636979205727,1498.5885967121733,1498.5885967121733,0,2,0,264.0,1631
Puentes G.,1499.9511091224595,1499.9450203206475,1499.9462866844583,1499.9309401456721,5,15,2,140.0,9089
Puerta M.,1499.9738888543532,1500.3874314632349,1500.1587722071463,1500.2147636809439,29,119,2,10.0,7573
Puetz T.,1499.1610765814034,1499.1611485894584,1499.3471220695762,1499.1611485894584,1,0,2,183.0,4223
Purcell M.,1476.1145888336277,1481.393064394804,1490.7616644071402,1513.465002589346,48,11,19,97.0,716
Querrey S.,1433.2692849184984,1474.4945520834438,1513.6651328890268,1452.9860341161202,435,97,118,287.0,1444
Querry S.,1499.8863243197245,1499.886267723727,1499.9115160454242,1499.886267723727,5,0,2,545.0,7335
Quigley E.,1499.1335962602398,1499.1327030417801,1499.1327030417801,1499.1327030417801,1,0,0,463.0,4195
Quinn E.,1498.827510837567,1475.8785853516729,1546.0444211695908,1547.0165974804875,33,14,17,47.0,43
Quintero M.,1499.9839414994437,1499.9839415885992,1499.9839414994437,1499.9839414994437,0,1,0,369.0,8373
Quinzi G.,1499.8364677204002,1499.873362973456,1499.8364677204002,1499.8364677204002,0,2,0,304.0,3409
Quiroz R.,1503.827074714445,1502.3268326846346,1502.2370691853773,1502.9548780632317,3,2,1,293.0,2040
Qureshi A.,1499.9331901912276,1499.9329543746744,1499.9693038402975,1499.9329543746744,1,0,9,154.0,6897
Qureshi A.U.H.,1499.733114013459,1499.7332365434486,1499.7924796576776,1499.7332365434486,3,0,2,207.0,6533
Rachidi Y.,1499.554888353428,1499.5549491968573,1499.554888353428,1499.554888353428,0,1,0,923.0,4874
Radic M.,1499.9824007044772,1499.9824013515365,1499.9824007044772,1499.9824007044772,0,6,0,315.0,8422
Rafter P.,1500.175166633526,1500.1463914660728,1500.1325431996656,1500.263381911417,64,5,26,5.0,9040
Raja P.,1499.9346636429239,1499.934659656343,1499.934659656343,1499.934659656343,1,0,0,907.0,6895
Ram A.,1499.8323293665017,1499.808405189994,1499.8297166235413,1499.808405189994,8,0,1,233.0,6785
Ram R.,1486.167656022383,1493.6532923358745,1496.5381217464183,1484.6284125706725,98,12,35,235.0,3313
Ramanathan R.,1408.0437996680523,1413.3508592306064,1469.9921852297603,1413.3508592306064,31,0,10,332.0,679
Ramirez C.,1499.2218352572338,1499.221425098362,1499.2218352572338,1499.2218352572338,0,3,0,476.0,4916
Ramirez Hidalgo R.,1499.9573512875313,1499.9573569180325,1499.9573512875313,1499.9573512875313,0,16,0,84.0,8412
Ramirez-Hidalgo R.,1496.2760459920817,1493.5058587196413,1494.4386349048714,1489.78164450545,36,136,8,165.0,4510
Ramos A.,1492.281062760668,1487.7888183305217,1490.7228043635769,1484.9109064489273,46,94,5,251.0,444
Ramos-Vinolas A.,1367.0454435525226,1461.2615370364479,1418.79123839038,1401.8039577441718,160,268,19,122.0,717
Raonic M.,1657.2193353466241,1540.2036559701542,1574.3285772372665,1681.9028877530018,358,93,73,186.0,785
Raoux G.,1499.9908680194958,1499.9908032304163,1499.9902246524914,1499.9902246524914,1,1,0,283.0,9572
Rascon T.,1499.9764416390044,1499.9764418806499,1499.9764418806499,1499.9764418806499,1,0,0,484.0,7969
Rastogi K.,1499.9108833882967,1499.9110181393587,1499.9110181393587,1499.9110181393587,5,0,0,480.0,7161
Ratiwatana S.,1499.9837432867957,1499.9837432436605,1499.9837432436605,1499.9837432436605,1,0,0,919.0,8360
Rea S.,1499.9692118744802,1499.9692112512432,1499.9692112512432,1499.9692112512432,2,0,0,963.0,8248
Recouderc L.,1499.0552964718058,1499.1904843865618,1498.822660803993,1498.822660803993,8,7,0,207.0,5798
Rehberg M.,1456.3620532805912,1454.2022986192742,1456.3620532805912,1456.3620532805912,0,4,0,473.0,850
Rehnquist B.,1499.7151565980735,1499.8956341309795,1499.7504445382795,1499.7504445382795,8,6,0,191.0,6415
Reichel A.,1499.9814419514514,1499.9814417455923,1499.9814417455923,1499.9814417455923,1,0,0,1154.0,8220
Reid M.,1499.5314377859359,1499.5314377859359,1499.5305920015123,1499.5314377859359,0,0,1,216.0,4798
Reid T.,1499.9019188983073,1499.8716118782884,1499.9124906660688,1499.8561983621332,25,1,8,175.0,7878
Reinberg E.,1497.0207246963041,1496.9968799553528,1496.9968799553528,1496.9968799553528,1,0,0,1032.0,2941
Reis Da Silva J.,1489.118643938128,1488.662923306807,1489.118643938128,1489.118643938128,0,1,0,207.0,177
Reister J.,1494.0424332945872,1492.8683630679416,1495.924785972512,1491.80727757444,3,30,8,759.0,4033
Reix C.,1500.0145133674916,1500.015680544065,1500.015680544065,1500.015680544065,2,0,0,502.0,5076
Rejchtman Vinciguerra W.,1485.1979508125883,1485.180148382481,1485.1979508125883,1485.1979508125883,0,1,0,1476.0,395
Renavand N.,1500.0030228333299,1500.0034130203494,1500.0034130203494,1500.0034130203494,2,0,0,364.0,5440
Reneberg R.,1500.0000001249525,1500.0000001249525,1500.0000001249525,1500.0000001249525,2,0,0,204.0,9677
Rettenmaier T.,1499.9999503183103,1499.9999448665196,1499.9999460106533,1499.9999448665196,2,0,2,297.0,7484
Reyes-Varela M.A.,1499.0231463652954,1499.0442622882174,1498.9686891674576,1498.9686891674576,1,1,0,502.0,4551
Reynolds B.,1495.9481139038712,1497.5435566818633,1497.7473917305706,1494.9088203235656,74,8,16,133.0,4742
Riba P.,1493.8743769012738,1492.8247909180548,1492.1089414533412,1488.3497976882873,17,56,4,228.0,3846
Riba-Madrid P.,1499.7183954358518,1499.7395693999479,1499.732511173038,1499.7183954358518,0,1,1,78.0,5896
Riedi L.,1500.4603277003494,1493.2837582161355,1493.2534799973653,1494.5754057112747,8,4,1,435.0,346
Rieschick S.,1499.9478281679453,1499.9338601775091,1499.933428661836,1499.933428661836,2,2,0,253.0,5411
Riffice S.,1493.5042195626818,1493.5063295659404,1493.5063295659404,1493.5063295659404,1,0,0,542.0,1809
Rincon D.,1459.0223179112122,1459.536322136476,1459.0223179112122,1459.0223179112122,0,3,0,216.0,850
Rinderknech A.,1588.2607750910265,1550.4890621216919,1533.3328423802739,1605.749167718938,123,64,34,29.0,5
Rios F.,1499.791327719523,1499.791368183534,1499.791327719523,1499.791327719523,0,1,0,1285.0,5672
Rios M.,1500.3304133868753,1500.13807222274,1500.409210512297,1500.409210512297,95,53,0,31.0,8544
Ritschard A.,1465.8267545088463,1454.7301157864786,1457.0613906925003,1452.279346627274,3,7,1,125.0,500
Robert S.,1473.7946484154875,1486.3406970700219,1484.3965073997429,1464.3869441020317,58,42,12,661.0,2403
Robredo R.,1499.9528299187127,1499.95301263145,1499.95301263145,1499.95301263145,3,0,0,6.0,7209
Robredo T.,1502.652246094885,1490.126274485625,1499.2622728562312,1490.4194907447495,382,367,53,362.0,1578
Robredo T. ,1500.1350932035932,1500.1350932035932,1500.1350932035932,1500.1350932035932,3,0,0,15.0,6124
Roca Batalla O.,1487.9349020738173,1487.7746554650535,1487.9349020738173,1487.9349020738173,0,3,0,1055.0,1179
Rocha D.,1500.0058673799292,1500.005867614113,1500.0058673799292,1500.0058673799292,0,2,0,999.0,8157
Rocha H.,1450.7140459885122,1449.8776211479767,1450.7140459885122,1450.7140459885122,0,10,0,123.0,24
Rochus C.,1497.4377624496042,1498.8012754570864,1498.2919117624133,1495.352831696418,119,144,25,1502.0,5293
Rochus C. ,1499.8647253851336,1499.8647253851336,1499.8647253851336,1499.8647253851336,1,0,0,88.0,6127
Rochus O.,1496.3061054290945,1496.1111155974347,1499.0611747412497,1492.5873996372516,225,135,77,143.0,4797
Rochus O. ,1499.8648536818434,1499.8648536818434,1499.8648536818434,1499.8648536818434,1,0,0,61.0,6128
Roddick A.,1518.2341417238997,1501.9832600140946,1505.45279407447,1522.6609298888056,522,91,97,22.0,5090
Rodesch C.,1487.8261734994703,1487.8261734994703,1487.4046677454548,1487.8261734994703,0,0,1,163.0,409
Rodionov J.,1478.0911148962707,1447.8166164937088,1467.9576279295952,1453.4280268527586,12,19,6,145.0,22
Rodrigues M.,1500.0064476573136,1500.0068401867372,1500.0068401867372,1500.0068401867372,2,0,0,275.0,5439
Rodriguez B.,1499.9245750804703,1499.9245781967197,1499.9245750804703,1499.9245750804703,0,1,0,439.0,6743
Rodriguez M.,1499.9780813143436,1499.976395352693,1499.9707936467087,1499.9707936467087,4,11,0,149.0,9243
Rodriguez Taverna S.,1494.3935256623693,1493.8457375994474,1494.3935256623693,1494.3935256623693,0,1,0,201.0,1543
Roger-Vasselin E.,1491.9893373726463,1490.3616947277853,1497.381219862132,1485.0737954226552,112,49,35,186.0,3696
Roitman S.,1498.6595401242103,1498.6020888982293,1498.3148430452973,1497.5018239535948,17,60,4,121.0,6225
Rola B.,1489.1315684244182,1491.1185365777574,1490.0725745704315,1485.3251893665608,10,11,4,163.0,1984
Romboli F.,1499.7888000948778,1499.7889307190578,1499.7888000948778,1499.7888000948778,0,1,0,244.0,5666
Rosenholm P.,1499.2733186280252,1499.2768186840435,1499.2768186840435,1499.2768186840435,3,0,0,371.0,4322
Roshardt R.,1499.8715938581172,1499.871602266627,1499.8715938581172,1499.8715938581172,0,2,0,588.0,6610
Rosol L.,1464.297626755377,1492.1055651075576,1476.1562388054979,1451.2640347590138,144,89,21,226.0,1396
Rosset M.,1499.9326060156927,1499.8728507277588,1499.9303650955908,1499.7901187023897,54,36,17,140.0,7961
Rottgering M.,1459.0119457278442,1456.74819239539,1459.9619322851584,1456.74819239539,2,0,1,464.0,66
Roumane R.,1495.8064240072183,1495.8309335343522,1495.8309335343522,1495.8309335343522,1,0,0,431.0,2522
Roux L.,1499.9731075245875,1499.9731089562806,1499.9731089562806,1499.9731089562806,12,0,0,331.0,8767
Royer V.,1462.1080283096946,1444.747348561095,1459.4380237454225,1448.2503755463847,30,7,4,78.0,7
Rubin N.,1473.8005839625816,1477.0731568700057,1473.4988283254766,1467.3412677898907,21,4,2,306.0,1816
Rublev A.,1627.3790385171815,1720.5896880641183,1579.3228459383329,1690.3800785161698,385,152,37,16.0,9
Ruevski P.,1499.9386111791398,1499.9386123507693,1499.9386111791398,1499.9386111791398,0,1,0,210.0,6960
Rufin G.,1498.930056104366,1497.3568069956482,1497.7466609284936,1496.6237852559943,19,17,6,91.0,4735
Rune H.,1743.8953863611991,1746.8992576485605,1610.9237829483536,1762.4756504323282,148,82,21,11.0,300
Rusedski G.,1500.0659772222195,1499.8728653787682,1500.4051633400861,1500.3683605909796,161,26,57,136.0,7288
Russell M.,1494.0109490147972,1496.4054321582976,1496.137999490671,1489.691016053203,138,45,32,156.0,4224
Ruud C.,1656.8276276667407,1787.2186179495511,1565.3252795790263,1756.9738220741492,194,247,15,14.0,5
Ruusuvuori E.,1568.8741745810253,1471.3485689907166,1516.954603610875,1563.5194899882977,128,37,23,608.0,303
Rybakov A.,1488.0103033371497,1488.0368791201468,1488.0368791201468,1488.0368791201468,1,0,0,378.0,1283
Ryderstedt M.,1499.501668606528,1499.6126776293695,1499.384098399701,1499.384098399701,11,8,0,340.0,5147
Sa A.,1499.8001297679132,1499.734859108105,1499.8487073351619,1499.546766849975,57,34,20,238.0,6959
Saavedra Corvalan C.,1499.8519389944936,1499.8519983008139,1499.8519389944936,1499.8519389944936,0,1,0,395.0,6036
Sabau R.,1499.6287910419323,1499.6689805209376,1499.6266096189452,1499.4282102996476,6,29,5,163.0,7276
Sabry S.,1499.79706962442,1499.7970582435266,1499.7970582435266,1499.7970582435266,1,0,0,586.0,5700
Sachko V.,1496.0590483740489,1467.2989957989262,1477.0447680756897,1477.0447680756897,7,4,0,208.0,122
Sadecky A.,1499.753875835519,1499.7535700439694,1499.753875835519,1499.753875835519,0,3,0,401.0,5498
Safin M.,1500.8505076277877,1500.0313813751056,1500.5335305251085,1501.6066738086527,287,136,40,65.0,6119
Safiullin R.,1538.0835460132992,1450.840617161456,1523.6981560641225,1544.1202418856724,85,21,22,132.0,39
Safranek V.,1496.043620115803,1496.074643344128,1496.074643344128,1496.074643344128,2,0,0,225.0,3131
Safwat M.,1474.3818277911682,1477.8195253792992,1478.7929261280647,1472.729723819732,9,2,2,135.0,2173
Sakamoto P.,1496.6988223056069,1496.6995061740122,1496.6988223056069,1496.6988223056069,0,1,0,389.0,2725
Sakamoto R.,1463.2612801249286,1464.8725994651304,1464.8725994651304,1464.8725994651304,6,0,0,164.0,145
Sakellaridis S.,1489.6009590766898,1492.4943761872298,1490.055475742195,1490.055475742195,1,2,0,225.0,132
Sakharov G.,1494.4517705757885,1495.7555603751362,1494.532658954985,1494.532658954985,2,2,0,252.0,2767
Salamanca C.,1499.5061525906108,1499.5066911037404,1499.5061525906108,1499.5061525906108,0,1,0,310.0,4776
Salva B.,1499.7557589018625,1499.7576049583126,1499.7208835559568,1499.7208835559568,2,3,0,326.0,6799
Salzenstein J.,1499.7751022667485,1499.8063084144692,1499.8463600337673,1499.7200357579084,26,4,7,495.0,7461
Samper-Montana J.,1496.265547144379,1496.2321764004203,1496.265547144379,1496.265547144379,0,2,0,410.0,3006
Sampras P.,1500.346901781563,1500.115082321351,1500.1551150433393,1500.4047801971058,98,15,24,17.0,8753
Samrej K.,1496.3440045370135,1496.397392998365,1496.397392998365,1496.397392998365,1,0,0,418.0,576
Samuel T.,1495.2192171478127,1494.664200636388,1490.1082526360865,1495.2192171478127,0,1,5,123.0,44
Sanchez D.,1499.623891859465,1499.9611766226774,1499.6751579319243,1499.5204072937097,43,138,4,138.0,7625
Sanchez De Luna J.,1499.8392845508793,1499.8392609532114,1499.8392845508793,1499.8392845508793,0,2,0,304.0,6667
Sanchez Izquierdo N.,1488.2253421291193,1488.198485524702,1488.2253421291193,1488.2253421291193,0,1,0,260.0,815
Sanchez J.,1499.9955228914116,1499.9955228914116,1499.9955228914116,1499.9955228914116,1,0,0,285.0,9719
Sanchez M.,1497.8336525817276,1498.0544246443833,1497.8069891016758,1497.8069891016758,1,1,0,624.0,3299
Sanchez de Luna J.A.,1499.9673940493385,1499.9673912216363,1499.9673940493385,1499.9673940493385,0,1,0,494.0,7625
Sandbichler A.,1499.9565907340723,1499.9565908401003,1499.9565907340723,1499.9565907340723,0,1,0,570.0,7325
Sandgren T.,1421.0891742446554,1450.5034135540811,1478.1164539128354,1420.7549420267221,71,29,16,281.0,919
Sanguinetti D.,1499.6885501725922,1499.4921559005506,1499.6247806631243,1498.8901851352714,148,60,40,253.0,6912
Santillan A.,1493.071440322722,1492.8958999426004,1493.587858253809,1491.758542506687,5,2,2,163.0,3243
Santopadre V.,1499.9716376615456,1499.977205828781,1499.9716376615456,1499.9716376615456,0,3,0,145.0,8220
Santoro F.,1499.2205663993357,1499.1688521040771,1500.6711573783882,1499.295938240395,244,66,62,67.0,6050
Saoudi S.,1499.953865317596,1499.9522124944888,1499.9488743656873,1499.9488743656873,1,3,0,524.0,7049
Saretta F.,1499.8389595757283,1499.8244355598538,1499.8592247325282,1499.6651566701678,38,85,12,543.0,6394
Sargsian S.,1499.7314681575854,1499.7802646207783,1499.7978946618002,1499.4737570849702,105,61,28,391.0,7471
Sarkissian A.,1490.027744958661,1492.0673688114935,1489.8035366929785,1489.8035366929785,4,2,0,478.0,1849
Sarmiento R.,1496.1283738099755,1496.155035480068,1496.155035480068,1496.155035480068,1,0,0,705.0,2550
Sarstrand M.,1499.9807120353066,1499.9795843201857,1499.978824732121,1499.978824732121,1,1,0,397.0,8437
Satral J.,1499.2646791066363,1498.9685368247547,1499.0000251592323,1499.0000251592323,2,1,0,226.0,3634
Saulnier C.,1499.6886210579107,1499.704580219713,1499.783220222858,1499.4454513176795,112,19,23,259.0,7119
Saville L.,1481.5873959131306,1481.9298975763136,1489.2119776648685,1481.9298975763136,3,0,6,313.0,1057
Savolt A.,1499.8836387229107,1499.9228737409896,1499.8422596561472,1499.8212320570524,21,44,1,592.0,7989
Schalken S.,1500.1198952066395,1500.0954417886428,1500.2791674375887,1500.418984231799,166,55,48,202.0,7695
Scherrer J.,1499.9833492100202,1499.9833492100202,1499.9833492100202,1499.9833492100202,0,0,0,292.0,8331
Scherrer J.C.,1499.9091982359419,1499.898454376381,1499.9131078962723,1499.898454376381,3,0,2,1121.0,6531
Schiessling T.,1499.9707287445833,1499.9707298334797,1499.9707287445833,1499.9707287445833,0,4,0,652.0,8060
Schnur B.,1459.249564738324,1449.3504307097228,1459.8991361882158,1449.3504307097228,15,0,3,233.0,1786
Schoenhaus M.,1483.5982274358375,1484.2195834990318,1483.6520362367105,1483.5982274358375,0,1,1,336.0,59
Scholtz N.,1499.7906040345285,1499.7905591707824,1499.7905591707824,1499.7905591707824,1,0,0,662.0,5672
Schoolkate T.,1429.8973890435936,1439.5476081441086,1439.232489047551,1432.6409111115922,22,1,1,118.0,161
Schoorel T.,1499.205375741109,1499.3851951507245,1499.2091661903846,1499.2091661903846,4,2,0,108.0,5559
Schranz W.,1499.9999989431446,1499.9999990579352,1499.9999989431446,1499.9999989431446,0,2,0,318.0,9523
Schuettler P.,1500.014311403428,1500.0143130511547,1500.014311403428,1500.014311403428,0,3,0,11.0,8491
Schuettler R.,1497.0811369594821,1497.8215890640095,1500.32994121234,1495.8100155615473,305,121,71,113.0,5531
Schuettler R. ,1499.8648536818434,1499.8648536818434,1499.8648536818434,1499.8648536818434,1,0,0,85.0,6128
Schukin Y.,1499.5791244870652,1500.150178966747,1499.6708539736753,1499.6708539736753,6,24,0,127.0,5672
Schuttler P.,1499.9532141847149,1499.9532141847149,1499.9532141847149,1499.9532141847149,0,0,0,350.0,7247
Schwaerzler J.,1484.2131829231275,1482.850837555412,1482.6310240514993,1482.6310240514993,1,1,0,347.0,661
Schwaerzler J.J.,1459.077233938234,1457.0033842985613,1459.077233938234,1459.077233938234,0,3,0,185.0,24
Schwank E.,1497.884734130882,1498.5436257635877,1497.8779817107604,1496.3373929538056,25,58,8,139.0,5147
Schwartzman D.,1480.4778199520301,1473.1969257933945,1479.7786095558404,1434.129837770388,208,204,26,386.0,546
Searle H.,1458.559545748102,1458.559545748102,1457.4331014350396,1458.559545748102,0,0,3,421.0,409
Sekulic M.,1499.4651323994487,1499.4648662689522,1499.4648662689522,1499.4648662689522,1,0,0,68.0,4685
Sekulic P.,1488.4141760816515,1489.729661494975,1489.729661494975,1489.729661494975,3,0,0,298.0,1043
Sekulov J.,1499.974143827622,1499.9714757643999,1499.97142037188,1499.9681028071743,10,1,1,244.0,9397
Sela D.,1483.2149752644796,1486.2341664579126,1501.4267316392156,1480.6630389529778,191,36,52,146.0,2522
Sell K.,1489.879786340162,1489.3993025359441,1489.879786340162,1489.879786340162,0,1,0,300.0,450
Sell M.,1500.000000116152,1500.000000116152,1500.000000116152,1500.000000116152,2,0,0,167.0,9712
Seppi A.,1461.067879892526,1455.156080421692,1493.9343472514645,1440.305146292015,380,236,103,141.0,1528
Seppi A. ,1499.9997432847858,1499.9997432847858,1499.9997432847858,1499.9997432847858,2,0,0,51.0,6126
Serdarusic N.,1463.4676179885619,1464.4721285444173,1456.4496694568577,1456.4496694568577,3,6,0,702.0,1178
Sergeyev I.,1500.0012488577509,1500.0014804909633,1500.0014804909633,1500.0014804909633,2,0,0,209.0,6048
Serra F.,1493.7738082275987,1497.8075183167557,1497.138412626087,1490.9030434970775,139,100,26,450.0,4348
Serra F. ,1499.9997432847858,1499.9997432847858,1499.9997432847858,1499.9997432847858,2,0,0,71.0,6126
Serrano O.,1499.9828778779372,1499.9828810152544,1499.9828778779372,1499.9828778779372,0,8,0,244.0,8584
Sesko Z.,1484.7220757654343,1484.7342475525506,1484.7220757654343,1484.7220757654343,0,1,0,957.0,30
Setkic A.,1496.2591139366862,1496.5325579220066,1496.0359767708082,1496.0359767708082,1,2,0,165.0,3222
Settergren J.,1499.9696665995825,1499.9806980324083,1499.9696655256273,1499.9696655256273,2,4,0,383.0,7961
Seyboth Wild T.,1497.8934639405895,1525.6348533422351,1523.098719774281,1534.5108381287776,26,55,4,132.0,385
Shane R.,1498.9910607921736,1498.9917811292103,1498.9917811292103,1498.9917811292103,1,0,0,1410.0,4000
Shang J.,1561.2603381335555,1528.850106843945,1562.7843723747294,1595.6078143940383,68,6,5,281.0,7
Shapovalov D.,1662.7791218664947,1489.1830754084403,1502.6658626215772,1594.0979009224102,284,78,47,68.0,11
Shelbayh A.,1444.2693241989869,1447.1319979250059,1450.687631859973,1434.1235325996847,5,4,4,299.0,50
Shelton B.,1803.0707540994053,1609.9035098036256,1640.6603614791838,1788.691222581223,145,45,31,10.0,2
Sherwood D.,1499.999949210998,1499.999949210998,1499.9999477991676,1499.999949210998,0,0,2,261.0,7722
Shevchenko A.,1550.8346593610859,1500.8131076068726,1500.35689829586,1547.3366611613358,72,52,6,84.0,23
Shimabukuro S.,1428.5926058347934,1442.5258814322845,1459.7363981936492,1442.5258814322845,16,0,6,94.0,9
Shimada T.,1499.978687283113,1499.9767977180009,1499.9778090669606,1499.9767977180009,1,0,1,1351.0,8437
Shimizu Y.,1487.4915734737956,1487.48152326222,1487.48152326222,1487.48152326222,1,0,0,451.0,1409
Shvec A.,1499.988198976633,1499.988199942587,1499.988199942587,1499.988199942587,1,0,0,1084.0,8697
Shyla Y.,1498.9211157638858,1498.9206967543446,1498.9206967543446,1498.9206967543446,1,0,0,366.0,3977
Sidorenko A.,1498.699728081945,1499.126100183014,1498.5785841751785,1498.5785841751785,6,6,0,255.0,3612
Siemerink J.,1499.939287537246,1499.9530400200922,1499.9434855134182,1499.8992947612996,22,19,10,254.0,8795
Sijsling I.,1484.9423261724962,1489.8278693557813,1492.503248404797,1477.1422253085648,74,33,22,114.0,3663
Silva D.,1499.894486121268,1499.894519528356,1499.894486121268,1499.894486121268,0,1,0,263.0,6393
Silva F.,1497.8990847876182,1497.9020562316773,1497.8990847876182,1497.8990847876182,0,2,0,249.0,3762
Silva F.F.,1497.7245729736042,1497.6823577857579,1497.7245729736042,1497.7245729736042,0,3,0,263.0,3026
Silva J.,1499.6116673176218,1499.6633952217262,1499.555454752276,1499.555454752276,2,9,0,228.0,5826
Simmonds P.,1499.6844491895563,1499.6854197630164,1499.6854197630164,1499.6854197630164,3,0,0,428.0,5504
Simon G.,1524.8336224785971,1471.614913620434,1490.4439904050826,1512.7376709442224,489,248,88,188.0,1379
Simon G. ,1500.134964613294,1500.134964613294,1500.134964613294,1500.134964613294,3,0,0,12.0,6124
Simoni A.,1499.9441022792075,1499.9493952510393,1499.9333414930102,1499.9083779363916,14,10,5,151.0,8718
Simonsson F.,1498.6261278313114,1498.6261278313114,1498.6261278313114,1498.6261278313114,0,1,0,674.0,3684
Singh N.,1499.9348508491562,1499.9348508526857,1499.9348508526857,1499.9348508526857,1,0,0,817.0,6897
Singh S.,1499.6438857629648,1499.6444695405319,1499.6444695405319,1499.6444695405319,1,0,0,373.0,5069
Sinner J.,2159.64910529005,1948.1282603353186,1869.0173587586523,2222.573453871046,271,105,44,1.0,32
Sirianni J.,1499.5737246841618,1499.4152413599888,1499.5567262409968,1499.4152413599888,13,0,5,254.0,6274
Siriluethaiwattana P.,1499.6298864934238,1499.6298903173556,1499.6298903173556,1499.6298903173556,1,0,0,1194.0,5071
Sitak A.,1499.750402861507,1499.750337866101,1499.750337866101,1499.750337866101,1,0,0,387.0,5491
Skatov T.,1447.8112046290275,1461.6773783937506,1443.5154479486089,1443.5154479486089,8,9,0,163.0,21
Skugor F.,1489.9907724740087,1490.6920874383795,1486.9063012425795,1483.8536665062552,9,13,3,351.0,2739
Slabinsky A.,1499.680087327046,1499.680087327046,1499.6800170314837,1499.680087327046,0,0,2,558.0,5539
Slanar M.,1499.9278275620404,1499.927952113435,1499.927952113435,1499.927952113435,3,0,0,232.0,6525
Sluiter R.,1499.570241882776,1499.673786437992,1499.9515529328444,1499.329107819892,75,62,40,866.0,6263
Smeets R.,1499.5554579040972,1499.562859467912,1499.5121306656604,1499.5121306656604,8,1,0,168.0,6532
Smethurst D.,1499.376751357188,1499.376751357188,1499.3710696946246,1499.376751357188,0,0,1,234.0,4433
Smit J.,1499.9539031529773,1499.9539030644187,1499.9539030644187,1499.9539030644187,1,0,0,711.0,7262
Smith C.,1456.9809308958038,1474.5690637013445,1459.7577082128987,1459.7577082128987,6,4,0,164.0,135
Smith J.P.,1464.5413292980465,1462.1535129102197,1480.9695704331968,1462.1535129102197,18,0,9,306.0,1997
Smith L.,1499.9936764557892,1499.9936764659212,1499.9936764659212,1499.9936764659212,1,0,0,485.0,9355
Smyczek T.,1466.9239817885243,1479.9280083641374,1483.1561770846056,1457.4344176700733,98,12,18,281.0,2570
Snobel P.,1499.7956814219779,1499.7705198718309,1499.7886701727875,1499.7705198718309,3,0,1,184.0,6519
Sock J.,1497.400981913095,1482.375326959831,1510.0849478306457,1495.1307255202591,221,56,28,166.0,1226
Soderling R.,1509.807762373523,1505.0853302469704,1503.2059651283514,1515.7461444120809,250,116,43,5.0,5506
Soderlund C.,1499.9784901741523,1499.9826937694377,1499.9784901741523,1499.9784901741523,0,2,0,479.0,3682
Soeda G.,1476.3740928493019,1486.3372534111254,1489.4793119437722,1473.7831890937207,82,8,15,119.0,2171
Sonego L.,1560.464125704572,1449.6931855824507,1538.7220661186311,1543.9841909252202,187,117,53,88.0,9
Sorensen L.,1499.8545990062942,1499.8849910743156,1499.8538283813934,1499.8538283813934,3,2,0,236.0,4417
Soto M.,1485.7254790646282,1485.6796619558368,1485.7254790646282,1485.7254790646282,0,1,0,316.0,170
Sousa J.,1422.9583059096672,1436.8412146817557,1438.4056195986318,1386.305108255257,218,173,39,272.0,862
Sousa P.,1442.5690750626811,1442.820468811393,1426.9804790854382,1417.592948885499,6,26,1,475.0,1227
Sousa T.,1499.993058925789,1499.993059028413,1499.993058925789,1499.993058925789,0,1,0,964.0,9257
Souza J.,1490.2476247111867,1486.608011127422,1485.0064964545552,1483.0021775139855,8,59,1,131.0,3451
Spadea V.,1498.7989811382465,1499.453559593598,1499.6003202892957,1498.0688672167712,227,60,46,361.0,6015
Spizzirri E.,1568.3178853814406,1562.5217654029707,1557.2099710078571,1573.2729509803164,18,1,2,91.0,80
Spottl M.,1499.99139179309,1499.9913612595508,1499.9908016361871,1499.9908016361871,1,1,0,193.0,9663
Squillari F.,1499.9354044342267,1500.0503469577295,1499.9385939133163,1499.9253307664824,50,128,4,135.0,8003
Squire H.,1484.7417735529239,1488.6297827597282,1481.7286315743777,1484.7417735529239,0,2,2,181.0,786
Srichaphan N.,1499.9999303081265,1499.9999402498247,1499.9999303081265,1499.9999303081265,0,2,0,10.0,8323
Srichaphan P.,1500.788385900274,1499.6200792519255,1500.1457612896952,1500.5066819746305,269,40,39,52.0,7096
Stadler S.,1499.5590927430956,1499.4539163091144,1499.6328826419003,1499.4539163091144,7,0,8,288.0,5686
Stafford G.,1499.9999999411461,1499.9999999411461,1499.9999999411461,1499.9999999411461,2,0,0,472.0,9705
Stakhovsky S.,1473.861439689102,1479.0838026289716,1489.9367156795056,1459.3188939915424,187,71,44,200.0,2012
Stanoytchev O.,1499.9521239466599,1499.947482338986,1499.9333952696934,1499.9246304274623,9,18,1,161.0,9327
Starace P.,1495.567677487068,1500.1124389566169,1497.231870894489,1494.953092377506,76,219,9,176.0,4463
Stark J.,1499.9887883810277,1499.98786122162,1499.9884514383634,1499.98786122162,1,0,1,1014.0,9187
Statham J.,1497.0592001658647,1497.0845869665513,1497.0845869665513,1497.0845869665513,8,0,0,360.0,2773
Statham R.,1499.9278704883318,1499.9278586233258,1499.9278586233258,1499.9278586233258,1,0,0,557.0,6793
Stebe C-M.,1500.0122174126907,1500.0135555333645,1500.0135555333645,1500.0135555333645,2,0,0,177.0,4971
Stebe C.M.,1482.8882880896317,1493.48702173894,1487.26781809021,1478.080360313603,33,27,8,231.0,1644
Steckley R.,1499.9687997406907,1499.968796850076,1499.968796850076,1499.968796850076,1,0,0,583.0,7674
Stepanek M.,1499.944560435311,1499.9445003212468,1499.944560435311,1499.944560435311,0,1,0,25.0,7057
Stepanek R.,1503.0153508572605,1499.6250527152702,1502.4234346600388,1506.1673915021217,346,156,68,102.0,3493
Stepanek R. ,1500.2704208176951,1500.2704208176951,1500.2704208176951,1500.2704208176951,4,0,0,14.0,6123
Stewart H.,1484.0,1484.0,1484.0,1484.0,0,0,1,305.0,51
Stoliarov A.,1499.8817306099918,1499.9012078621581,1499.8885120519699,1499.7496780602312,41,23,16,361.0,7975
Stoltenberg J.,1500.0123169639746,1500.0303997301394,1500.0213630224505,1500.0372990902813,32,9,7,116.0,9180
Stoppini A.,1499.6813052708176,1499.713019795844,1499.6482011788012,1499.6482011788012,9,2,0,209.0,6391
Stricker D.,1542.0110881995602,1495.1424594780337,1512.6503646903652,1538.014054887551,21,15,8,360.0,27
Strode B.,1499.7015053402067,1499.7015053402067,1499.7015053402067,1499.7015053402067,1,0,0,393.0,5292
Struff J-L.,1499.4572782123153,1499.4590705549783,1499.4590705549783,1499.4590705549783,1,0,0,106.0,4601
Struff J.L.,1464.4718341464522,1551.871751849924,1600.9859809598602,1587.643027426798,251,158,69,41.0,9
Struvay E.,1498.8183217510068,1498.8196662352077,1498.8183217510068,1498.8183217510068,0,2,0,336.0,4412
Sugita Y.,1457.0198737941635,1470.2506171759119,1483.5139530174404,1447.7492942286858,76,16,30,131.0,1809
Sultan-Khalfan A.,1499.9641985753115,1499.9641983875974,1499.9641983875974,1499.9641983875974,1,0,0,1497.0,7528
Summerer T.,1499.7909024161577,1499.7930372581213,1499.7772021038209,1499.7496173866296,2,6,1,219.0,7030
Sun F.,1466.2473703648134,1466.4455099721522,1466.4455099721522,1466.4455099721522,2,0,0,236.0,329
Sun P.,1499.811259208635,1499.811237413703,1499.811237413703,1499.811237413703,5,0,0,557.0,6532
Suresh D.,1484.9928162506014,1485.688148328633,1485.688148328633,1485.688148328633,1,0,0,645.0,360
Suzuki T.,1499.959129497335,1499.9432359602893,1499.9540211892383,1499.9432359602893,34,0,3,355.0,6155
Svajda T.,1460.720263913943,1461.254550066404,1461.254550066404,1461.254550066404,3,0,0,436.0,16
Svajda Z.,1444.7754953868764,1528.2241764802438,1507.839667663416,1511.782867366726,35,7,5,87.0,8
Svarc L.,1499.9803673719507,1499.97927999887,1499.9784781820722,1499.9784781820722,1,1,0,344.0,8437
Svrcina D.,1507.9116080711092,1480.9727014262805,1490.7830255335093,1491.7359299426253,18,3,1,116.0,13
Sweeny D.,1475.310033284279,1474.3530040329092,1476.255852430359,1474.3530040329092,9,0,1,127.0,44
Sweeting R.,1496.087681662543,1499.195797989143,1497.5167465723703,1495.8769236982403,64,14,9,156.0,4929
Syed F.,1499.9936750598636,1499.9936749884625,1499.9936749884625,1499.9936749884625,1,0,0,756.0,9355
Szymanski J.,1499.9952786935237,1499.995278685556,1499.995278685556,1499.995278685556,1,0,0,167.0,9663
Tabara M.,1499.9273379550602,1499.8206852957169,1499.7925681824952,1499.743927703695,39,31,2,111.0,7688
Taberner C.,1478.9261187434956,1504.979908145166,1488.9158894052794,1489.043557969009,11,33,1,99.0,205
Tabilo A.,1581.3671158675374,1564.5303181077136,1537.0435340153422,1597.8376320985922,74,74,16,26.0,8
Tabur C.,1493.0005279712454,1480.7722095108434,1486.0338072046834,1486.0338072046834,3,5,0,178.0,29
Tahiri M.,1499.9262005115327,1499.9262267172398,1499.9262005115327,1499.9262005115327,0,7,0,566.0,7413
Taino E.,1499.9381245866493,1499.939260002416,1499.9189961620364,1499.9189961620364,22,4,0,255.0,7617
Takahashi Y.,1497.8216670771951,1497.8126865613594,1497.8126865613594,1497.8126865613594,1,0,0,262.0,3237
Takeuchi K.,1499.2464404838813,1499.245699192801,1499.245699192801,1499.245699192801,1,0,0,441.0,4342
Tarallo S.,1499.9999994076074,1499.9999994634572,1499.9999994076074,1499.9999994076074,0,2,0,151.0,9453
Tarango J.,1499.8951458429085,1499.959863659722,1499.9167954412605,1499.8764686052934,21,17,4,442.0,8949
Tarvet O.,1502.368031514548,1502.368031514548,1499.8350493380503,1502.368031514548,0,0,3,348.0,45
Tavares L.,1499.9787587213737,1499.9790427130672,1499.9787587213737,1499.9787587213737,0,3,0,246.0,5943
Te R.,1483.8281086489021,1484.4439855522883,1484.4439855522883,1484.4439855522883,1,0,0,489.0,1044
Tearney F.,1497.1273816752637,1497.1247830676466,1497.1247830676466,1497.1247830676466,2,0,0,447.0,3503
Tebbutt M.,1499.9955219242759,1499.9955215218172,1499.9955215218172,1499.9955215218172,3,0,0,506.0,9096
Tecau H.,1499.973421762457,1499.9734214483713,1499.9734214483713,1499.9734214483713,1,0,0,352.0,7842
Teixeira M.,1498.2114005926896,1498.1292346306154,1497.8916446561946,1497.8916446561946,2,4,0,340.0,4035
Tenconi T.,1499.971006107977,1499.9710011068942,1499.971006107977,1499.971006107977,0,3,0,147.0,7751
Tepavac M.,1498.3562540190474,1498.3559595812874,1498.3559595812874,1498.3559595812874,1,0,0,201.0,3474
Terachi T.,1499.9063596152828,1499.906322807293,1499.906322807293,1499.906322807293,11,0,0,411.0,6890
Thiem D.,1526.8137693915241,1502.7158981139567,1459.6349925083591,1463.8428091881065,257,226,30,318.0,660
Thiem D. ,1504.1400954237083,1504.1400954237083,1504.1400954237083,1504.1400954237083,5,0,0,5.0,2461
Thomann N.,1499.9331912639593,1499.8697035171883,1499.8734232042127,1499.8256457557811,17,7,3,266.0,7233
Thomas J.,1499.9871171011243,1499.9864475054615,1499.9874720232237,1499.9864475054615,1,0,1,740.0,9082
Thompson C.,1499.3066825681328,1499.3066825681328,1499.3076482118743,1499.3066825681328,0,0,1,2159.0,4420
Thompson J.,1603.6556952417545,1455.5858373133585,1579.9127301575195,1612.2529310134782,198,47,61,111.0,204
Thron A.,1499.9406193956952,1499.940893593647,1499.9368045706015,1499.9368045706015,1,1,0,901.0,7625
Tiafoe F.,1696.049856754423,1610.0910699412475,1654.1338205186187,1753.8783189144256,304,99,54,20.0,8
Tieleman L.,1499.9854670122338,1499.9697317584623,1499.9703960579877,1499.960501994158,17,6,5,138.0,9432
Tien L.,1742.31743809856,1621.6037386195298,1607.2770594158037,1754.9394366280185,67,20,10,19.0,1
Tiilikainen K.,1499.9837800433802,1499.9837792606886,1499.9837800433802,1499.9837800433802,0,2,0,283.0,8788
Tillstrom M.,1500.006239783766,1499.9988913198968,1499.996213517627,1499.9981322314957,20,8,2,76.0,9432
Timfjord N.,1499.9946429523832,1499.9946429804086,1499.9946429523832,1499.9946429523832,0,1,0,421.0,9530
Tipsarevic J.,1500.354020950249,1493.2242127813506,1493.7791966034792,1491.6602294538902,255,104,65,251.0,2491
Tipsarevic J. ,1499.9998186400535,1499.9998186400533,1499.9998186400533,1499.9998186400533,2,0,0,39.0,6125
Tirante T. A.,1498.2332400356609,1498.2332400356609,1498.2846369352267,1498.2332400356609,0,0,2,54.0,50
Tirante T.A.,1586.89762946492,1630.625101172863,1640.8607477977866,1663.3523330906246,14,38,1,65.0,4
Tiurnev E.,1492.2834953513884,1492.325763045453,1492.325763045453,1492.325763045453,1,0,0,304.0,1753
Tkalec M.,1499.992383088442,1499.992383134268,1499.992383088442,1499.992383088442,0,1,0,305.0,9159
Tobon M.,1499.9999996020265,1499.9999996902884,1499.9999996020265,1499.9999996020265,0,2,0,1023.0,9327
Todero N.,1499.9893103303248,1499.9893104991756,1499.9893103303248,1499.9893103303248,0,1,0,332.0,8802
Tomashevich D.,1499.991968513164,1499.991968412176,1499.991968412176,1499.991968412176,1,0,0,342.0,9103
Tomic B.,1511.0301995835787,1481.5123168646749,1505.720596919623,1506.601578122038,209,63,63,171.0,13
Tong M.,1499.9941989813071,1499.994199015419,1499.994199015419,1499.994199015419,1,0,0,1245.0,9446
Topic J.,1499.50471807824,1499.5056015027635,1499.50471807824,1499.50471807824,0,1,0,605.0,4769
Topo M.,1420.0187832319382,1415.242508508627,1411.0843144073801,1411.0843144073801,1,7,0,374.0,30
Torebko P.,1495.2762487359214,1495.340789664407,1495.2762487359214,1495.2762487359214,0,2,0,384.0,2585
Torpegaard M.,1489.5680944030673,1489.4871764903503,1489.4871764903503,1489.4871764903503,4,0,0,188.0,2011
Torres T.,1512.2016641862244,1512.8333279833682,1512.2016641862244,1512.2016641862244,0,3,0,427.0,20
Tramacchi P.,1499.9945355212262,1499.9945355207303,1499.9945355207303,1499.9945355207303,1,0,0,1164.0,9509
Travaglia S.,1440.8456196765103,1477.2780896061495,1461.4231582536918,1444.0662363188649,44,30,6,150.0,27
Traykov I.,1499.9999991110485,1499.999999190511,1499.9999991110485,1499.9999991110485,0,2,0,255.0,9215
Trevisan M.,1498.9686958464852,1498.9729753858462,1498.9686958464852,1498.9686958464852,0,1,0,462.0,4041
Trifu G.,1499.968811771012,1499.9745958569963,1499.972208324998,1499.968811771012,0,4,2,161.0,8802
Trimmel C.,1499.9888102635614,1499.9888102288844,1499.9888102635614,1499.9888102635614,0,2,0,191.0,9453
Trinker B.,1499.270896672098,1499.2448840297668,1499.270896672098,1499.270896672098,0,3,0,417.0,4039
Troicki V.,1471.3104523178922,1488.4569373503748,1499.3465503356358,1468.5743533158127,314,112,60,230.0,1883
Troicki V. ,1499.9997430911765,1499.9997430911765,1499.9997430911765,1499.9997430911765,2,0,0,29.0,6125
Trongcharoenchaikul W.,1499.472444294564,1499.4719549633105,1499.4719549633105,1499.4719549633105,1,0,0,1217.0,4706
Trotter J.K.,1477.2163742941004,1478.1177802211166,1478.1177802211166,1478.1177802211166,2,0,0,213.0,315
Trujillo G.,1500.0004315014642,1500.000377561138,1500.0004315014642,1500.0004315014642,0,2,0,237.0,6679
Trungelliti M.,1466.005781013661,1493.7777582187023,1466.3022479897195,1469.1503443253737,9,44,3,95.0,22
Trusendi W.,1499.6535796809642,1499.653791107446,1499.6535796809642,1499.6535796809642,0,1,0,386.0,5147
Tseng C. H.,1466.299938986238,1476.5911433543902,1468.8798492102399,1468.8798492102399,6,3,0,159.0,749
Tseng C.H.,1409.2238867193262,1427.970457078417,1400.8286520384875,1376.5802806347617,15,9,3,144.0,161
Tsitsipas P.,1493.7444940652945,1493.7229706004982,1493.7229706004982,1493.7229706004982,1,0,0,970.0,1983
Tsitsipas S.,1607.4651048900625,1713.4154003588753,1542.5788905642612,1655.1155307244264,313,167,44,53.0,8
Tsitsipas S. ,1513.0120833820092,1513.0120833820095,1513.0120833820095,1513.0120833820095,5,0,0,6.0,2461
Tsonga J.W.,1548.9729078581647,1479.528948698703,1500.7565881552189,1507.6262067517164,431,124,68,297.0,1542
Tu L.,1423.6127629433813,1417.9821128813146,1436.9323947161379,1417.9821128813146,8,0,4,177.0,524
Tuksar S.,1499.8468275408197,1499.8432315671314,1499.829617016032,1499.829617016032,1,5,0,166.0,7381
Turcanu R.D.,1487.0409026951195,1486.6659529628673,1487.0409026951195,1487.0409026951195,0,1,0,659.0,135
Tursunov D.,1498.5940397543618,1494.1825019014136,1496.3385125704863,1490.7914987761847,260,69,63,820.0,3298
Tveit E.,1499.9394919835763,1499.939495183191,1499.9394919835763,1499.9394919835763,0,1,0,925.0,6974
Tyurnev E.,1498.2030011070997,1498.2299406214136,1498.2299406214136,1498.2299406214136,1,0,0,548.0,3251
Uchida K.,1486.2292524380364,1486.9308671961533,1486.9308671961533,1486.9308671961533,4,0,0,155.0,1409
Uchiyama Y.,1482.2064665132734,1471.0550755077263,1470.7457993044798,1466.4123452973156,31,2,3,160.0,690
Udomchoke D.,1497.7664779126947,1498.1357747944853,1498.8516522588043,1497.2011617340117,48,4,16,145.0,5069
Uebel L.,1499.9706137926732,1499.9706137926732,1499.970596330757,1499.9706137926732,0,0,1,288.0,7731
Ugo Carabelli C.,1470.2978504117114,1542.1381959711084,1505.8384863223623,1525.9589583589639,22,58,3,76.0,9
Ulihrach B.,1499.9012542908165,1499.7252546731343,1499.6851756548806,1499.4956566473343,84,71,7,145.0,6988
Ullyett K.,1499.9838782923835,1499.9838784719266,1499.9838784719266,1499.9838784719266,7,0,0,163.0,9397
Ungur A.,1493.4656890910983,1493.016663238461,1493.210161665495,1490.79147668421,4,25,3,203.0,3735
Uppal V.,1499.964151706588,1499.9641468792163,1499.9641468792163,1499.9641468792163,1,0,0,526.0,7528
Urban F.,1499.962516357977,1499.96251690793,1499.962516357977,1499.962516357977,0,2,0,560.0,8039
Vacek D.,1499.909298049657,1499.9179607427616,1499.9053596601245,1499.8825572089936,23,4,2,142.0,8332
Vacek J.,1499.6739052583398,1499.8091957012293,1499.8726925775884,1499.568059163491,44,15,27,342.0,6636
Vacherot V.,1625.5130253870207,1563.7537716376014,1652.4822969422637,1652.4822969422637,27,17,0,18.0,8
Vagnozzi S.,1499.459451672346,1499.4599569687248,1499.459451672346,1499.459451672346,0,10,0,192.0,5497
Vahaly B.,1499.7181239797637,1499.7618548060004,1499.8037503581427,1499.6022917072903,46,7,10,164.0,7468
Vaisse M.,1499.3475026733586,1499.3468736813063,1499.3475026733586,1499.3475026733586,0,1,0,309.0,4469
Vajda I.,1499.9869918849458,1499.9869919196221,1499.9869918849458,1499.9869918849458,0,2,0,239.0,9159
Valent R.,1499.8697504051215,1499.8697554945,1499.8697554945,1499.8697554945,1,0,0,1088.0,6169
Valkusz M.,1477.4139980741343,1479.585839719485,1477.1842016279586,1477.1842016279586,3,1,0,214.0,940
Vallejo D.,1492.0483025785338,1511.3503394248332,1487.2664307727198,1492.8966085619597,1,12,2,66.0,11
Van Assche L.,1457.3487432331824,1582.8310591231298,1519.7624919882765,1549.443185344608,29,32,4,49.0,10
Van D. Merwe I.,1499.7042303774792,1499.7041411435896,1499.7041411435896,1499.7041411435896,1,0,0,118.0,5309
Van De Zandschulp B.,1607.537468052016,1537.3346658042979,1502.081348265191,1600.1046030880868,142,61,26,70.0,3
Van Der Merwe I.,1500.2875367680485,1500.4606112866504,1500.4250679394802,1500.4606112866504,7,0,3,155.0,5144
Van Lottum J.,1499.9866920851969,1499.9866943529432,1499.9866943529432,1499.9866943529432,3,0,0,108.0,8570
Van Rijthoven T.,1484.9000412811592,1520.1022732056895,1542.8894072044413,1520.1022732056895,9,0,10,110.0,1275
Van der Dium A.,1499.9624116604634,1499.96240709029,1499.96240709029,1499.96240709029,1,0,0,995.0,7478
Van der Merwe I.,1499.933705868137,1499.9148400201123,1499.9149333885723,1499.9148400201123,2,0,1,286.0,6398
Vanek J.,1499.1289499981888,1499.1933546511652,1498.979784856438,1498.0408073030742,57,108,8,155.0,6289
Vanni L.,1486.642495866666,1490.8938598743725,1485.5815065286074,1483.6610499519588,9,12,1,163.0,2767
Vardhan V.,1499.642895792685,1499.6428974390792,1499.6428974390792,1499.6428974390792,2,0,0,313.0,5337
Varillas J. P.,1504.4333523559599,1521.3629180351245,1510.5913114325972,1510.5913114325972,2,17,0,81.0,940
Varillas J.P.,1477.5649264314325,1471.4352860196327,1463.6004525258636,1460.5660879896989,11,27,1,162.0,757
Varlet J.,1499.945179618986,1499.9555913013264,1499.9422435261422,1499.9422435261422,4,4,0,163.0,8477
Vasek R.,1499.994571853788,1499.9945718535737,1499.994571853788,1499.994571853788,0,1,0,470.0,9516
Vasilevski A.,1499.6285882671286,1499.6281792485022,1499.6281792485022,1499.6281792485022,1,0,0,785.0,5078
Vassallo-Arguello M.,1498.1141712023878,1498.918157745934,1498.6070995287187,1497.3061430260225,25,86,7,102.0,6029
Vassallo-Arguello M. ,1499.8647253851336,1499.8647253851336,1499.8647253851336,1499.8647253851336,1,0,0,72.0,6127
Vatutin A.,1456.4200116407878,1465.7570585252352,1452.81235099602,1452.81235099602,3,6,0,336.0,667
Vavassori A.,1489.902549654976,1498.6399408680686,1488.0942224549697,1491.3576197722991,8,13,2,282.0,191
Vega Hernandez D.,1499.0603756525231,1499.0626870535643,1499.0603756525231,1499.0603756525231,0,1,0,440.0,4123
Veger F.,1499.5785604376235,1499.5786326655684,1499.5786326655684,1499.5786326655684,1,0,0,836.0,4937
Veic A.,1497.0739914109563,1496.5741203471975,1495.4203917605712,1495.4203917605712,10,17,0,228.0,4208
Velotti A.,1496.2272053236038,1496.2619538096337,1496.2272053236038,1496.2272053236038,0,4,0,184.0,3474
Vemic D.,1499.7788278446133,1499.820467023665,1499.8104256206939,1499.7171950331935,5,8,5,178.0,6579
Ventura S.,1498.6683838437775,1498.918711598128,1498.530909388407,1497.6943284318093,11,76,7,139.0,5805
Venus M.,1493.6971487101223,1494.0276520671366,1493.3072790740232,1493.3072790740232,8,1,0,40.0,3139
Verdasco F.,1418.3637705090928,1467.3987965525728,1471.947320936606,1378.9158779093348,466,376,92,244.0,1213
Verdasco F. ,1500.1355612153582,1500.1355612153584,1500.1355612153584,1500.1355612153584,3,0,0,8.0,6123
Verdasco M.,1499.9999767878508,1499.9999723290748,1499.9999767878508,1499.9999767878508,0,2,0,53.0,8071
Verkerk M.,1499.7241607687056,1499.6887324153483,1499.6592634256745,1499.4234839039748,39,52,8,316.0,6632
Veronelli D.,1499.9805761838004,1499.986093162369,1499.9801386830418,1499.9801386830418,1,4,0,172.0,8157
Vesely J.,1476.4117269319631,1467.7083462368032,1530.0949223466334,1491.559404338473,132,108,38,293.0,940
Vicente F.,1499.584192304819,1499.2627550920224,1499.4030840718065,1498.656083335828,82,138,15,268.0,6274
Vicente M.,1499.957023910827,1499.9570361835338,1499.957023910827,1499.957023910827,0,1,0,188.0,7338
Vico U.,1499.9515406522619,1499.9309595890923,1499.9296706838759,1499.9239271132224,4,1,1,254.0,7623
Vik R.,1499.5407239191115,1499.6045364141812,1499.4921686181726,1499.2194542057487,21,19,5,378.0,6296
Vilella Martinez M.,1503.2142655465445,1501.1451689589608,1502.863991607724,1502.863991607724,6,3,0,167.0,1842
Villanueva G.,1488.8646851229687,1488.9105533761185,1488.9105533761185,1488.9105533761185,1,0,0,279.0,1471
Viloca J.A.,1500.0017810235681,1500.0019231222113,1500.0024071533142,1500.0024071533142,6,6,0,148.0,9257
Vinciguerra A.,1499.6364862760927,1499.342353479892,1499.5188513353332,1499.0651815279946,82,55,7,572.0,4783
Vinck C.,1499.930879560784,1499.9267873681465,1499.9457684467711,1499.886169072385,16,10,8,229.0,8858
Viola M.,1492.6981458553082,1494.5723634648346,1492.1008454485195,1490.7398206563826,7,6,2,218.0,2522
Viola Mat.,1499.4123225574751,1499.4123367330492,1499.4123367330492,1499.4123367330492,2,0,0,148.0,5308
Virtanen O.,1465.3746390873912,1473.3138699738383,1493.728552421207,1482.0299671565683,11,8,6,140.0,42
Vlasov D.,1499.992433755419,1499.9924339272852,1499.992433755419,1499.992433755419,0,1,0,288.0,9166
Vliegen K.,1498.4056365341035,1499.1028590078902,1498.8884297367858,1497.0924799698344,82,68,25,307.0,5803
Voinea A.,1499.922377362952,1499.87476708962,1499.9043832995517,1499.7934938116102,50,47,9,138.0,8415
Volandri F.,1491.7637686723453,1489.7332471972918,1492.3870131083768,1482.1175514589092,57,276,11,226.0,3678
Voltchkov V.,1499.935174754366,1499.8773012531922,1499.9121132715836,1499.809134776129,61,10,17,182.0,7737
Vovk S.,1499.8650888030807,1499.8650353508601,1499.8650353508601,1499.8650353508601,1,0,0,1216.0,6135
Vrbensky M.,1494.3845294525097,1494.4465293102703,1494.4465293102703,1494.4465293102703,1,0,0,311.0,2043
Vukic A.,1473.4688919313935,1418.443680518108,1468.0283789472871,1458.7272633818586,103,22,25,101.0,9
Wachiramanowong K.,1499.6089967013568,1499.609068366043,1499.609068366043,1499.609068366043,2,0,0,523.0,5435
Walter L.,1499.7623053342013,1499.7623053342013,1499.762459772956,1499.7623053342013,0,0,1,287.0,5540
Walton A.,1442.386567517883,1475.4757230151567,1464.4532678748678,1460.3160031434343,48,10,9,97.0,9
Wang C.,1500.0150086308972,1500.0218752524486,1500.0218752524486,1500.0218752524486,2,0,0,553.0,4327
Wang J.,1497.7950363851173,1498.510343517457,1498.5210954418203,1497.5467570958058,7,4,10,118.0,4223
Wang Y.,1499.9036950330471,1499.899893418437,1499.891432990622,1499.891432990622,3,1,0,88.0,7388
Wang Y. Jr,1499.9998967626764,1499.999895128413,1499.999895128413,1499.999895128413,2,0,0,401.0,7636
Wang Y.Jr.,1499.954482331379,1499.954482331379,1499.954482331379,1499.954482331379,1,0,0,484.0,7275
Wang Y.T.,1499.7199414147149,1499.6896517786504,1499.8204551928275,1499.6009851868318,24,3,12,164.0,6894
Warburg S.,1499.613797504624,1499.5756866537424,1499.6212595622083,1499.5756866537424,13,0,1,169.0,6558
Ward A.,1494.9782106734406,1495.545810943586,1495.0875696913251,1494.9782106734406,0,1,3,869.0,3327
Ward J.,1484.2363422979483,1476.3281165901078,1468.1321279353162,1461.747814999324,17,5,41,340.0,1878
Washington M.,1499.9558819380823,1499.955883960122,1499.955883960122,1499.955883960122,5,0,0,864.0,7695
Waske A.,1499.5364665130237,1499.532423956824,1499.5713745211563,1499.0360503778736,28,41,14,135.0,6967
Wassen R.,1499.9703132346938,1499.964042309542,1499.965953846344,1499.9618402068256,2,5,1,542.0,7987
Watanuki Y.,1511.5440480865286,1521.183382751859,1518.7482851718455,1528.0189813568368,28,5,4,147.0,323
Watt J.,1491.0099719186073,1491.3896136245753,1491.3896136245753,1491.3896136245753,1,0,0,643.0,213
Wawrinka S.,1547.6112789936058,1397.1317173909947,1494.2755770269628,1454.7104447903698,508,306,66,118.0,23
Wawrinka S. ,1500.1352742707134,1500.1352742707134,1500.1352742707134,1500.1352742707134,3,0,0,21.0,6124
Weiner G.,1499.7967279416396,1499.7802510108002,1499.8630404667067,1499.7802510108002,25,0,5,230.0,7461
Weintraub A.,1497.1284728432818,1496.6197919872836,1496.8697863123728,1496.6197919872836,4,0,1,213.0,3655
Weinzierl J.,1499.9855809836483,1499.9855817055684,1499.9855809836483,1499.9855809836483,0,1,0,342.0,8487
Wendelken H.,1469.017132176575,1469.017132176575,1468.3774968117873,1469.017132176575,0,0,2,202.0,44
Wessels L.,1489.304713996472,1489.304713996472,1488.6599271401967,1489.304713996472,0,0,1,347.0,1150
Wessels P.,1499.8101150057673,1499.9179517262323,1500.092765642683,1499.8932493102982,34,7,22,200.0,6882
Westerhof B.,1499.5047588106022,1499.50496301576,1499.5047588106022,1499.5047588106022,0,1,0,236.0,4769
Wheaton D.,1499.98900023496,1499.9890006781598,1499.9914449545,1499.9890006781598,2,0,2,343.0,9495
Whitehouse W.,1499.9771414726847,1499.9573053620586,1499.9572487622465,1499.9573053620586,6,0,3,373.0,6953
Whittington A.,1499.042315681714,1498.3670446781264,1498.3304178459496,1498.3670446781264,4,0,1,210.0,3328
Widom T.,1500.0832689169467,1500.0837634936247,1500.0837634936247,1500.0837634936247,10,0,0,232.0,6360
Willems R.,1500.0000001317774,1500.0000001024935,1500.0000001317774,1500.0000001317774,0,2,0,224.0,9621
Williams R.,1494.831101393913,1496.7160677376469,1495.1749059983283,1494.067975532546,16,6,2,220.0,4237
Willis M.,1500.4242191890355,1500.4242191890355,1500.3465681449197,1500.4242191890355,0,0,2,772.0,3697
Willman D.,1499.9910101163,1499.9910101894136,1499.9910101894136,1499.9910101894136,1,0,0,362.0,8984
Wilson B.,1499.876715576823,1499.8657480997804,1499.8787607817856,1499.8657480997804,4,0,1,249.0,7121
Wiltschnig H.,1499.9837401015916,1499.9837405018316,1499.9837401015916,1499.9837401015916,0,4,0,342.0,8788
Winter E.,1502.7513687643777,1502.846715854934,1502.846715854934,1502.846715854934,2,0,0,391.0,14
Witt A.,1499.9947836387926,1499.9947836387926,1499.994783674711,1499.9947836387926,0,0,1,498.0,9558
Witten J.,1499.6493734184446,1499.5393487409901,1499.511648181341,1499.4658091860056,7,2,1,186.0,5897
Wolf J.J.,1453.4851597986762,1475.795239256116,1479.2003735367912,1456.732936150768,75,16,6,143.0,744
Wolmarans F.,1499.8508951910521,1499.8507088209221,1499.8507088209221,1499.8507088209221,3,0,0,261.0,5670
Wong C.,1548.081829212555,1513.1702452002612,1530.8544192277445,1537.303966683623,26,3,1,108.0,12
Woodbridge T.,1499.9728899411962,1499.982418717493,1499.9923815433049,1499.9773955131238,11,2,7,217.0,9089
Woodforde M.,1499.9862953082152,1499.9862952723638,1499.9862952723638,1499.9862952723638,9,0,0,126.0,9663
Woodruff C.,1499.9675695370677,1499.9472124896624,1499.953352288313,1499.9242129919542,51,10,6,156.0,8928
Wu D.,1486.1917581439848,1486.8903714273165,1486.8903714273165,1486.8903714273165,24,0,0,339.0,2513
Wu T.L.,1479.9664259844558,1480.9335567081444,1480.9335567081444,1480.9335567081444,5,0,0,175.0,1252
Wu Y.,1594.3743340946685,1504.9162217081293,1500.7391256552544,1557.122142391797,44,11,7,102.0,45
Xu J.C.,1499.907808897196,1499.9077953692838,1499.9077953692838,1499.9077953692838,1,0,0,594.0,6534
Yang T.H.,1499.118023140653,1499.1193104987233,1499.1193104987233,1499.1193104987233,4,0,0,249.0,5070
Yani M.,1498.6152925970364,1498.6870193145346,1499.0047252286822,1498.3659558311563,9,3,4,238.0,5069
Yevseyev D.,1480.0916443749338,1487.1273757596575,1482.69629791305,1482.69629791305,2,2,0,207.0,693
Yim R.,1499.9687860387903,1499.9687872156333,1499.9687872156333,1499.9687872156333,2,0,0,802.0,8389
Ymer E.,1470.4199163047936,1423.1009471015673,1439.2108088588643,1425.289758776925,48,43,4,184.0,66
Ymer M.,1496.6945966421827,1477.3171305773421,1500.767802768222,1498.9450145391352,86,30,13,617.0,303
Yoon Y.,1499.9936267783207,1499.990182918613,1499.9904768179651,1499.990182918613,6,0,1,185.0,9082
Young D.,1471.866227852749,1481.461659281924,1489.423036280692,1461.7705344217034,232,31,36,327.0,2042
Youzhny A.,1499.9493830479496,1499.949423771694,1499.949423771694,1499.949423771694,4,0,0,18.0,6875
Youzhny M.,1490.6200170971404,1481.1773199478264,1490.078922119067,1468.3800755168288,433,238,103,110.0,2884
Youzhny M. ,1500.2712740161787,1500.2712740161787,1500.2712740161787,1500.2712740161787,4,0,0,23.0,6122
Yu X.Y.,1499.890038860668,1499.890012680092,1499.890012680092,1499.890012680092,2,0,0,515.0,6912
Yuksel A.,1498.3868904628828,1498.389871574586,1498.389871574586,1498.389871574586,1,0,0,507.0,3510
Zabaleta M.,1499.5805749903107,1500.3956512376808,1499.8676401415673,1499.8419639605247,100,180,4,118.0,6772
Zahraj P.,1482.9100642032147,1482.9291375226649,1482.9100642032147,1482.9100642032147,0,1,0,283.0,393
Zampieri C.,1499.894220814706,1499.894670396679,1499.894220814706,1499.894220814706,0,3,0,316.0,5670
Zapata Miralles B.,1354.3722308634813,1482.1690184426407,1401.845485957378,1374.2028474651613,30,54,6,144.0,888
Zayed M. S.,1499.6119073815012,1499.6124281603786,1499.6124281603786,1499.6124281603786,1,0,0,1855.0,4972
Zayid M. S.,1498.864028998231,1498.8649247782514,1498.8649247782514,1498.8649247782514,1,0,0,1512.0,3874
Zayid M.S.,1498.4037555513792,1498.4046210886168,1498.4046210886168,1498.4046210886168,1,0,0,1277.0,3509
Zeballos H.,1487.3677139251859,1493.707699817272,1487.5872473853424,1481.4512805137279,79,117,13,149.0,2914
Zeballos H. ,1499.8645969666293,1499.8645969666293,1499.8645969666293,1499.8645969666293,1,0,0,42.0,6126
Zekic M.,1498.0780542433758,1498.1026690876718,1498.0780542433758,1498.0780542433758,0,3,0,316.0,3298
Zemlja G.,1498.395812955328,1498.149907896007,1499.0896025020477,1497.3598961152672,32,14,13,151.0,3682
Zeng S.X.,1499.865355822979,1499.865591428469,1499.865591428469,1499.865591428469,6,0,0,393.0,6147
Zeppieri G.,1425.7748368317964,1430.3573553158956,1413.3831325440817,1403.5943659898796,10,16,1,160.0,303
Zhang Y.,1499.9941213341904,1499.9941213348636,1499.9941213348636,1499.9941213348636,1,0,0,1001.0,9432
Zhang Z.,1496.4355627248603,1496.4762128487564,1497.2592573520067,1496.4762128487564,13,0,2,187.0,4223
Zhang Ze,1485.4576990799562,1485.5351684373836,1485.5351684373836,1485.5351684373836,11,0,0,216.0,2865
Zhang Ze.,1492.508065947481,1492.5803169495703,1492.5803169495703,1492.5803169495703,2,0,0,179.0,2502
Zhang Zh.,1429.6165170529591,1506.888110928067,1504.4348534166822,1463.1886902438441,72,38,17,214.0,62
Zheng M.,1488.2233755765988,1495.328738568007,1503.6807480649752,1496.4819343872875,6,1,3,113.0,9
Zhou Y.,1438.9479907027708,1444.459092780409,1444.459092780409,1444.459092780409,8,0,0,308.0,315
Zhu B.Q.,1499.9550502859195,1499.95503837038,1499.95503837038,1499.95503837038,5,0,0,646.0,7987
Zhukayev B.,1448.4497243313433,1445.8277162608167,1450.6013591172386,1445.8277162608167,9,0,1,237.0,302
Ziadi M.,1498.9680975497402,1498.9695075908405,1498.9680975497402,1498.9680975497402,0,4,0,757.0,4875
Zib T.,1499.2388092650192,1499.4305293474342,1499.5410907414664,1498.6518774229744,57,45,16,292.0,6561
Zimonjic N.,1499.8680124542939,1499.8581288863488,1499.887634332282,1499.8234655475273,3,5,4,520.0,7044
Zitko R.,1499.9650636003353,1499.9622684509181,1499.961243398658,1499.961243398658,1,1,0,487.0,7695
Zlatanovic A.,1499.886070360109,1499.886076781855,1499.886070360109,1499.886070360109,0,1,0,1421.0,6309
Zopp J.,1491.1265427935828,1497.115896611811,1492.5351132496958,1489.974945413089,18,22,3,133.0,2857
Zovko L.,1499.9069030977832,1499.8939264543724,1499.8695330024752,1499.8695330024752,3,2,0,769.0,6399
Zuk K.,1478.6421241417647,1478.3872071209998,1476.4914232077,1476.4914232077,2,1,0,172.0,1654
Zverev A.,1847.3842811519419,1862.3963681117475,1723.9310581185914,1934.5701642494118,405,242,78,3.0,8
Zverev A. ,1499.8762860455922,1499.8762860455922,1499.8762860455922,1499.8762860455922,4,0,0,7.0,2462
Zverev M.,1462.0884078019637,1470.9909253284213,1500.4808718309212,1453.794027080803,172,77,56,280.0,1968
de Chaunac S.,1499.6741854450104,1499.7067820848083,1499.5566776661863,1499.5566776661863,15,4,0,312.0,6743
de Voest R.,1499.733595999031,1499.6900736486355,1499.7942864326224,1499.6900736486355,20,0,5,135.0,6724
di Mauro A.,1499.4236164034787,1499.2703496910387,1499.3924761369121,1499.1502888808109,4,42,3,135.0,7016
di Pasquale A.,1499.8721695772522,1499.7978901012625,1499.7762579538364,1499.7123316549325,26,54,2,228.0,7989
van Gemerden M.,1499.930393986329,1499.9209400912719,1499.9312234512142,1499.9115830513115,3,4,2,106.0,7350
van Lottum J.,1499.7653220040106,1499.8748965201075,1499.8580603153546,1499.6926284938286,29,21,10,493.0,7471
van Scheppingen D.,1499.8321735815625,1499.8672129974912,1499.8463545457698,1499.7365604221204,20,15,8,278.0,7112
van der Meer N.,1499.9785229174165,1499.9785245766227,1499.9785229174165,1499.9785229174165,0,1,0,620.0,8067
